{
  "url": "https://www.reddit.com/r/bangladesh/comments/1p04tow/union_bank_incurs_record_loss_of_tk25794cr_in_2024/",
  "hash": "6ec508b5af8a1e83012ff4261fafcc79",
  "scraped_at": "2025-12-08T14:59:05.730410",
  "title": "Union Bank incurs record loss of Tk25,794cr in 2024",
  "description": null,
  "votes": "5",
  "comments": [
    {
      "text": "",
      "votes": "1",
      "replies": []
    },
    {
      "text": "Read more: https://www.tbsnews.net/economy/stocks/union-bank-incurs-tk25794cr-record-loss-2024-1288591",
      "votes": "2",
      "replies": []
    },
    {
      "text": "That's why its being merged. Though it should have been liquidated, but Bangladeshi culture doesn't have it.",
      "votes": "1",
      "replies": []
    }
  ],
  "id": 10
}