{
  "url": "https://www.reddit.com/r/bangladesh/comments/1lzpbxm/taka_gains_against_dollar_after_several_years_the/",
  "hash": "9c45b158f2d60b95fb922df707628aa8",
  "scraped_at": "2025-12-08T15:23:30.390647",
  "title": "Taka gains against dollar after several years | The Daily Star",
  "description": null,
  "votes": "16",
  "comments": [
    {
      "text": "USD devaluated worldwide",
      "votes": "9",
      "replies": []
    },
    {
      "text": "$ has been depreciating for few months about 10% hahahah",
      "votes": "4",
      "replies": []
    },
    {
      "text": "We also stopped importing machineries.",
      "votes": "2",
      "replies": []
    }
  ],
  "id": 100
}