{
  "url": "https://www.reddit.com/r/bangladesh/comments/1luuzx7/handson_with_new_1000_bdt_bills/",
  "hash": "a071aa0b561da0603a9c4fe30bf27ccf",
  "scraped_at": "2025-12-08T15:23:46.886574",
  "title": "Hands-on with new 1000 BDT bills",
  "description": "This note feels light and cheap, and also looks smaller than old 1000 taka note. It doesn't have any specialties or cool designs, apart from removal of Bangabandhu's face.",
  "votes": "34",
  "comments": [
    {
      "text": "The tiger looks goofy af.",
      "votes": "3",
      "replies": []
    },
    {
      "text": "Monopoly money ahh",
      "votes": "3",
      "replies": [
        {
          "text": "at least the number looks shiny!",
          "votes": "2",
          "replies": []
        }
      ]
    },
    {
      "text": "",
      "votes": "3",
      "replies": []
    },
    {
      "text": "You got me at no bongoboltu 🫠",
      "votes": "2",
      "replies": [
        {
          "text": "And that's cancels out the negatives? No wonder Hasina ruled this country for 15 years.",
          "votes": "0",
          "replies": [
            {
              "text": "Sybau",
              "votes": "0",
              "replies": []
            }
          ]
        }
      ]
    },
    {
      "text": "",
      "votes": "1",
      "replies": []
    },
    {
      "text": "Also, I'm sorry if the flair is wrong",
      "votes": "1",
      "replies": []
    },
    {
      "text": "Can't wait to have my hands-on!",
      "votes": "1",
      "replies": []
    },
    {
      "text": "Should've kept the previous design unchanged in addition to removing mujib's face. If you can't make something better, don't make it worse",
      "votes": "1",
      "replies": []
    }
  ],
  "id": 101
}