{
  "url": "https://www.reddit.com/r/bangladesh/comments/1lr014y/why_are_card_payments_still_discouraged_at_bcs/",
  "hash": "0f40f770dcf187410ccda294b0fdf385",
  "scraped_at": "2025-12-08T15:24:53.279369",
  "title": "Why Are Card Payments Still Discouraged at BCS Computer City?",
  "description": "I recently bought something from BCS Computer City and noticed that almost every shop discouraged card payments. In fact, I had to pay an extra 3% just to use my card.\nIf the NPSB (National Payment Switch Bangladesh) only charges 10–15 BDT per transaction, why doesn’t Bangladesh Bank integrate that system with POS machines directly? That way, instead of shops passing on a 3% surcharge, customers could just pay a flat fee—like 10 BDT—which is far more reasonable.\nIndia, for example, has zero transaction fee.",
  "votes": "7",
  "comments": [
    {
      "text": "To avoid paying taxes",
      "votes": "10",
      "replies": [
        {
          "text": "there needs to be a serious audit of their books for this.",
          "votes": "4",
          "replies": []
        }
      ]
    },
    {
      "text": "As far as I know, the credit card companies charge this fee. Most shops absorb this extra fee as it means more sales. But some do not.",
      "votes": "1",
      "replies": []
    },
    {
      "text": "really?",
      "votes": "1",
      "replies": [
        {
          "text": "yes. you need to pay 1.03% to use card",
          "votes": "1",
          "replies": []
        }
      ]
    },
    {
      "text": "Doesn't card companies like visa, mastercard & american express charge fee per transaction from the seller?",
      "votes": "1",
      "replies": []
    },
    {
      "text": "India's government policy promotes cashless transactions by subsidising or encouraging merchants to absorb the fees, unlike ours",
      "votes": "1",
      "replies": []
    },
    {
      "text": "Don't wanna pay tax on both paryt, simple",
      "votes": "1",
      "replies": []
    }
  ],
  "id": 105
}