{
  "url": "https://www.reddit.com/r/bangladesh/comments/1lorqz3/cryptocurrency_in_bangladesh/",
  "hash": "99baaa8d509df93f47f7910116e0fc95",
  "scraped_at": "2025-12-08T15:25:10.217656",
  "title": "Cryptocurrency in Bangladesh",
  "description": "I’m very new to this area and I still don’t know much but I wanted to ask if cryptocurrency is legal and can be done in bd? How can someone earn money by it? And who to consult before investing?",
  "votes": "5",
  "comments": [
    {
      "text": "Cryptocurrency is illegal in Bangladesh.",
      "votes": "5",
      "replies": []
    },
    {
      "text": "Your post has been automatically put into the moderation queue for review, due to not meeting one (or more) of the subreddit rules. You can message the moderators and share the link to your post (mandatory) if you do not receive a response within a day or two.\nRule(s): Your account should have at least 5 karma points in order to submit a post.\nI am a bot, and this action was performed automatically. Please contact the moderators of this subreddit if you have any questions or concerns.",
      "votes": "1",
      "replies": []
    }
  ],
  "id": 106
}