{
  "url": "https://www.reddit.com/r/bangladesh/comments/1lh1jst/looking_for_team_local_contacts/",
  "hash": "42c1c2c9e1daa2b80f5cb17c206dfdc8",
  "scraped_at": "2025-12-08T15:25:25.345222",
  "title": "Looking for Team & Local Contacts!",
  "description": "Hey! I’m working on a nonprofit called, focused on empowering women entrepreneurs in Bangladesh. It’s still in the early stages — right now I’m building a small team and planning our first pilot. Would you be open to chatting or learning more?",
  "votes": "3",
  "comments": [
    {
      "text": "Your post has been automatically put into the moderation queue for review, due to not meeting one (or more) of the subreddit rules. You can message the moderators and share the link to your post (mandatory) if you do not receive a response within a day or two.\nRule(s): Your account should have at least 5 karma points in order to submit a post.\nI am a bot, and this action was performed automatically. Please contact the moderators of this subreddit if you have any questions or concerns.",
      "votes": "1",
      "replies": []
    }
  ],
  "id": 107
}