{
  "url": "https://www.reddit.com/r/bangladesh/comments/1ledph9/beximco_defaults_on_33m_in_germany_deshbandhu/",
  "hash": "7078e406038fb5da48ed2fb96ed47b74",
  "scraped_at": "2025-12-08T15:25:40.990228",
  "title": "Beximco defaults on €33m in Germany, Deshbandhu owes Czech bank €4m | The Business Standard",
  "description": null,
  "votes": "21",
  "comments": [
    {
      "text": "The beximco scumbags are ppl i know",
      "votes": "3",
      "replies": [
        {
          "text": "Currupt to the bone",
          "votes": "3",
          "replies": []
        }
      ]
    },
    {
      "text": "These people destroyed the country more then business they were busy looting banks",
      "votes": "8",
      "replies": [
        {
          "text": "They would have paid it back if this Jammat regime didn’t destroy this businesses in their quest for revenge and power",
          "votes": "2",
          "replies": [
            {
              "text": "In awami regime, they took every thing in nababganj. My uncle home was destroyed because one of the employee want to build a farm house. Fuck your thought",
              "votes": "6",
              "replies": []
            },
            {
              "text": "Beximco has been scamming and defaulting since it was founded, even when BAL was in power. Under BAL they were able to use political influence for bailouts and rescheduling bad loans.",
              "votes": "1",
              "replies": []
            }
          ]
        }
      ]
    }
  ],
  "id": 108
}