{
  "url": "https://www.reddit.com/r/bangladesh/comments/1la8twf/bangladesh_tops_south_asia_in_global_gender_gap/",
  "hash": "544440be7500397ad91b8c4d5b78aebb",
  "scraped_at": "2025-12-08T15:25:57.590157",
  "title": "Bangladesh tops South Asia in Global Gender Gap Report 2025",
  "description": "We are ranked 24 out of 148 countries",
  "votes": "15",
  "comments": [
    {
      "text": "Great news. Though the title made it sound the opposite ngl lmao.",
      "votes": "4",
      "replies": []
    },
    {
      "text": "",
      "votes": "1",
      "replies": []
    }
  ],
  "id": 109
}