{
  "url": "https://www.reddit.com/r/bangladesh/comments/1l3tb04/npsb_serves_is_off/",
  "hash": "0eecbbd6a4ec44d7c8fb738f409d4b08",
  "scraped_at": "2025-12-08T15:26:13.035960",
  "title": "NPSB serves is off",
  "description": "With NPSB services down, is Bangladesh ready for a 10-day holiday — or does it expose weaknesses in our system readiness?",
  "votes": "7",
  "comments": [
    {
      "text": "Is this why I couldn't use ATM? I did work later btw.",
      "votes": "2",
      "replies": []
    },
    {
      "text": "I tried yesterday, but it probably didn’t work. The network issue started on Jun 3.",
      "votes": "1",
      "replies": []
    }
  ],
  "id": 110
}