{
  "url": "https://www.reddit.com/r/bangladesh/comments/1l1n9pb/%E0%A6%97%E0%A6%A4%E0%A6%AC%E0%A6%9B%E0%A6%B0%E0%A6%B0_%E0%A6%95%E0%A6%B0%E0%A6%AC%E0%A6%A8%E0%A6%B0_%E0%A6%A4%E0%A6%B2%E0%A6%A8%E0%A7%9F_%E0%A6%95%E0%A6%AE%E0%A6%9B_%E0%A6%85%E0%A6%A7%E0%A6%95%E0%A6%B6_%E0%A6%AE%E0%A6%B8%E0%A6%B2%E0%A6%B0_%E0%A6%A6%E0%A6%AE/",
  "hash": "4d6f8541b29a53d47c637be040bcb058",
  "scraped_at": "2025-12-08T15:27:03.143797",
  "title": "গতবছরের কোরবানির তুলনায় কমেছে অধিকাংশ মসলার দাম",
  "description": null,
  "votes": "13",
  "comments": [
    {
      "text": "",
      "votes": "1",
      "replies": []
    },
    {
      "text": "The reddit community is not going to like this post.",
      "votes": "4",
      "replies": [
        {
          "text": "Idealists of Bimpi everywhere, bro.",
          "votes": "1",
          "replies": []
        }
      ]
    },
    {
      "text": "আপা আবার একটা কবিতা পাঠ করবে \"কিন্তু বাজারে… মসলার দাম তো কম!\"",
      "votes": "3",
      "replies": []
    },
    {
      "text": "",
      "votes": "1",
      "replies": []
    }
  ],
  "id": 113
}