{
  "url": "https://www.reddit.com/r/bangladesh/comments/1l1e6vb/%E0%A6%AC%E0%A6%9C%E0%A6%9F_%E0%A6%A6%E0%A6%AE_%E0%A6%AC%E0%A7%9C%E0%A6%A4%E0%A6%95%E0%A6%AE%E0%A6%A4_%E0%A6%AA%E0%A6%B0_%E0%A6%AF%E0%A6%B8%E0%A6%AC_%E0%A6%AA%E0%A6%A3%E0%A6%AF%E0%A6%B0/",
  "hash": "ddc47d0214552335a45aecc18f6944e4",
  "scraped_at": "2025-12-08T15:27:19.293880",
  "title": "বাজেটে দাম বাড়তে-কমতে পারে যেসব পণ্যের",
  "description": null,
  "votes": "59",
  "comments": [
    {
      "text": "",
      "votes": "1",
      "replies": []
    },
    {
      "text": "Cigg er daam aro 50% barano uchit, actually supporting this, Amar friend er reaction dekhte Moja hobe",
      "votes": "29",
      "replies": [
        {
          "text": null,
          "votes": "1",
          "replies": []
        }
      ]
    },
    {
      "text": "I'm okay with this but online marketing wasn't necessary I think",
      "votes": "8",
      "replies": [
        {
          "text": "That could bring a big chunk of tax money. American tax rules follow korse onek 🤦",
          "votes": "4",
          "replies": []
        }
      ]
    },
    {
      "text": "বিড়ির দাম বাড়লেই তো ভালো",
      "votes": "5",
      "replies": []
    },
    {
      "text": "Basically the rich has to pay more and the poor is going to pay less I mean this is a win",
      "votes": "4",
      "replies": []
    },
    {
      "text": "Why are they targetting local made products? Any justification for this?\nThis is going to destroy our already devastated economy.",
      "votes": "4",
      "replies": []
    },
    {
      "text": "বিড়ির দাম বড়লে কি হবে সেল তো কমে না",
      "votes": "3",
      "replies": []
    },
    {
      "text": "Marlboro 20 thekey ekhon 22 hobey. 😐",
      "votes": "6",
      "replies": [
        {
          "text": "ভালোই হবে😂",
          "votes": "9",
          "replies": []
        }
      ]
    },
    {
      "text": "https://www.facebook.com/share/1CE13DXrQ1/",
      "votes": "2",
      "replies": []
    },
    {
      "text": "https://www.facebook.com/share/18rD6tVuqL/",
      "votes": "1",
      "replies": []
    },
    {
      "text": "monitor? u mean those shitty walton monitors?",
      "votes": "0",
      "replies": [
        {
          "text": "Walton monitors are pretty good actually. Much better color accuracy compared to Chinese competitors at that price range. (I'm not a Walton user)",
          "votes": "1",
          "replies": []
        }
      ]
    },
    {
      "text": "Is this government encouraging us to disregard modern hygiene practices, like poopjeets?",
      "votes": "0",
      "replies": []
    },
    {
      "text": "",
      "votes": "-6",
      "replies": [
        {
          "text": "আমি সিগারেটের দাম বাড়াতাম আরেকটু।",
          "votes": "10",
          "replies": []
        }
      ]
    },
    {
      "text": "দেশে তৈরি ইলেকট্রনিক পণ্যের দাম বাড়বে, বাহ ভালোই তো, বেশি দাম দিয়ে বাজে ফিটিংয়ের জিনিস কিনবো",
      "votes": "1",
      "replies": [
        {
          "text": "Beahir vag gula foreign company banai so it's actually better for tax collection",
          "votes": "2",
          "replies": []
        }
      ]
    },
    {
      "text": null,
      "votes": "1",
      "replies": []
    },
    {
      "text": "What's the point behind increasing price of locally made products?",
      "votes": "1",
      "replies": []
    },
    {
      "text": "Jegula dam kombe bolse, ogula komlei hoi.",
      "votes": "1",
      "replies": []
    },
    {
      "text": "Goodnews to all the ice cream lovers",
      "votes": "1",
      "replies": []
    },
    {
      "text": "Just a question can an interim government even pass a bill doesn't it require a vote from parliament or smth, dk have much idea about these stuff",
      "votes": "1",
      "replies": []
    }
  ],
  "id": 114
}