{
  "url": "https://www.reddit.com/r/bangladesh/comments/1kumc7n/adani_finally_agrees_to_sit_over_power_purchase/",
  "hash": "ab8c7d8a98be05643684a205003799ec",
  "scraped_at": "2025-12-08T15:28:31.012119",
  "title": "Adani finally agrees to sit over power purchase disputes",
  "description": "Source: https://www.tbsnews.net/bangladesh/energy/adani-finally-agrees-sit-over-power-purchase-disputes-1150881",
  "votes": "10",
  "comments": [
    {
      "text": "",
      "votes": "1",
      "replies": []
    },
    {
      "text": "That's good.\nI don't know how much leverage govt has to get a better deal. Will the fact that Adani has been caught in US for breaking laws be useful. I know that some African countries like Kenya are also looking to sue Adani for some bad business deal.",
      "votes": "2",
      "replies": []
    }
  ],
  "id": 118
}