{
  "url": "https://www.reddit.com/r/bangladesh/comments/1kufhkr/new_notes_will_not_contain_any_human_portraits/",
  "hash": "c86ed4f31b649e1ecfd94c2c43a13443",
  "scraped_at": "2025-12-08T15:28:47.827338",
  "title": "New notes will not contain any human portraits",
  "description": "https://www.dhakatribune.com/bangladesh/382117/governor-bb-to-release-new-banknotes-before-eid\nBB said \"\"New Tk1,000, Tk50, and Tk20 banknotes will be released into circulation before Eid-ul-Azha. The notes will not feature any human portraits but will instead showcase natural landscapes and traditional landmarks of Bangladesh",
  "votes": "9",
  "comments": [],
  "id": 119
}