{
  "url": "https://www.reddit.com/r/bangladesh/comments/1kqe2ua/how_is_the_economy_doing/",
  "hash": "508453c320680414cced77e09a1bc875",
  "scraped_at": "2025-12-08T15:29:20.488678",
  "title": "How is the economy doing?",
  "description": null,
  "votes": "5",
  "comments": [
    {
      "text": "Hmm, a somewhat reasonable article that highlights BD economy landing gently after mass destruction from previous regime.\nAnd look at that it's all quite in the eastern front. No more haters spewing garbage here.",
      "votes": "1",
      "replies": []
    },
    {
      "text": "Fair and nuanced qualitative and quantitative assessment by a professional.\nI just hope Bangladesh reforms and fixes its institutions and better educates its future workers. So we can attract more FDI",
      "votes": "1",
      "replies": []
    }
  ],
  "id": 121
}