{
  "url": "https://www.reddit.com/r/bangladesh/comments/1kpt9pg/unemployment_rate_hits_historic_high_rises_to_463/",
  "hash": "409a86f7fce0ba6003d026973dee701f",
  "scraped_at": "2025-12-08T15:29:36.094274",
  "title": "Unemployment rate hits historic high, rises to 4.63% as 27.4 lakh now jobless",
  "description": null,
  "votes": "13",
  "comments": [
    {
      "text": "Le Bida chairman....biniyoge desh vese jacche!!!",
      "votes": "7",
      "replies": [
        {
          "text": "Vese vese bongopo sagore porche.",
          "votes": "6",
          "replies": []
        },
        {
          "text": "So many people falling for these marketing gimmicks and it makes my blood boil",
          "votes": "2",
          "replies": []
        }
      ]
    },
    {
      "text": "Unemployment in Bangladesh is only 4.63%? This is unbelievable. I am sure there is a huge amount of underemployment, unreported willing to work and statistically errors. It has always been like that I feel",
      "votes": "6",
      "replies": [
        {
          "text": "It's increase rate...Last 9 months, it jumps by around 0.5% which is highest in recent years.",
          "votes": "2",
          "replies": []
        },
        {
          "text": "This is not perfect. If someone worked for an hour in a week, it is not unemployed according to their definition.",
          "votes": "2",
          "replies": []
        }
      ]
    },
    {
      "text": "প্রেস সচিব কেরানী শফিক on the other hand, “দেশে জবের বন‍্যা বয়ে যাবে”",
      "votes": "3",
      "replies": []
    },
    {
      "text": "Of course, it did! Higher interest rates translates to lower business activity leading to lay offs. This government was brought in to tackle that double-digit sticky inflation plaguing us since 2022. Which they have with gradual success.",
      "votes": "1",
      "replies": []
    }
  ],
  "id": 122
}