{
  "url": "https://www.reddit.com/r/bangladesh/comments/1kma704/will_the_dollar_rate_increase_if_rate_flexibility/",
  "hash": "732754ec26f3fd4a637b5a1491e4d3ba",
  "scraped_at": "2025-12-08T15:30:27.297166",
  "title": "Will the dollar rate increase if rate flexibility is resolved?",
  "description": "I'm not good at banking guys. But IMF has been pressuring the government to have flexible dollar rate in exchange of loans. Will this make dollar rate from 120 to 150?",
  "votes": "4",
  "comments": [
    {
      "text": "Due to pressure from the IMF, if the BD government is moving towards a flexible rate, it may lead to a depreciation of the taka and an appreciation of the dollar rate. As flexible exchange rate depends on market forces, it can help increase export competitiveness. However, there is a risk of increased inflation. But I think , this risk can be easily mitigated by prudent policies. However leaping from BDT 120 to 150 is improbable.",
      "votes": "4",
      "replies": []
    },
    {
      "text": "Yes, it will increase, but the banks and money exchanges could give you as much dollars as you need",
      "votes": "3",
      "replies": []
    },
    {
      "text": "I think govt has agreed to increase the peg from 2.5% to 4% to confirm the next tranche! This would allow dollar to be a little bit higher like 124-125 but I don't see any further devaluation against dollar in near future since reserve is increasing.",
      "votes": "1",
      "replies": []
    }
  ],
  "id": 125
}