{
  "url": "https://www.reddit.com/r/bangladesh/comments/1kh2v6f/dhaka_stocks_sink_to_lowest_in_four_years/",
  "hash": "517af52fafe7f75127d10142f89780cf",
  "scraped_at": "2025-12-08T15:30:43.305189",
  "title": "Dhaka stocks sink to lowest in four years",
  "description": "Previous title: Indo-Pak tensions: DSEX drops 149 points to near 5-year low",
  "votes": "20",
  "comments": [
    {
      "text": "After seeing FB, people have no idea how war fucks the entire region. Sitting in AC, eating their parents' money, none have any idea that we will be the worst sufferers. Hope the war ends.",
      "votes": "24",
      "replies": []
    },
    {
      "text": "They don't show this in BD mainstream media 💀",
      "votes": "9",
      "replies": []
    },
    {
      "text": "So... Does this mean it's the perfect time to invest?!",
      "votes": "3",
      "replies": [
        {
          "text": "Sadly DSE sucks for investment.",
          "votes": "7",
          "replies": []
        }
      ]
    },
    {
      "text": "*wipes tears with gold foils.*",
      "votes": "3",
      "replies": []
    },
    {
      "text": "Stocks were traded based on scams, rumors, and insider trading to enable directors and manipulators to steal money from the public.\nStocks suck because our companies suck. Very few publicly traded companies in Bangladesh have the foundation and fundamentals. If local investors actually researched the companies, they would not invest 1 taka.",
      "votes": "2",
      "replies": []
    }
  ],
  "id": 126
}