{
  "url": "https://www.reddit.com/r/bangladesh/comments/1keiy9a/green_shift_worries_rmg_workers_as_businesses/",
  "hash": "1cec1e466640fd499825812e8be73ea2",
  "scraped_at": "2025-12-08T15:31:29.644284",
  "title": "Green shift worries RMG workers as businesses grow wary of new costs",
  "description": "\"Ferdous Ara Begum, CEO of Business Initiative Leading Development (BUILD), said, \"There's a clear demand from buyers-at least 20 per cent of energy from renewable sources-but local factories are struggling to meet it under the current financial and policy constraints.\"\nMy take: RMG Industry should directly enter into Power Purchase Agreemnets with Solar and Wind Power Plants to meet this goal. It should be possible now that BPDB is no longer a monopoly.",
  "votes": "7",
  "comments": [
    {
      "text": "How will they sign 15-year contract and do they have the money to pay for the capacity and fuel costs? NO supplier will agree without govt guarantees.\nAlso: not a single response to solar tenders from Yunus last December/January.    Why? From March 1: “𝘁𝗲𝗻𝗱𝗲𝗿 𝗰𝗼𝗻𝗱𝗶𝘁𝗶𝗼𝗻𝘀 𝗮𝗹𝗹𝗼𝘄 𝗳𝗼𝗿 𝗽𝗮𝘆𝗺𝗲𝗻𝘁 𝗱𝗲𝗹𝗮𝘆 𝗼𝗿 𝗱𝗲𝗳𝗮𝘂𝗹𝘁𝘀 𝗮𝗹𝗼𝗻𝗴𝘀𝗶𝗱𝗲 𝗽𝗼𝘄𝗲𝗿 𝗽𝘂𝗿𝗰𝗵𝗮𝘀𝗲 𝗰𝗼𝗻𝘁𝗿𝗮𝗰𝘁 𝗰𝗮𝗻𝗰𝗲𝗹𝗹𝗮𝘁𝗶𝗼𝗻 𝘄𝗶𝘁𝗵𝗼𝘂𝘁 𝗲𝗻𝗼𝘂𝗴𝗵 𝗰𝗼𝗺𝗽𝗲𝗻𝘀𝗮𝘁𝗶𝗼𝗻, 𝗲𝘅𝗽𝗲𝗿𝘁𝘀 𝗮𝗻𝗱 𝗶𝗻𝘃𝗲𝘀𝘁𝗼𝗿𝘀 𝘀𝗮𝗶𝗱 𝗼𝗻 𝗦𝗮𝘁𝘂𝗿𝗱𝗮𝘆. 𝗧𝗵𝗲 𝗻𝗲𝘄 𝗽𝗹𝗮𝗻 𝗮𝗹𝘀𝗼 𝗶𝗻𝗰𝗹𝘂𝗱𝗲𝘀 𝗮 𝗰𝗹𝗮𝘂𝘀𝗲 𝗮𝗹𝗹𝗼𝘄𝗶𝗻𝗴 𝘁𝗵𝗲 𝗕𝗣𝗗𝗕 𝘁𝗼 𝘁𝗲𝗿𝗺𝗶𝗻𝗮𝘁𝗲 𝘁𝗵𝗲 𝟭𝟱-𝘆𝗲𝗮𝗿 𝗽𝗼𝘄𝗲𝗿 𝗽𝘂𝗿𝗰𝗵𝗮𝘀𝗲 𝗰𝗼𝗻𝘁𝗿𝗮𝗰𝘁𝘀 𝘄𝗶𝘁𝗵 𝗷𝘂𝘀𝘁 𝗮 𝟮𝟴-𝗱𝗮𝘆 𝗻𝗼𝘁𝗶𝗰𝗲.\nGood luck getting any bids.  The  false allegations aimed at Adani are coming back to bite Bangladesh.",
      "votes": "1",
      "replies": [
        {
          "text": "Did you read the article? The buyers are pressuring RMG companies to at least use/buy 20 percent of electricity produced from renewables, not fossil fuels. To address this, the RMG companies can directly enter into PPAs with solar power plants and avoid the BPDB from now because of MPP model. Robi is taking advantage of this model and has now decided to build a 100 MWp solar power plant for its own use. The BPDB will not be involved in this project in any way.\nThe Energy Advisor definitely screwed up by cancelling the Letter of Intents for renewable energy projects planned by Hasina. That's one of the reasons the BPDB received no bid for planned solar power plants.",
          "votes": "1",
          "replies": []
        }
      ]
    }
  ],
  "id": 129
}