{
  "url": "https://www.reddit.com/r/bangladesh/comments/1oxtwz9/notice_how_bangladesh_has_no_backward_regions/",
  "hash": "be6d7705840e9b63962943a8e80ebb0c",
  "scraped_at": "2025-12-08T14:59:56.562904",
  "title": "Notice how Bangladesh has no backward regions? (shaded in dark brown)",
  "description": null,
  "votes": "103",
  "comments": [
    {
      "text": "Soon we will catch up to our pakistani beradar mulk. Poverty is increasing with it will take HDI",
      "votes": "7",
      "replies": []
    },
    {
      "text": "Wdym?",
      "votes": "3",
      "replies": [
        {
          "text": "Different scales",
          "votes": "3",
          "replies": []
        }
      ]
    }
  ],
  "id": 13
}