{
  "url": "https://www.reddit.com/r/bangladesh/comments/1kdn1x6/new_banknotes_to_release_within_few_weeks/",
  "hash": "69125d235e2444974b262bdea59081af",
  "scraped_at": "2025-12-08T15:31:45.667076",
  "title": "New banknotes to release within few weeks",
  "description": null,
  "votes": "2",
  "comments": [
    {
      "text": "Ah yes Sher e Bangla AK Fazlul Haque.\nHe was also Awami League.\nJamaat and NCP Bangus just can not catch a break 😂",
      "votes": "1",
      "replies": []
    },
    {
      "text": "Damn .. they shouldn't have changed the color as we're used to which color note is which.",
      "votes": "1",
      "replies": []
    },
    {
      "text": "Lowkey expected a better design",
      "votes": "1",
      "replies": []
    }
  ],
  "id": 130
}