{
  "url": "https://www.reddit.com/r/bangladesh/comments/1kc2jm5/adani_power_acc_investigates_allegations_of_400/",
  "hash": "a88ef653fee1c3a3ae9db102dda82821",
  "scraped_at": "2025-12-08T15:32:01.661392",
  "title": "Adani Power: ACC investigates allegations of $400 million tax evasion, letters sent to power board, NBR",
  "description": "\"The alleged evasion reportedly occurred through tax and duty exemptions granted under a power purchase agreement signed with the ruling Awami League government.\"",
  "votes": "6",
  "comments": [],
  "id": 131
}