{
  "url": "https://www.reddit.com/r/bangladesh/comments/1kc0vc1/%E0%A6%AA%E0%A6%9C%E0%A6%AC%E0%A6%9C%E0%A6%B0_%E0%A6%8F%E0%A6%95_%E0%A6%AE%E0%A6%B8_%E0%A7%A7%E0%A7%AD_%E0%A6%B9%E0%A6%9C%E0%A6%B0_%E0%A6%95%E0%A6%9F_%E0%A6%9F%E0%A6%95_%E0%A6%B9%E0%A6%93%E0%A7%9F/",
  "hash": "9ae5469a384c5a0843c39c3d5fd4ca92",
  "scraped_at": "2025-12-08T15:32:16.715824",
  "title": "পুঁজিবাজারে এক মাসে ১৭ হাজার কোটি টাকা ‘হাওয়া’",
  "description": null,
  "votes": "26",
  "comments": [
    {
      "text": "বেশীরভাগ সাংবাদিকরা সবসময় সরকারী দলের পা চাটে দেখে, অন্য সরকার আসলে এই সরকারের লুটপাটের আরও খবর পাওয়া যাবে।",
      "votes": "6",
      "replies": []
    },
    {
      "text": "In the meanwhile nunusexual",
      "votes": "11",
      "replies": []
    },
    {
      "text": "Aren't they gonna blame BAL or india for that?",
      "votes": "10",
      "replies": []
    },
    {
      "text": "dorbesh did it. Dorbesh borbesh.",
      "votes": "3",
      "replies": [
        {
          "text": "হালাল দরবেশ",
          "votes": "8",
          "replies": []
        }
      ]
    },
    {
      "text": "BAL fluff companies losing value ... idiotic BAL supporter putting money in stocks ... losing ... crying ... BEST",
      "votes": "1",
      "replies": []
    },
    {
      "text": "এটা দিয়ে মনে হচ্ছে লোন পরিশোধ করেছে 😔",
      "votes": "1",
      "replies": []
    }
  ],
  "id": 132
}