{
  "url": "https://www.reddit.com/r/bangladesh/comments/1kb7pid/%E0%A6%AA%E0%A6%B2%E0%A6%B2_%E0%A6%AC%E0%A6%A6%E0%A6%AF%E0%A6%A4_%E0%A6%96%E0%A6%AE%E0%A6%AC_%E0%A6%9A%E0%A6%95%E0%A6%B0/",
  "hash": "75bbbc219daea2ad430382189f20e471",
  "scraped_at": "2025-12-08T15:32:54.310834",
  "title": "পল্লী বিদ্যুতে ‘খাম্বা চক্র’",
  "description": null,
  "votes": "4",
  "comments": [
    {
      "text": "Tareq Rahman is that you?",
      "votes": "1",
      "replies": []
    },
    {
      "text": "BALর আমলে প্রকল্প নেয়ার মূল উদ্দেশ্যই ছিল অর্থ লোপাট!",
      "votes": "1",
      "replies": []
    }
  ],
  "id": 134
}