{
  "url": "https://www.reddit.com/r/bangladesh/comments/1k9pzu8/%E0%A6%B9%E0%A6%87%E0%A6%95%E0%A6%B0%E0%A6%9F_%E0%A6%AA%E0%A6%B0%E0%A6%A4%E0%A6%AC%E0%A6%A6%E0%A6%A8_%E0%A6%A8%E0%A7%9F%E0%A6%AE_%E0%A6%AE%E0%A6%A8%E0%A6%87_%E0%A6%B9%E0%A7%9F%E0%A6%9B%E0%A6%B2_%E0%A6%86%E0%A6%A6%E0%A6%A8%E0%A6%B0_%E0%A6%AC%E0%A6%A6%E0%A6%AF%E0%A7%8E_%E0%A6%9A%E0%A6%95%E0%A6%A4/",
  "hash": "3e635652363737344b1a1bde709983fd",
  "scraped_at": "2025-12-08T15:33:11.808802",
  "title": "হাইকোর্টে প্রতিবেদন: নিয়ম মেনেই হয়েছিল আদানির বিদ্যুৎ চুক্তি",
  "description": null,
  "votes": "7",
  "comments": [
    {
      "text": "কল্লোল মোস্তফা কি বলে?",
      "votes": "1",
      "replies": []
    }
  ],
  "id": 135
}