{
  "url": "https://www.reddit.com/r/bangladesh/comments/1k8cw5f/%E0%A6%87%E0%A6%89%E0%A6%A8%E0%A6%AF%E0%A6%A8_%E0%A6%AC%E0%A6%AF%E0%A6%95%E0%A6%B0_%E0%A6%96%E0%A6%B2%E0%A6%AA_%E0%A6%8B%E0%A6%A3_%E0%A7%AC_%E0%A6%AE%E0%A6%B8_%E0%A7%A9%E0%A7%A6%E0%A7%A6_%E0%A6%97%E0%A6%A8/",
  "hash": "7ba62a22107d495da2cfb81704aab070",
  "scraped_at": "2025-12-08T15:33:46.255734",
  "title": "ইউনিয়ন ব্যাংকের খেলাপি ঋণ ৬ মাসে ৩০০ গুন",
  "description": null,
  "votes": "2",
  "comments": [
    {
      "text": "নুনুস যখন ইচ্ছা কোটি কোটি কোটি টাকা বিদেশ থেকে এনে ফেলছে। এরা কি অল্প কিছু নিয়ে নিউজ করে?\nনুনুস থাকতে আর কোনো ব্যাংকে টাকা থাকবে না। সব নুনুসের দালালদের দিয়ে দেওয়া হোক। এটা এখন খুব দরকার।",
      "votes": "-1",
      "replies": [
        {
          "text": "শুধুমাত্র ব্যাংক লুটপাটের জন্য শেখ হায়েনা ও তার গোষ্ঠীর কয়েক বার ফাঁসি হওয়া জরুরি! খেলাপি ঋণের হিসেব ৩ লক্ষ কোটি টাকা ছাড়িয়ে যাওয়ার আশঙ্কা হচ্ছে!",
          "votes": "1",
          "replies": [
            {
              "text": "আমি মূর্খ। ফ্যাসিস্ট ডাইনী হাসিনার আমলে কোনো দিন ব্যাংক থেকে টাকা তুলতে গিয়ে সমস্যা হয়নি। এখন প্রায়ই দেয় না। ঠিকই আছে — আমাদের নুনুসকে ধরে রাখার জন্য না হয় আমরা টাকা উনাকে আর হারজিতকে দিয়ে দিলাম। ঠিকই আছে!",
              "votes": "0",
              "replies": []
            }
          ]
        }
      ]
    }
  ],
  "id": 137
}