{
  "url": "https://www.reddit.com/r/bangladesh/comments/1k6lq7w/%E0%A6%A6%E0%A6%B6_%E0%A6%AA%E0%A6%B0%E0%A6%A5%E0%A6%AE_%E0%A6%AC%E0%A6%B0%E0%A6%B0_%E0%A6%AE%E0%A6%A4_%E0%A6%AE%E0%A6%A4%E0%A6%AF%E0%A6%AC%E0%A6%B6%E0%A6%B0_%E0%A6%97%E0%A6%A1_%E0%A6%89%E0%A7%8E%E0%A6%AA%E0%A6%A6%E0%A6%A8/",
  "hash": "abb7616405fc2623aafbbea0e5be9f99",
  "scraped_at": "2025-12-08T15:34:21.947461",
  "title": "দেশে প্রথম বারের মত মৃত্যু-বেশির গাড়ি উৎপাদন",
  "description": null,
  "votes": "1",
  "comments": [
    {
      "text": "FYI title is sarcastic. brand name is Mitsubishi",
      "votes": "8",
      "replies": [
        {
          "text": "shotti amra toh jantam ei na :0",
          "votes": "-2",
          "replies": []
        }
      ]
    },
    {
      "text": "We called it Mishti Beshi when we were kids",
      "votes": "3",
      "replies": []
    },
    {
      "text": "When you are too lazy to proofread after voice typing.......",
      "votes": "3",
      "replies": []
    },
    {
      "text": "",
      "votes": "2",
      "replies": [
        {
          "text": "They assembled cars. There’s a difference.",
          "votes": "2",
          "replies": []
        }
      ]
    },
    {
      "text": "Gari te chorley ki mara jabo?",
      "votes": "1",
      "replies": []
    },
    {
      "text": "Man I thought there's another big labour right violation case in BD....",
      "votes": "1",
      "replies": []
    }
  ],
  "id": 139
}