{
  "url": "https://www.reddit.com/r/bangladesh/comments/1ovwhr8/petrobangla_spends_327b_in_7_months_to_meet_lng/",
  "hash": "46c399a2ea9fe7eb470f8c306fc610c0",
  "scraped_at": "2025-12-08T15:00:12.300389",
  "title": "Petrobangla spends $3.27b in 7 months to meet LNG, foreign payment obligations",
  "description": "Highlights:\nPetrobangla spent $3.27B April–October 2025 on energy obligations\nLNG imports consumed 82% of total spending, $2.69B\nSystem loss and subsidies cost $292M, straining finances\nImported LNG costs nearly 9,000 times local gas per unit\nRising LNG dependence threatens Bangladesh's economy, reserves, energy security\nExperts urge domestic exploration, efficiency, and policy reforms urgently",
  "votes": "2",
  "comments": [],
  "id": 14
}