{
  "url": "https://www.reddit.com/r/bangladesh/comments/1k31coq/250_million_monthly_tariff_if_37_us_duty_not/",
  "hash": "9ce34ab3901d5d2601f5f7ee41f3c51e",
  "scraped_at": "2025-12-08T15:34:59.321762",
  "title": "$250 million monthly tariff if 37% US duty not withdrawn, apparel exporters say in note of concern | The Business Standard",
  "description": "Such huge burden could see 1,000 factories shutting down, business leaders say\nThey urge Chief Adviser Muhammad Yunus to continue diplomatic efforts to ensure lasting resolution\nBusinesses fear buyers will pass on tariff burden to suppliers\nUrge government not to give premature commitments to US regarding trade",
  "votes": "3",
  "comments": [],
  "id": 141
}