{
  "url": "https://www.reddit.com/r/bangladesh/comments/1jzotyg/%E0%A6%AC%E0%A6%A6%E0%A6%B6%E0%A6%95_%E0%A6%AE%E0%A6%A6%E0%A6%B0%E0%A6%B0_%E0%A6%AE%E0%A6%9F_%E0%A6%B0%E0%A6%9C%E0%A6%B0%E0%A6%AD_%E0%A7%A8%E0%A7%AC_%E0%A6%AC%E0%A6%B2%E0%A7%9F%E0%A6%A8_%E0%A6%A1%E0%A6%B2%E0%A6%B0_%E0%A6%9B%E0%A7%9C%E0%A7%9F%E0%A6%9B/",
  "hash": "a65ecfb1049a56d57cd94d6b1bbf97d2",
  "scraped_at": "2025-12-08T15:35:16.389707",
  "title": "বৈদেশিক মুদ্রার মোট রিজার্ভ ২৬ বিলিয়ন ডলার ছাড়িয়েছে",
  "description": "বাংলাদেশ ব্যাংকের বৈদেশিক মুদ্রার মোট মজুত বা রিজার্ভ ২৬ বিলিয়ন মার্কিন ডলার ছাড়িয়েছে। রিজার্ভ বেড়ে দাঁড়িয়েছে ২৬ দশমিক ৩৯ বিলিয়ন বা ২ হাজার ৬৩৯ কোটি ডলার। আন্তর্জাতিক মুদ্রা তহবিলের (আইএমএফ) হিসাব পদ্ধতি বিপিএম-৬ অনুযায়ী, রিজার্ভ বেড়ে হয়েছে ২১ দশমিক ১১ বিলিয়ন ডলার বা ২ হাজার ১১১ কোটি ডলার।\n২০২৪ সালের ৩১ জুলাই আওয়ামী লীগ সরকারের শেষ সপ্তাহে মোট রিজার্ভ ছিল ২৫ দশমিক ৯২ বিলিয়ন ডলার। তখন বিপিএম-৬ অনুযায়ী রিজার্ভ ছিল ২০ দশমিক ৪৮ বিলিয়ন ডলার।\nReference: https://www.prothomalo.com/business/bank/eb4ahqtayh",
  "votes": "10",
  "comments": [
    {
      "text": "প্রথমবারের মতো ২৬ ক্রস করে নাই!",
      "votes": "9",
      "replies": [
        {
          "text": "can you explain this?",
          "votes": "1",
          "replies": [
            {
              "text": "Bangladesh Bank publishes summarized accumulation of weekly economic events. You can search \"selected economic indicators\" on Google to find out the full report.",
              "votes": "3",
              "replies": []
            }
          ]
        }
      ]
    },
    {
      "text": "Won't find BAL simps here",
      "votes": "1",
      "replies": []
    }
  ],
  "id": 142
}