{
  "url": "https://www.reddit.com/r/bangladesh/comments/1jzi7kz/bangladesh_singapore_to_finalise_fta_by_end_of/",
  "hash": "9000550da1015f9589f86005b74e7a29",
  "scraped_at": "2025-12-08T15:35:33.105628",
  "title": "Bangladesh, Singapore to finalise FTA by end of next year",
  "description": null,
  "votes": "10",
  "comments": [
    {
      "text": "Why not this year? Is there any issue to hurry up while a non-elected gov is in power?",
      "votes": "4",
      "replies": []
    }
  ],
  "id": 143
}