{
  "url": "https://www.reddit.com/r/bangladesh/comments/1jwk83b/trump_tariffs_do_not_retaliate_and_you_will_be/",
  "hash": "59e5e0eef6c3eb5a2328639bed305b42",
  "scraped_at": "2025-12-08T15:35:48.325523",
  "title": "Trump tariffs: 'Do not retaliate and you will be rewarded,' White House says",
  "description": "So we are good for now. We will now enjoy only 10% tarrif for next 90 to 100 days.",
  "votes": "10",
  "comments": [
    {
      "text": "Alright for now? US buyers have 90 days to shift their orders to countries with lower tariffs.",
      "votes": "2",
      "replies": [
        {
          "text": "On the bright side our seller has 90 days time to sell their goods somehow. Otherwise these factories are going to shut down anyways, and in the meantime they wouldn't give a single penny to workers. These factory owners are mostly fraud, but now at least they have the chance to not to do so.",
          "votes": "0",
          "replies": [
            {
              "text": "The orders are usually made several quarters in advance. So bright side is that whatever is being made now will be paid for. Darker side is that many buyers will shift their orders to countries that have not had as many tariffs placed on them and won't give Bdesh another look any time soon. This is a consequence of not investing in skills training and technology -- shop owners have not been able to look beyond suppressing wages and prices.",
              "votes": "2",
              "replies": []
            }
          ]
        }
      ]
    },
    {
      "text": "",
      "votes": "-6",
      "replies": [
        {
          "text": "Do you really believe that Yunus's letter made a difference here?",
          "votes": "11",
          "replies": []
        }
      ]
    }
  ],
  "id": 144
}