{
  "url": "https://www.reddit.com/r/bangladesh/comments/1jsvcgy/%E0%A6%AE%E0%A6%B0%E0%A6%9A_%E0%A6%B0%E0%A6%95%E0%A6%B0%E0%A6%A1_%E0%A6%B0%E0%A6%AE%E0%A6%9F%E0%A6%AF%E0%A6%A8%E0%A6%B8_%E0%A7%A9%E0%A7%A8%E0%A7%AF_%E0%A6%AC%E0%A6%B2%E0%A6%AF%E0%A6%A8_%E0%A6%A1%E0%A6%B2%E0%A6%B0/",
  "hash": "33168d0d3334011439922a35f6e2fc96",
  "scraped_at": "2025-12-08T15:36:39.566720",
  "title": "মার্চে রেকর্ড রেমিট্যান্স ৩.২৯ বিলিয়ন ডলার",
  "description": null,
  "votes": "2",
  "comments": [
    {
      "text": "Bad news for BAL bots",
      "votes": "2",
      "replies": [
        {
          "text": "And their party people because they can't siphon those money to foreign account among themselves",
          "votes": "0",
          "replies": []
        },
        {
          "text": "They are having tough times 😁",
          "votes": "-1",
          "replies": []
        }
      ]
    }
  ],
  "id": 147
}