{
  "url": "https://www.reddit.com/r/bangladesh/comments/1jq9ape/tariffs_for_bangladesh/",
  "hash": "18eea44fb1221ff5cc86d6c123816dd8",
  "scraped_at": "2025-12-08T15:36:55.140288",
  "title": "Tariffs for Bangladesh",
  "description": "https://ustr.gov/countries-regions/south-central-asia/bangladesh\nCalculation using same method as https://www.reddit.com/r/economy/s/rnjgkmdGqb\nBangladesh: 37% US export to BD: $2.2 billion BD to US: $8.4 billion Ratio : 2.2/8.4 = 0.262 or 26% Not 76%\nBD is going to feel the pain. No more cheap garments at Walmart",
  "votes": "2",
  "comments": [
    {
      "text": "",
      "votes": "1",
      "replies": []
    },
    {
      "text": "This is the stupidest calculation I have ever seen. It will show an optics like oh, see, I am doing so much for American. In hindsight it will increase their products' prices and affect the economy. Other countries will be self sufficient after handling the first blow. They will eventually lost their own market. They have just started an economic war.",
      "votes": "2",
      "replies": []
    },
    {
      "text": "https://www.livewiremarkets.com/wires/liberation-or-rather-retro-day-some-initial-thoughts Link",
      "votes": "1",
      "replies": []
    }
  ],
  "id": 148
}