{
  "url": "https://www.reddit.com/r/bangladesh/comments/1osm2hu/forex_reserves_stays_above_26b_after_161b_acu/",
  "hash": "1c01a04681fe821d7871df993bd365ff",
  "scraped_at": "2025-12-08T15:00:28.355062",
  "title": "Forex reserves stays above $26b after $1.61b ACU payment",
  "description": null,
  "votes": "5",
  "comments": [
    {
      "text": "",
      "votes": "1",
      "replies": []
    },
    {
      "text": "Source: https://www.tbsnews.net/economy/banking/forex-reserves-stays-above-26b-after-161b-acu-payment-1281236",
      "votes": "1",
      "replies": []
    }
  ],
  "id": 15
}