{
  "url": "https://www.reddit.com/r/bangladesh/comments/1jmktkg/122_factories_yet_to_pay_february_wages_eid/",
  "hash": "48a121d00a6f8c391f0c13bb9bbb0f14",
  "scraped_at": "2025-12-08T15:37:43.361034",
  "title": "122 Factories Yet to Pay February Wages; Eid Bonuses Unpaid in 723",
  "description": "https://en.bddigest.com/122-factories-yet-to-pay-february-wages-eid-bonuses-unpaid-in-723/",
  "votes": "22",
  "comments": [
    {
      "text": "Didn’t Nunus just said they paid everyone? So the government is lying during Eid.\nDon’t they fear Allah?",
      "votes": "7",
      "replies": [
        {
          "text": "For things like these governments always get uncritical support from media conglomerates. It's just different factions of the ruling class helping each other out. Look up Jamuna TV's covering of the situation and compare with that of people who've participated in the worker's protests. They even tried to manufacture a sob story about how an owner had to sell their car even though paying the workers actually costs less than 15% of their annual revenue. Independent even straight up lied and reported that everyone in Gazipur got paid.",
          "votes": "4",
          "replies": []
        }
      ]
    }
  ],
  "id": 151
}