{
  "url": "https://www.reddit.com/r/bangladesh/comments/1jkct5t/foreign_loan_commitments_drop_484b_amid_rising/",
  "hash": "2f6a6d1dd530cf7a9462416d26c77714",
  "scraped_at": "2025-12-08T15:38:15.707356",
  "title": "Foreign loan commitments drop $4.84b amid rising repayments",
  "description": null,
  "votes": "8",
  "comments": [
    {
      "text": "Well with US started the tariff wars and every country facing pressure, also USAID is gone",
      "votes": "2",
      "replies": []
    }
  ],
  "id": 153
}