{
  "url": "https://www.reddit.com/r/bangladesh/comments/1jhkhzv/whats_a_good_budget_for_boosting_ads_in_bangladesh/",
  "hash": "66de0c1d72c94e6c1edee5c513e8fd24",
  "scraped_at": "2025-12-08T15:38:30.709310",
  "title": "What’s a good budget for boosting ads in Bangladesh??",
  "description": "I want to boost posts to build awareness for my business, but I have 0 idea about ad budgets. Since boosting is in USD, I want to be smart with my spending.",
  "votes": "5",
  "comments": [],
  "id": 154
}