{
  "url": "https://www.reddit.com/r/bangladesh/comments/1jfkkms/apparel_exports_grew_by_12_in_juljan_of_fy25/",
  "hash": "48f0245b963dab4f4dae96e8069a4d93",
  "scraped_at": "2025-12-08T15:39:03.497539",
  "title": "Apparel exports grew by 12% in Jul-Jan of FY25",
  "description": null,
  "votes": "7",
  "comments": [
    {
      "text": "It dropped during July. Gotta mention that too.",
      "votes": "3",
      "replies": []
    },
    {
      "text": "",
      "votes": "0",
      "replies": []
    },
    {
      "text": "দেশে স্ট্যাবিলিটি থাকলে অর্থনীতি এমনিতেই এগোবে! বিগত BALর আমলে রফতানি, মূল্যস্ফীতির তথ্য ইনফ্লেটেড ও ডিফ্লেটেড করা হতো, মুদ্রাস্ফীতি প্রকট ছিল!",
      "votes": "-2",
      "replies": [
        {
          "text": "Ekhon shob feresta, shafiqul alam bhujruki korey na?",
          "votes": "0",
          "replies": []
        }
      ]
    }
  ],
  "id": 156
}