{
  "url": "https://www.reddit.com/r/bangladesh/comments/1oslhar/sammilito_islami_bank_gets_preliminary_license/",
  "hash": "8ed7d5dc8702358776c2e42e6c2a7754",
  "scraped_at": "2025-12-08T15:00:44.107955",
  "title": "Sammilito Islami Bank gets preliminary license from Bangladesh Bank",
  "description": null,
  "votes": "3",
  "comments": [
    {
      "text": "",
      "votes": "1",
      "replies": []
    },
    {
      "text": "Source: https://www.tbsnews.net/economy/banking/sammilito-islami-bank-gets-preliminary-license-bangladesh-bank-1281276",
      "votes": "1",
      "replies": []
    }
  ],
  "id": 16
}