{
  "url": "https://www.reddit.com/r/bangladesh/comments/1jawans/cenbank_to_print_tk2500cr_more_to_support_2/",
  "hash": "d93e1dcebc92e8255b618fb9125f35fa",
  "scraped_at": "2025-12-08T15:40:23.210628",
  "title": "Cenbank to print Tk2,500cr more to support 2 troubled banks | The Business Standard",
  "description": null,
  "votes": "4",
  "comments": [
    {
      "text": "এই ছোট দুই ব্যাংক অনেক আগে থেকেই সমস্যাযুক্ত, দুটোই বন্ধ করা দরকার! অতিরিক্ত টাকা ছাপালে বাজারে যতটুকু স্ট্যাবিলিটি পুনরুদ্ধার হয়েছে সেটাও থাকবে না!",
      "votes": "2",
      "replies": []
    }
  ],
  "id": 161
}