{
  "url": "https://www.reddit.com/r/bangladesh/comments/1j7z515/%E0%A6%95%E0%A6%B0%E0%A6%A4%E0%A6%B0_%E0%A6%B2%E0%A6%AC_%E0%A6%AC%E0%A7%9F%E0%A6%95%E0%A6%9F_%E0%A6%95%E0%A6%B0%E0%A7%9F_%E0%A6%AC%E0%A6%AA%E0%A6%95_%E0%A6%AC%E0%A6%AF%E0%A6%AC%E0%A6%B8%E0%A7%9F%E0%A6%B0_lemon_bazar_news/",
  "hash": "1a7971271bbb726b007bea2aa7c16adc",
  "scraped_at": "2025-12-08T15:40:39.125573",
  "title": "ক্রেতারা লেবু বয়কট করায় বিপাকে ব্যবসায়ীরা | Lemon | Bazar News | Bazar Update",
  "description": null,
  "votes": "2",
  "comments": [],
  "id": 162
}