{
  "url": "https://www.reddit.com/r/bangladesh/comments/1j73drf/adani_deal_govt_body_for_renegotiating_tax_rebate/",
  "hash": "32fd0aa978b5ceec79f77f6a79f41949",
  "scraped_at": "2025-12-08T15:41:10.859586",
  "title": "Adani deal: Govt body for renegotiating tax rebate, surcharge, coal price",
  "description": null,
  "votes": "12",
  "comments": [
    {
      "text": "",
      "votes": "1",
      "replies": []
    },
    {
      "text": "Good luck.\nBut once you sign the dotted line it is hard to go back.",
      "votes": "2",
      "replies": []
    },
    {
      "text": "BAL simps will still bad mouth this government ... BAL was a monster\nRealistically the best bet for the government would be to do a one time payout to get out of the deal",
      "votes": "0",
      "replies": []
    },
    {
      "text": "There’s an exit clause in the adani contract. Shouldn’t we take advantage of this clause to get out of this contract and build our own capacity?",
      "votes": "1",
      "replies": [
        {
          "text": "What's the exit clause? If there was such a clause, the interim government would have exited the contract months ago, as Adani overcharges us.\nWe have enough capacity. What we do not have is the money to import coal and other fossil fuels and also the political will to develop our own coal mines.",
          "votes": "3",
          "replies": []
        }
      ]
    }
  ],
  "id": 164
}