{
  "url": "https://www.reddit.com/r/bangladesh/comments/1j5p096/bd_business_directory_the_top_directory_for/",
  "hash": "51c0dd05534be3d2b93aeb022f9e6bec",
  "scraped_at": "2025-12-08T15:41:58.287438",
  "title": "BD Business Directory: The Top Directory for Businesses in Bangladesh",
  "description": "Bangladesh’s digital economy is growing fast, and businesses need to keep up to stay visible. One of the best ways to do that is by getting listed in an online business directory. BD Business Directory is one of the top directories in Bangladesh. It offers features that help businesses increase their online presence, improve local SEO, and drive more traffic to their websites. Here's why it’s so important for businesses in Bangladesh.\nBD Business Directory is an online platform where businesses in Bangladesh can list their details—like services, contact info, and products. This helps potential customers easily find them. The directory is designed to make it easy for both businesses and users to connect. By listing your business here, you improve your visibility and build trust with potential customers.\nOne big plus is that BD Business Directory helps your business show up in search results. The listings are SEO-friendly, which means they have the right keywords, descriptions, and tags to help your business rank higher in local search results. This helps you get more traffic and attract people who are looking for what you offer.",
  "votes": "2",
  "comments": [],
  "id": 167
}