{
  "url": "https://www.reddit.com/r/bangladesh/comments/1ixpdb8/need_a_part_time_online_job/",
  "hash": "669e91cc58c7dafa393649168b7e2ae8",
  "scraped_at": "2025-12-08T15:42:31.135591",
  "title": "Need a part time online job",
  "description": "I would like to work for a company as a SOCIAL MEDIA MANAGER or COPYWRITER. If anybody know about any vacancy, please inform me on the comment box below.\nI have recently ended up my admission journey. Waiting for call from KUET or CUET. Have finished my intermediate education from Notre Dame College, Dhaka.",
  "votes": "2",
  "comments": [
    {
      "text": "Your post has been automatically put into the moderation queue for review, due to not meeting one (or more) of the subreddit rules. You can message the moderators and share the link to your post (mandatory) if you do not receive a response within a day or two.\nRule(s): Your account should have at least 5 karma points in order to submit a post.\nI am a bot, and this action was performed automatically. Please contact the moderators of this subreddit if you have any questions or concerns.",
      "votes": "1",
      "replies": []
    },
    {
      "text": "Did you try beermoney as a side hustle? It's just microtasking in different platforms and getting paid through PayPal. I got most of the platforms I use from this website. If you never tried something similar, I recommend beggining with PaidViewpoint, Respondent, AttaPoll or ClicksPaid. Here I posted in reddit my 2024 earnings, if you want to check them out!",
      "votes": "1",
      "replies": []
    }
  ],
  "id": 169
}