{
  "url": "https://www.reddit.com/r/bangladesh/comments/1osirz8/hc_stays_41_increased_tariff_at_chattogram_port/",
  "hash": "956507424018567e0847a9bede285da5",
  "scraped_at": "2025-12-08T15:01:00.971467",
  "title": "HC stays 41% increased tariff at Chattogram Port for one month",
  "description": null,
  "votes": "5",
  "comments": [
    {
      "text": "",
      "votes": "1",
      "replies": []
    },
    {
      "text": "Source: https://www.tbsnews.net/bangladesh/court/hc-stays-41-increased-tariff-chattogram-port-one-month-1281116",
      "votes": "1",
      "replies": []
    }
  ],
  "id": 17
}