{
  "url": "https://www.reddit.com/r/bangladesh/comments/1iutwps/%E0%A6%86%E0%A6%AE_%E0%A6%95%E0%A6%AD%E0%A6%AC_%E0%A6%A8%E0%A6%B6%E0%A6%9A%E0%A6%A4_%E0%A6%B9%E0%A6%AC_%E0%A6%AF_%E0%A6%86%E0%A6%AE%E0%A6%B0_%E0%A6%B0%E0%A6%AE%E0%A6%9F%E0%A6%AF%E0%A6%A8%E0%A6%B8_%E0%A6%AC%E0%A6%A7_%E0%A6%AA%E0%A6%A5_%E0%A6%AF%E0%A6%9A%E0%A6%9B_%E0%A6%8F%E0%A6%AC_%E0%A6%B9%E0%A6%A8%E0%A6%A1%E0%A6%B9%E0%A6%93%E0%A6%B2/",
  "hash": "7ac71f34a08f370171b25bb1e7203823",
  "scraped_at": "2025-12-08T15:42:47.158291",
  "title": "আমি কীভাবে নিশ্চিত হব যে আমার রেমিট্যান্স বৈধ পথে যাচ্ছে এবং হুন্ডি/হাওলা লেনদেনে ব্যবহৃত হচ্ছে না?",
  "description": "আমি নিয়মিত বাংলাদেশে টাকা পাঠাই এবং হুন্ডি/হাওলা এড়িয়ে বৈধ ব্যাংকিং চ্যানেল ব্যবহার করার চেষ্টা করি, কারণ এসব প্রক্রিয়া কালো টাকা পাচারের সুযোগ তৈরি করে। আগে যখন Remitly, TapTapSend-এর মতো অনলাইন মানি ট্রান্সফার অ্যাপ ব্যবহার করতাম, তখন সবসময় দুটি আলাদা জমা আসত—একটি প্রকৃত ট্রান্সফারের পরিমাণ এবং আরেকটি ২.৫% সরকারি প্রণোদনা, যা একই অ্যাকাউন্ট থেকে আলাদা লেনদেনে আসত।\nকিন্তু এই বছর থেকে কিছু অস্বাভাবিক বিষয় লক্ষ্য করছি:\n1️⃣ ২.৫% প্রণোদনা এখন আর আলাদা ট্রানজাকশন হিসেবে দেখায় না, বরং মূল টাকার সাথে একত্রিত।\n2️⃣ আগে সবসময় টাকা একই অ্যাকাউন্ট থেকে আসত, কিন্তু এখন প্রতিবার সেন্ডার অ্যাকাউন্ট ভিন্ন, এবং এটি NPSB ব্যবহার করে।\nবাংলাদেশের ব্যাংকিং খাতে দীর্ঘদিনের দুর্নীতি মাথায় রেখে, আমি এখন সন্দিহান—এই অনলাইন রেমিট্যান্স প্ল্যাটফর্ম বা ব্যাংকিং সিস্টেমের মধ্যে কেউ কি হুন্ডি/হাওলা লেনদেনে সহায়তা করছে? আমি কীভাবে নিশ্চিত হব যে আমার টাকা সত্যিই বৈধ পথে যাচ্ছে?\nআপনারা কেউ কি এরকম অভিজ্ঞতার সম্মুখীন হয়েছেন?\nSide note: It was translated from English to Bangla using ChatGPT, and I’m quite impressed !",
  "votes": "2",
  "comments": [],
  "id": 170
}