{
  "url": "https://www.reddit.com/r/bangladesh/comments/1iu3xdi/profitable_side_hustle_in_bd/",
  "hash": "2bebb8a973b660dca6a12c78d47a10c2",
  "scraped_at": "2025-12-08T15:43:02.672442",
  "title": "profitable side hustle in bd?",
  "description": "Let me know about some businesses you’ve started or run when you were younger, studying, or had a lot of free time.\nPreferably something easy to operate and a good use of time. Thanks in advance!\nMake this a helpful thread!",
  "votes": "8",
  "comments": [
    {
      "text": "Buy things from stadium/gulisthan, sell it for higher price on a facebook page. get better at product marketing.",
      "votes": "2",
      "replies": [
        {
          "text": "Are you talking about clothes?",
          "votes": "1",
          "replies": [
            {
              "text": "Clothes, shoes, hats, toys. Anything. Best would be to work with things you like and understand.",
              "votes": "2",
              "replies": []
            }
          ]
        }
      ]
    },
    {
      "text": "What is your budget. Cause money is needed to make money.",
      "votes": "1",
      "replies": [
        {
          "text": "A few thousand. 2-3k.",
          "votes": "2",
          "replies": [
            {
              "text": "Honestly, hold on to it. Try to do tuition and make some extra money.\nIf we take per kilo rice at 100 taka. We will get 20 to 30 kg of rice with this money. Which is a month of rice for a family of 4 or 5.\nIt's not enough to start something on the side. Don't get me wrong, but I have been there but hold onto this money for now.\nUnless you meant 2k USD, then you start by opening a perfume or cosmetics brand.",
              "votes": "3",
              "replies": []
            }
          ]
        }
      ]
    }
  ],
  "id": 171
}