{
  "url": "https://www.reddit.com/r/bangladesh/comments/1ip5c0i/yunus_musk_discuss_bringing_starlink_in_bangladesh/",
  "hash": "3ba3638edc96903bb437b056d5601589",
  "scraped_at": "2025-12-08T15:43:19.092087",
  "title": "Yunus, Musk discuss bringing Starlink in Bangladesh",
  "description": null,
  "votes": "10",
  "comments": [
    {
      "text": "Starlink seems like too expensive for a normal user in Bd right now\nI would like to have it\nFucking tired of the bullshit local ISP mfs",
      "votes": "3",
      "replies": [
        {
          "text": "It's simple capitalism. They will have to lower their prices to get the customer in Bangladesh and win against their competitors, otherwise, no one will buy their product. If they are coming to Bangladesh, they will lower the prices.",
          "votes": "2",
          "replies": []
        }
      ]
    }
  ],
  "id": 172
}