{
  "url": "https://www.reddit.com/r/bangladesh/comments/1imazb1/first_camper_van_rv_in_bangladesh_i_never_thought/",
  "hash": "d0a33e05eb61557bee5cb0d3edddf406",
  "scraped_at": "2025-12-08T15:43:52.544936",
  "title": "First Camper van / RV in Bangladesh? I never thought I would see these vehicles here in BD, hopefully more tour lovers will start buying these",
  "description": null,
  "votes": "6",
  "comments": [
    {
      "text": "I've heard this was was bought as a freezer to lessen tax but it was actually an RV by some corpo. This is pretty neat but a lot of RV builts based on Toyota vans are cooler than this.\nBut what's the legality of RV in Bangladesh? Will be a problem? A bigger problem is lack of safety and places to camp.",
      "votes": "2",
      "replies": []
    },
    {
      "text": "Your post has been automatically put into the moderation queue for review, due to not meeting one (or more) of the subreddit rules. You can message the moderators and share the link to your post (mandatory) if you do not receive a response within a day or two.\nRule(s): Your account should have at least 5 karma points in order to submit a post.\nI am a bot, and this action was performed automatically. Please contact the moderators of this subreddit if you have any questions or concerns.",
      "votes": "1",
      "replies": []
    }
  ],
  "id": 174
}