{
  "url": "https://www.reddit.com/r/bangladesh/comments/1igimm1/energy_crisis_worsened_by_monopoly_policy_failure/",
  "hash": "4778ae76f6dc9bce1f171836562b9030",
  "scraped_at": "2025-12-08T15:44:39.117344",
  "title": "Energy crisis worsened by monopoly, policy failure, finds task force",
  "description": "Source: https://www.tbsnews.net/bangladesh/energy/power-sector-crisis-will-deepen-without-urgent-reforms-task-force-report-1058426\n\"As of June 2023, 82 independent power producers and 32 rental power plants had received nearly Tk1 trillion in capacity charges, despite many projects failing to deliver. Among the top 23 power companies, the biggest beneficiaries were Summit Group (Tk176.1 billion), Aggreko International (Tk83.1 billion), and United Group (Tk77.6 billion).\"",
  "votes": "8",
  "comments": [
    {
      "text": "These task forces only share what BAL did wrong not what steps would need to be taken to make sure things will not happen again.",
      "votes": "6",
      "replies": []
    },
    {
      "text": "Out of the three names mentioned, two didn't have any failures (Summit and United). The third one I'm not familiar with.",
      "votes": "0",
      "replies": [
        {
          "text": "Okay let them loot the banks.. right.?",
          "votes": "2",
          "replies": []
        }
      ]
    }
  ],
  "id": 177
}