{
  "url": "https://www.reddit.com/r/bangladesh/comments/1oshx1s/decision_on_new_pay_commission_to_be_taken_by/",
  "hash": "e8e9be6959ce64bb79a282ce8b2d27fc",
  "scraped_at": "2025-12-08T15:01:16.707786",
  "title": "Decision on new pay commission to be taken by next govt: Finance adviser",
  "description": null,
  "votes": "5",
  "comments": [
    {
      "text": "",
      "votes": "1",
      "replies": []
    },
    {
      "text": "https://www.tbsnews.net/bangladesh/decision-new-pay-commission-be-taken-next-government-finance-adviser-1280956",
      "votes": "1",
      "replies": []
    }
  ],
  "id": 18
}