{
  "url": "https://www.reddit.com/r/bangladesh/comments/1i9q6z6/anyone_in_the_garments_sector/",
  "hash": "18f8d17067d444c39cfc0cd023056141",
  "scraped_at": "2025-12-08T15:45:28.023126",
  "title": "anyone in the garments sector?",
  "description": "Could you recommend some garment manufacturers or printing services for apparel production? I am looking for reliable providers that offer high-quality printing and durable materials. If you have any recommendations or partnerships with such vendors, I would appreciate your insights.",
  "votes": "4",
  "comments": [],
  "id": 180
}