{
  "url": "https://www.reddit.com/r/bangladesh/comments/1i9fuau/louisianas_argent_lng_sets_deal_with_government/",
  "hash": "af8c82a796bd0c196592df5d8d8c69e2",
  "scraped_at": "2025-12-08T15:45:43.602438",
  "title": "Louisiana's Argent LNG sets deal with government of Bangladesh",
  "description": "Trump’s ‘Drill, Baby, Drill’ Policy Fuels Historic Energy Deal between Argent LNG and Bangladesh",
  "votes": "8",
  "comments": [
    {
      "text": "u/shot-addendum-809 Your opinion?",
      "votes": "1",
      "replies": []
    }
  ],
  "id": 181
}