{
  "url": "https://www.reddit.com/r/bangladesh/comments/1i68t8k/the_united_states_pauses_all_foreign_aid/",
  "hash": "702ab1dd9a61281e88e9f7b5d33cacef",
  "scraped_at": "2025-12-08T15:46:32.967292",
  "title": "The United States pauses all foreign aid",
  "description": null,
  "votes": "46",
  "comments": [
    {
      "text": "",
      "votes": "1",
      "replies": []
    },
    {
      "text": "Except Israel, Jordan.",
      "votes": "7",
      "replies": []
    },
    {
      "text": "Trump bout to become America's Hasina for four years",
      "votes": "23",
      "replies": []
    },
    {
      "text": "তাতে আমার বাল ছেড়া গেল।\nAmeriKKKa cdi",
      "votes": "10",
      "replies": []
    },
    {
      "text": "Dekhi eibar NGO r ki hoy XD",
      "votes": "3",
      "replies": []
    },
    {
      "text": "Is he going to cut NED funding?\nAlso slow doen funding for regime changes around the world?",
      "votes": "6",
      "replies": []
    },
    {
      "text": "just watch this brother\nhttps://youtu.be/ya3PFa2IcGM?si=ljyhYwowkRFTrgZZ",
      "votes": "1",
      "replies": [
        {
          "text": "just watch this brother\nhttps://youtu.be/ya3PFa2IcGM?si=ljyhYwowkRFTrgZZ",
          "votes": "1",
          "replies": []
        }
      ]
    },
    {
      "text": "How much is this going to impact us?",
      "votes": "2",
      "replies": [
        {
          "text": "Almost nothing. The money we get from USAID is nothing compared to the low-interest loans we get from China, Japan, the World Bank, ADB, IMF, etc.",
          "votes": "13",
          "replies": []
        }
      ]
    },
    {
      "text": "",
      "votes": "-12",
      "replies": [
        {
          "text": "comeon RAW bots, at least stop using chatgpt",
          "votes": "1",
          "replies": []
        },
        {
          "text": "bro has a BALer head",
          "votes": "-3",
          "replies": []
        }
      ]
    },
    {
      "text": "Let us remember that the main purpose of American aid is not to help other nations, but to help ourselves.\nRichard M. Nixon quote",
      "votes": "1",
      "replies": []
    }
  ],
  "id": 184
}