{
  "url": "https://www.reddit.com/r/bangladesh/comments/1i5j400/%E0%A6%B0%E0%A6%AE%E0%A6%9F%E0%A6%AF%E0%A6%A8%E0%A6%B8_%E0%A6%8F%E0%A6%B8_%E0%A6%86%E0%A6%B2%E0%A6%AE%E0%A6%B0_%E0%A6%AD%E0%A7%9F%E0%A6%A8%E0%A6%95_%E0%A6%9B%E0%A6%AC%E0%A6%B2/",
  "hash": "b5f5fd0aba262a29f54a920a8e3fcac7",
  "scraped_at": "2025-12-08T15:46:50.565909",
  "title": "রেমিট্যান্সে এস আলমের ভয়ানক ছোবল",
  "description": "সম্পূর্ণ নিউজ",
  "votes": "3",
  "comments": [
    {
      "text": "ব্যাংক, শেয়ার বাজার, মেগা প্রজেক্টের টাকা হুন্ডি ও ব্যাংকের মাধ্যমে বৈদেশিক মুদ্রা করে পাচার করা হ‌ইছে! প্রতি বছর ৮ থেকে ১০ বিলিয়ন ডলার (১ লক্ষ কোটি টাকারও বেশি) পাচার করা হ‌ইছে! হয়তো এর ছিটে ফোটা দিয়েই হাজার হাজার হায়েনার বাচ্চা পালা হচ্ছে!",
      "votes": "2",
      "replies": []
    }
  ],
  "id": 185
}