{
  "url": "https://www.reddit.com/r/bangladesh/comments/1i3brqt/govt_to_retract_vat_decisions_on_some_items/",
  "hash": "164b80684375685a7313bc911b9631c5",
  "scraped_at": "2025-12-08T15:47:23.654621",
  "title": "Govt to retract VAT decisions on some items, services",
  "description": "The National Board of Revenue is set to revise down the value-added tax (VAT) and supplementary duty (SD) on a number of items including mobile phone usage, internet services, medicine, clothes and restaurants as public outcry became deafening.\nFull news on TDS",
  "votes": "6",
  "comments": [
    {
      "text": "What a shit show! Does anyone in power give two seconds of thought before making shit policies?!",
      "votes": "1",
      "replies": [
        {
          "text": "",
          "votes": "0",
          "replies": []
        }
      ]
    },
    {
      "text": "Should've properly thought out the policies before coming up with it. I mean who raises taxes on fruits?",
      "votes": "1",
      "replies": [
        {
          "text": "They are trying everything to prove themselves incompetent ig",
          "votes": "1",
          "replies": []
        }
      ]
    }
  ],
  "id": 187
}