{
  "url": "https://www.reddit.com/r/bangladesh/comments/1hyzx2l/bangladeshs_offshore_exploration_stalls_as/",
  "hash": "760dae51c1f0cac496e557562f53fa46",
  "scraped_at": "2025-12-08T15:47:55.087535",
  "title": "Bangladesh's offshore exploration stalls as foreign companies shun tenders",
  "description": "https://www.dhakatribune.com/bangladesh/370391/delays-in-fuel-oil-and-gas-exploration-in-the",
  "votes": "12",
  "comments": [
    {
      "text": "ইউনূস ফু দিলে এমনি এমনিতেই কত কোটি ডলার চলে আসবে। 🤦",
      "votes": "-1",
      "replies": []
    }
  ],
  "id": 189
}