{
  "url": "https://www.reddit.com/r/bangladesh/comments/1oshdr1/imf_to_release_sixth_tranche_of_55_billion_loan/",
  "hash": "40cc270125b1a4c80b035ea576d6509a",
  "scraped_at": "2025-12-08T15:01:33.156504",
  "title": "IMF to release sixth tranche of $5.5 billion loan after consulting elected govt: Finance adviser",
  "description": null,
  "votes": "10",
  "comments": [
    {
      "text": "",
      "votes": "1",
      "replies": []
    },
    {
      "text": "Source: https://www.tbsnews.net/economy/imf-release-sixth-tranche-55-billion-loan-after-consulting-elected-govt-finance-adviser",
      "votes": "1",
      "replies": []
    }
  ],
  "id": 19
}