{
  "url": "https://www.reddit.com/r/bangladesh/comments/1hyv4xx/moodys_downgrades_bangladesh_banking_rating_to/",
  "hash": "beb0dc87e28191e4aa0065bbb5c9ca10",
  "scraped_at": "2025-12-08T15:48:27.100705",
  "title": "Moody’s downgrades Bangladesh banking rating to ‘very weak’",
  "description": null,
  "votes": "21",
  "comments": [
    {
      "text": "It’s going to take time for improvement.",
      "votes": "3",
      "replies": []
    },
    {
      "text": "They spent months talking about how they were improving the banking system only for this",
      "votes": "0",
      "replies": []
    }
  ],
  "id": 191
}