{
  "url": "https://www.reddit.com/r/bangladesh/comments/1hvp99f/bangladeshs_economy_contracts_slightly_in_dec_pmi/",
  "hash": "e7718e991d605591a66c1a1d5729d378",
  "scraped_at": "2025-12-08T15:49:48.790362",
  "title": "Bangladesh’s economy contracts slightly in Dec: PMI | The Daily Star",
  "description": null,
  "votes": "10",
  "comments": [
    {
      "text": "এটাই হচ্ছে প্রথম BAL আর দিল্লি স্টারদের শিরোনাম-বাজি! নভেম্বরের তুলনায় ডিসেম্বরে ইনডেক্স ০.৫ কমছে (৬২ থেকে ৬১.৫), মাসিক ইনডেক্স উঠা-নামা খুব সাধারণ একটা বিষয়! সবচেয়ে বড় ধাপ্পাবাজি করছে ইনডেক্স ৫০ এর উপরে থাকা মানে অর্থনীতি প্রবৃদ্ধির ধারায় আছে সেটা উল্লেখ না করে! আবার নিচের প্যারায় বলা হচ্ছে অর্থনীতিতে ইতিবাচক ধারা অব্যাহত আছে, অথচ শিরোনামে উল্টো ধারণা দেয়া হচ্ছে!",
      "votes": "-1",
      "replies": []
    }
  ],
  "id": 196
}