{
  "url": "https://www.reddit.com/r/bangladesh/comments/1hu581f/saudi_aramco_keen_to_build_refinery_in_bangladesh/",
  "hash": "419f17d07db94033333a0ae8953e7d92",
  "scraped_at": "2025-12-08T15:50:25.318671",
  "title": "Saudi Aramco keen to build refinery in Bangladesh | The Daily Star",
  "description": null,
  "votes": "24",
  "comments": [
    {
      "text": "",
      "votes": "6",
      "replies": []
    },
    {
      "text": "As long as they stop building Madrassa they can build a refinery.",
      "votes": "6",
      "replies": []
    },
    {
      "text": "Bosundhora and Eastern refinery has more Than enough capacity for Bangladesh but FDI are always welcone i guess",
      "votes": "3",
      "replies": [
        {
          "text": "That's not true.\n\"ERL can refine up to 15 lakh tonnes of crude oil per year, which covers only a fraction of the country's needs.\nA senior official from ERL stated that refining imported crude oil locally is more cost-effective, saving approximately Tk11 per litre compared to importing refined fuel. \"\nhttps://www.tbsnews.net/bangladesh/govt-now-seeks-foreign-partner-set-2nd-unit-eastern-refinery-limited-993216",
          "votes": "4",
          "replies": []
        }
      ]
    },
    {
      "text": "I wouldnt trust the Saudis, we buy everything from them, they dont do anything for us",
      "votes": "2",
      "replies": [
        {
          "text": "they took record breaking numbers of migrant workers from bd this year after the interim government asked them to. saudis are good trading partners except the sponsoring religion and wahhabism part.",
          "votes": "3",
          "replies": []
        }
      ]
    },
    {
      "text": "It will create more pullotion can't live in Bangladesh anymore pullotion of dhaka is not enough",
      "votes": "-2",
      "replies": []
    },
    {
      "text": "ebar deser national resource o biliye deya suru korbe matha mota public gula",
      "votes": "-2",
      "replies": []
    }
  ],
  "id": 198
}