{
  "url": "https://www.reddit.com/r/bangladesh/comments/1htatwx/what_should_be_bangladeshs_strategic_priorities/",
  "hash": "d3d848e91be4fcd6418f62f97826763b",
  "scraped_at": "2025-12-08T15:50:42.077977",
  "title": "What should be Bangladesh's strategic priorities in 2025?",
  "description": null,
  "votes": "4",
  "comments": [
    {
      "text": "Stay the course. Export up 17%, Remit up 22%, Import down 8%. I think we are on track.",
      "votes": "4",
      "replies": []
    }
  ],
  "id": 199
}