{
  "url": "https://www.reddit.com/r/bangladesh/comments/1pdyh4j/bangladeshs_economy_is_not_collapsing_but/",
  "hash": "9b6f9a4597db8278ce4ea455836e74c4",
  "scraped_at": "2025-12-08T14:56:50.349382",
  "title": "Bangladesh’s economy is not collapsing but undergoing a necessary reset",
  "description": null,
  "votes": "0",
  "comments": [
    {
      "text": "A person with basic economics idea would know that this article is full of contradictions. Trying to make a shit situation palatable.",
      "votes": "12",
      "replies": [
        {
          "text": "Read the whole article didnt find any contradiction, as a students of finance who worked in the capital market during the previous regime's time and now doing research in macroeconomics ilI think either you didn't read the article or have tremendous negative bais against something skewed negative for bal and positive for the current regime!!!",
          "votes": "3",
          "replies": []
        }
      ]
    },
    {
      "text": "Duality of ALJ ...\nTaken from Sahara Apu's post",
      "votes": "5",
      "replies": [
        {
          "text": "They were caught having different narrative on different country branch before so not surprised",
          "votes": "5",
          "replies": []
        }
      ]
    }
  ],
  "id": 2
}