{
  "url": "https://www.reddit.com/r/bangladesh/comments/1osh4tt/acc_to_sue_s_alam_chairman_66_others_for/",
  "hash": "bba0961667d805892f9368c039e80171",
  "scraped_at": "2025-12-08T15:01:48.564051",
  "title": "ACC to sue S Alam chairman, 66 others for embezzling, laundering Tk10,479cr",
  "description": null,
  "votes": "12",
  "comments": [
    {
      "text": "",
      "votes": "1",
      "replies": []
    },
    {
      "text": "Holy shit man. Look at me slaving my life away for just 35k.",
      "votes": "3",
      "replies": []
    },
    {
      "text": "https://www.tbsnews.net/bangladesh/corruption/acc-file-record-case-against-s-alam-chairman-66-others-embezzlement-laundering",
      "votes": "1",
      "replies": []
    },
    {
      "text": "What the hell ????",
      "votes": "1",
      "replies": []
    }
  ],
  "id": 20
}