{
  "url": "https://www.reddit.com/r/bangladesh/comments/1hskb5x/national_review_committee_seeks_information_from/",
  "hash": "eddc99d81d652ba6302729aec3436904",
  "scraped_at": "2025-12-08T15:50:57.016312",
  "title": "National Review Committee seeks information from 11 power plants, including Summit, Adani, and Beximco",
  "description": "Source: https://www.bonikbarta.com/home/news_description/402076/National-Review-Committee-seeks-information-from-11-power-plants-including-Summit-Adani-and-Beximco\n\"The government will review the power supply agreements of 11 companies, including India's Adani, Bangladesh's Summit, and Beximco, which fall under the Rapid Supply of Electricity and Fuel Act. To facilitate this, the National Review Committee, which the government formed, requested data related to their power plants. Committee sources have indicated that additional information will be requested in various phases.\"",
  "votes": "11",
  "comments": [
    {
      "text": "First of all we need to stop importing electricity from India.\nHow many nuclear plants do we need to that anyway? 3, 4 maybe? We have potential for development and Younus govt is taking the right steps. We need less dependence on India",
      "votes": "1",
      "replies": [
        {
          "text": "Agreed. We imported 17.41% of our total consumption of electricity from India, most of which came from Adani, even though we had the capacity to produce all of it using our own coal-based power plants.\nWe do not need to build any more power plants at the moment because our installed capacity stands at about 28,000 MW which is a lot higher our current needs. However, I believe we will definitely build more nuclear at some point in the future when our politicians realize that solar and wind can't do everything, gas reserves are dwindling, and coal is just too dirty.",
          "votes": "2",
          "replies": []
        }
      ]
    }
  ],
  "id": 200
}