{
  "url": "https://www.reddit.com/r/bangladesh/comments/1hhn08n/adani_under_bribery_scrutiny_pressed_by/",
  "hash": "add00fcd5dc396c5de37e1bd4412015a",
  "scraped_at": "2025-12-08T15:54:04.043958",
  "title": "Adani, under bribery scrutiny, pressed by Bangladesh to reopen power deal",
  "description": "Source: https://www.thedailystar.net/business/global-economy/news/adani-under-bribery-scrutiny-pressed-bangladesh-reopen-power-deal-3779901\n\"Bangladesh's interim government has accused energy supplier Adani Power of breaching a multi-billion-dollar agreement by withholding tax benefits that a power plant central to the deal received from New Delhi, according to documents seen by Reuters.\nReuters is reporting for the first time that the contract came with an additional implementation agreement that addressed the transfer of tax benefits. The news agency is also revealing details about Bangladesh's plan to reopen the 25-year deal, and that it hopes to use the fallout from U.S. prosecutors' November indictment of Adani and seven other executives for their alleged role in a $265 million bribery scheme to press for a resolution.\"\nMy take: The Interim Govt did a good job leaking this to the press",
  "votes": "26",
  "comments": [
    {
      "text": "They should go hard on those frauds",
      "votes": "16",
      "replies": [
        {
          "text": "Damn! at this length. BD interim govt is hell bent on making india an enemy. WTF does it matter if India gave tax benefits/ tax returns to its own companies. How is it of any concern to BD!?. Tax incentives are extremely common in many countries. Prime example of it is China, chinese companies get huge incentives especiallly in taxes for exports. Is the Yunus govt saying the same about china then",
          "votes": "-1",
          "replies": [
            {
              "text": "You must be dumb in the head as it clearly states it violates contract agreements. China’s incentives to Chinese companies are well within WTO regulations. Forget Bangladesh, Adani is a cancer to Indians themselves but Modi Bhakts will do anything to dickride this scam artist billionaire lol. Its crazy how the modi govt and media started attacking Soros as soon as he started criticizing Adani.",
              "votes": "4",
              "replies": []
            },
            {
              "text": "\"The power supplier was required to inform Bangladesh swiftly of changes in the plant's tax status and to pass on the \"benefit of a tax exemption\" from India's government, according to the contract and implementation agreement signed on November 5, 2017 between Adani Power and the state-run Bangladesh Power Development Board (BPDB).\"",
              "votes": "2",
              "replies": []
            }
          ]
        },
        {
          "text": "As I always say, JEENEETards are retards fr",
          "votes": "-2",
          "replies": [
            {
              "text": "As I always say, JEENEETards are retards fr",
              "votes": "8",
              "replies": []
            },
            {
              "text": null,
              "votes": "1",
              "replies": []
            }
          ]
        }
      ]
    },
    {
      "text": "\"আদানীর বিদ্যুৎ ডিলের বিরুদ্ধে কথা বলার মানেই ভারত বিদ্বেষ। এই ডিল বাতিল করলে ইউসুফ সরকারকে এর জন্য চরম মূল্য দিতে হবে।\" বাণীতে গোদি মিডিয়া/ BAL সাপোর্টার।",
      "votes": "10",
      "replies": []
    },
    {
      "text": "This post was removed as it breaks reddiquette, which is a set of guidelines that all users of r/bangladesh follow in order to make the subreddit a civil discussion space.\nThis also includes discrimination or offensive language which is not tolerated here. This includes racism, misogyny, xenophobia, homophobia, and/or religious discrimination.\nBe civil. Remember the human that you're interacting with.\nWhile your post may have had substantive content, either right or wrong, we have had to remove this in order to be fair about enforcing the rules. Thank you for understanding.\nRule #1. Follow Reddiquette.\nএই পোস্টটি সরানো হয়েছে কারণ এটি রেডিকেট লঙ্ঘন করেছে। রেডিকেট হলো একটি নিয়মাবলী যা r/bangladesh এর সকল সদস্য মেনে চলে, যাতে এই প্ল্যাটফর্মটি শালীন এবং গঠনমূলক আলোচনার পরিবেশ বজায় রাখতে পারে।\nএই সাবরেডিটে কোনো ধরনের বৈষম্যমূলক বা আপত্তিকর ভাষার অনুমতি নেই। এর মধ্যে পড়ে বর্ণবাদ, নারীবিদ্বেষ, জেনোফোবিয়া, কুইয়ারফোবিয়া, এবং ধর্মীয় বৈষম্য।\nআপনার আচরণে শালীনতা বজায় রাখুন। মনে রাখবেন, যার সঙ্গে আপনি কথোপকথন করছেন, তিনিও একজন মানুষ।\nআপনার পোস্টে হয়তো গুরুত্বপূর্ণ কিছু বিষয় ছিল, তবে নিয়মের প্রয়োগ নিশ্চিত করতে এটি সরাতে হয়েছে। বিষয়টি বোঝার জন্য আপনাকে ধন্যবাদ।",
      "votes": "-5",
      "replies": [
        {
          "text": "This post was removed as it breaks reddiquette, which is a set of guidelines that all users of r/bangladesh follow in order to make the subreddit a civil discussion space.\nThis also includes discrimination or offensive language which is not tolerated here. This includes racism, misogyny, xenophobia, homophobia, and/or religious discrimination.\nBe civil. Remember the human that you're interacting with.\nWhile your post may have had substantive content, either right or wrong, we have had to remove this in order to be fair about enforcing the rules. Thank you for understanding.\nRule #1. Follow Reddiquette.\nএই পোস্টটি সরানো হয়েছে কারণ এটি রেডিকেট লঙ্ঘন করেছে। রেডিকেট হলো একটি নিয়মাবলী যা r/bangladesh এর সকল সদস্য মেনে চলে, যাতে এই প্ল্যাটফর্মটি শালীন এবং গঠনমূলক আলোচনার পরিবেশ বজায় রাখতে পারে।\nএই সাবরেডিটে কোনো ধরনের বৈষম্যমূলক বা আপত্তিকর ভাষার অনুমতি নেই। এর মধ্যে পড়ে বর্ণবাদ, নারীবিদ্বেষ, জেনোফোবিয়া, কুইয়ারফোবিয়া, এবং ধর্মীয় বৈষম্য।\nআপনার আচরণে শালীনতা বজায় রাখুন। মনে রাখবেন, যার সঙ্গে আপনি কথোপকথন করছেন, তিনিও একজন মানুষ।\nআপনার পোস্টে হয়তো গুরুত্বপূর্ণ কিছু বিষয় ছিল, তবে নিয়মের প্রয়োগ নিশ্চিত করতে এটি সরাতে হয়েছে। বিষয়টি বোঝার জন্য আপনাকে ধন্যবাদ।",
          "votes": "1",
          "replies": [
            {
              "text": "This post was removed as it breaks reddiquette, which is a set of guidelines that all users of r/bangladesh follow in order to make the subreddit a civil discussion space.\nThis also includes discrimination or offensive language which is not tolerated here. This includes racism, misogyny, xenophobia, homophobia, and/or religious discrimination.\nBe civil. Remember the human that you're interacting with.\nWhile your post may have had substantive content, either right or wrong, we have had to remove this in order to be fair about enforcing the rules. Thank you for understanding.\nRule #1. Follow Reddiquette.\nএই পোস্টটি সরানো হয়েছে কারণ এটি রেডিকেট লঙ্ঘন করেছে। রেডিকেট হলো একটি নিয়মাবলী যা r/bangladesh এর সকল সদস্য মেনে চলে, যাতে এই প্ল্যাটফর্মটি শালীন এবং গঠনমূলক আলোচনার পরিবেশ বজায় রাখতে পারে।\nএই সাবরেডিটে কোনো ধরনের বৈষম্যমূলক বা আপত্তিকর ভাষার অনুমতি নেই। এর মধ্যে পড়ে বর্ণবাদ, নারীবিদ্বেষ, জেনোফোবিয়া, কুইয়ারফোবিয়া, এবং ধর্মীয় বৈষম্য।\nআপনার আচরণে শালীনতা বজায় রাখুন। মনে রাখবেন, যার সঙ্গে আপনি কথোপকথন করছেন, তিনিও একজন মানুষ।\nআপনার পোস্টে হয়তো গুরুত্বপূর্ণ কিছু বিষয় ছিল, তবে নিয়মের প্রয়োগ নিশ্চিত করতে এটি সরাতে হয়েছে। বিষয়টি বোঝার জন্য আপনাকে ধন্যবাদ।",
              "votes": "1",
              "replies": []
            }
          ]
        }
      ]
    },
    {
      "text": "in 1947 percentage of muslims in india 8 percent now 20 percent . in 1947 21 percent hindus in bg now 9 percent diff is clear . so pls u guys now will become pakistan",
      "votes": "-2",
      "replies": [
        {
          "text": "in 1947 percentage of muslims in india 8 percent now 20 percent . in 1947 21 percent hindus in bg now 9 percent diff is clear . so pls u guys now will become pakistan",
          "votes": "-5",
          "replies": [
            {
              "text": "in 1947 percentage of muslims in india 8 percent now 20 percent . in 1947 21 percent hindus in bg now 9 percent diff is clear . so pls u guys now will become pakistan",
              "votes": "0",
              "replies": []
            },
            {
              "text": "SAS orders should have been given for anyone who crosses the border illegally\nYou do know that this has been India's stance for a long ass time now? Probably longer than a decade or two. This has been a major factor for Bangladeshi sentiment to be against India, if you ask me I would say India needs to revision this stance and adopt other less lethal tactics to counter illegal border crossing.",
              "votes": "1",
              "replies": []
            }
          ]
        }
      ]
    }
  ],
  "id": 211
}