{
  "url": "https://www.reddit.com/r/bangladesh/comments/1hh5o4u/imf_cuts_bangladeshs_growth_forecast_again_keeps/",
  "hash": "d38f974bc777ff989d38bfc54e8b56ec",
  "scraped_at": "2025-12-08T15:54:23.014396",
  "title": "IMF cuts Bangladesh’s growth forecast again, keeps inflation projection elevated",
  "description": null,
  "votes": "19",
  "comments": [
    {
      "text": "IMF ইন্ডিয়ার দালাল, স্বৈরাচারের দোসর /s",
      "votes": "7",
      "replies": []
    },
    {
      "text": "Keep in mind April to June 2024 GDP was 3.8%. Before the revolution.",
      "votes": "1",
      "replies": []
    }
  ],
  "id": 212
}