{
  "url": "https://www.reddit.com/r/bangladesh/comments/1ha4wet/%E0%A6%95%E0%A6%B0%E0%A6%AE%E0%A6%95%E0%A6%B0%E0%A6%A4%E0%A6%A6%E0%A6%B0_%E0%A6%95%E0%A6%B0%E0%A6%B8%E0%A6%9C%E0%A6%A4_%E0%A6%AA%E0%A7%9F%E0%A6%9C_%E0%A6%9A%E0%A6%B7_%E0%A6%95%E0%A6%B7%E0%A6%95%E0%A6%B0_%E0%A6%B8%E0%A6%B0%E0%A6%AC%E0%A6%A8%E0%A6%B6_%E0%A6%A6%E0%A6%A8%E0%A6%95_%E0%A6%B8%E0%A6%AE%E0%A6%95%E0%A6%B2/",
  "hash": "f2f50f42d0b9089caaf426fd8b5c0a82",
  "scraped_at": "2025-12-08T15:55:25.895988",
  "title": "কর্মকর্তাদের কারসাজিতে পেঁয়াজ চাষে কৃষকের সর্বনাশ | দৈনিক সমকাল",
  "description": null,
  "votes": "18",
  "comments": [
    {
      "text": "This has been common practice in many quasi-dictator lead countries were the local industry particularly agriculture were systematically destroyed and the foreign companies reign supreme",
      "votes": "1",
      "replies": []
    }
  ],
  "id": 216
}