{
  "url": "https://www.reddit.com/r/bangladesh/comments/1h7ae9u/is_this_credible_source_why_the_garment_workers/",
  "hash": "3013ec3d5c37a2ad474a56074b572544",
  "scraped_at": "2025-12-08T15:55:58.548326",
  "title": "Is this credible source? \"Why the garment workers of Bangladesh are feeling poorer than ever\"",
  "description": null,
  "votes": "90622",
  "comments": [
    {
      "text": "NPR is an influential broadcasting organisation in the US.",
      "votes": null,
      "replies": []
    },
    {
      "text": "আমাদের পেটে কি রাজা-রানির রাজত্ব টিকিয়ে রাখার দায় পড়েছে? দিনশেষে পেটের ক্ষুধাই সবচেয়ে বড় বাস্তবতা।\nনা খেয়ে তো মানুষ মরবেই, আর সেই সাথে স্বপ্ন, আশা আর লড়াইয়ের শক্তিও মরে যাবে। রাজা-রানি তাদের রাজপ্রাসাদে থাকুক, তাতে আমাদের পেট ভরবে না। এই বৈষম্য আর দুঃসহ পরিস্থিতি কবে বদলাবে, সেটাই প্রশ্ন।\nএই অবস্থা চলতে থাকলে, মানুষের সহ্যের সীমা কি আর থাকবে?",
      "votes": null,
      "replies": []
    }
  ],
  "id": 218
}