{
  "url": "https://www.reddit.com/r/bangladesh/comments/1h75wml/russia_to_get_rooppur_loan_payments_via_sonali/",
  "hash": "e2b8a759015fd7d7ab6b5af29a25ca85",
  "scraped_at": "2025-12-08T15:56:15.374800",
  "title": "Russia to get Rooppur loan payments via Sonali Bank account",
  "description": "Source: https://www.tbsnews.net/economy/banking/russia-get-rooppur-loan-payments-sonali-bank-account-1010526\n\"The official also said that the method of operating the account is highly favourable for Russia. Russia can lend the deposited money to other banks or financial institutions in Bangladesh, or even conduct currency swaps. They can also earn interest on the funds in the account.\"\nMy take: It seems like Russia won't be able to get the money out of the country if the Russian central government approves this proposal.",
  "votes": "10",
  "comments": [
    {
      "text": "They can, tara taka tule dollar kinte parbe. Ar physically niye jete parbe diplomatic channel e.",
      "votes": "-2",
      "replies": [
        {
          "text": "they’re trying to create this new BRICS currency to take down USD 🤣",
          "votes": "1",
          "replies": [
            {
              "text": "Currency is no issue. Russia to Xuan e payment accept korte cheyechilo. Kintu US EU badha diyeche.",
              "votes": "1",
              "replies": []
            }
          ]
        }
      ]
    }
  ],
  "id": 219
}