{
  "url": "https://www.reddit.com/r/bangladesh/comments/1h6gna1/nyt_how_a_countrys_economy_was_siphoned_dry/",
  "hash": "2acb80b194241bdc5ad8360d2c06de84",
  "scraped_at": "2025-12-08T15:56:31.701294",
  "title": "NYT : How a Country’s Economy Was Siphoned Dry",
  "description": null,
  "votes": "28",
  "comments": [
    {
      "text": "Fake news. The NYtimes lies. The NYtimes owned by Jamat BNP. Indian news best. Hasina economy best. Yusuf Sarkar will pay. Trump bring Hasina back. Joy Bangla 😭",
      "votes": "35",
      "replies": [
        {
          "text": "Ful saport saar",
          "votes": "21",
          "replies": []
        },
        {
          "text": "You missed \"ইউসুফ সরকারকে এর চরম মূল্য দিতে হবে।\" 💀",
          "votes": "9",
          "replies": [
            {
              "text": "YouTube sorkar",
              "votes": "7",
              "replies": []
            }
          ]
        },
        {
          "text": "True. These guys actually promoted WMD in iraq and prepared the groundwork for public support for Iraq invasion.",
          "votes": "6",
          "replies": [
            {
              "text": "100%. Now they will have Trump invade Bangladesh. NYtimes rajakar",
              "votes": "5",
              "replies": []
            },
            {
              "text": "He is being sarcastic",
              "votes": "-1",
              "replies": []
            }
          ]
        },
        {
          "text": "",
          "votes": "0",
          "replies": []
        }
      ]
    },
    {
      "text": "I have a subscription, here is the gift article without paywall:\nhttps://www.nytimes.com/2024/12/04/business/bangladesh-banks.html?unlocked_article_code=1.fE4.5LFv.MgfcH2siSUoN&smid=url-share",
      "votes": "6",
      "replies": []
    },
    {
      "text": "Achieved link : https://archive.ph/fkeJU",
      "votes": "2",
      "replies": []
    },
    {
      "text": "",
      "votes": "-8",
      "replies": [
        {
          "text": "Did you even read the article? Or just the first line?\n**oops sorry I forgot you guys ain't got any brain x)",
          "votes": "13",
          "replies": [
            {
              "text": "FiveRice, I read the article twice. Nowhere in the article it says 16*15 =240 billion. It’s unfortunate that you cannot have a civil discussion in this subreddit anymore. I guess facebook members are flocking to Reddit.",
              "votes": "-3",
              "replies": []
            }
          ]
        },
        {
          "text": "the one shoved in your ass is true",
          "votes": "2",
          "replies": []
        }
      ]
    }
  ],
  "id": 220
}