{
  "url": "https://www.reddit.com/r/bangladesh/comments/1h4rdu2/%E0%A6%A6%E0%A6%B6%E0%A6%B0_%E0%A7%A7%E0%A7%A6_%E0%A6%B6%E0%A6%A4%E0%A6%B6_%E0%A6%AE%E0%A6%A8%E0%A6%B7_%E0%A7%AE%E0%A7%AB_%E0%A6%B6%E0%A6%A4%E0%A6%B6_%E0%A6%B8%E0%A6%AE%E0%A6%AA%E0%A6%A6_%E0%A6%AD%E0%A6%97_%E0%A6%95%E0%A6%B0%E0%A6%9B_%E0%A6%A6%E0%A6%AC%E0%A6%AA%E0%A6%B0%E0%A7%9F_%E0%A6%AD%E0%A6%9F%E0%A6%9F%E0%A6%9A%E0%A6%B0%E0%A6%AF/",
  "hash": "6178296da787a70ad520fabbf61699cc",
  "scraped_at": "2025-12-08T15:57:07.249529",
  "title": "দেশের ১০ শতাংশ মানুষ ৮৫ শতাংশ সম্পদ ভোগ করছে: দেবপ্রিয় ভট্টাচার্য",
  "description": null,
  "votes": "25",
  "comments": [
    {
      "text": "But.. but.. muh free market capitalism 😢",
      "votes": "14",
      "replies": []
    },
    {
      "text": "Welcome to capitalism",
      "votes": "15",
      "replies": [
        {
          "text": "We can't do anything about that until....",
          "votes": "1",
          "replies": []
        }
      ]
    },
    {
      "text": "Its not even capitalism in bangladesh. Ekhane oligarchy chole",
      "votes": "3",
      "replies": []
    },
    {
      "text": "Fucking capitalism!",
      "votes": "5",
      "replies": []
    },
    {
      "text": "Bro, You are the 1%.",
      "votes": "4",
      "replies": []
    },
    {
      "text": "The story of every country almost everywhere, why would Bangladesh be any different ?",
      "votes": "1",
      "replies": []
    }
  ],
  "id": 222
}