{
  "url": "https://www.reddit.com/r/bangladesh/comments/1gu84d3/is_it_possible_to_just_send_the_money_i_have_in/",
  "hash": "a0262b919ab3aac6dff9ade3831fb167",
  "scraped_at": "2025-12-08T15:58:15.215433",
  "title": "Is it possible to just send the money I have in my Payoneer Account to a US bank account?",
  "description": "I have a few thousand dollars (USD) in my Payoneer account and don't really use any BD banks other then for the one that I made for the Payoneer account. I just use that for taxes.\nI'm moving to the US (not a student)so was just wondering if I could just transfer that money to a US bank account that I'm going to open.\nMy main goal is to basically transfer like $20k from my Payoneer Account to the US account that I'm gonna have.",
  "votes": "2",
  "comments": [
    {
      "text": "I mean ask Payoneer customer support?",
      "votes": "1",
      "replies": []
    },
    {
      "text": "",
      "votes": "1",
      "replies": []
    }
  ],
  "id": 226
}