{
  "url": "https://www.reddit.com/r/bangladesh/comments/1gsjahi/%E0%A6%AA%E0%A6%9A%E0%A6%87_%E0%A6%85%E0%A6%97%E0%A6%B8%E0%A6%9F%E0%A6%B0_%E0%A6%AA%E0%A6%B0_%E0%A6%A5%E0%A6%95_%E0%A6%96%E0%A6%B2_%E0%A6%AA%E0%A7%9C_%E0%A6%86%E0%A6%9B_%E0%A6%95%E0%A6%B2%E0%A6%95%E0%A6%A4_%E0%A6%A8%E0%A6%89%E0%A6%AE%E0%A6%B0%E0%A6%95%E0%A6%9F%E0%A6%B0_%E0%A6%A6%E0%A6%95%E0%A6%A8_%E0%A6%86%E0%A6%B0_%E0%A6%B9%E0%A6%9F%E0%A6%B2/",
  "hash": "0e568cbb5858362d2fc0e757b0511c09",
  "scraped_at": "2025-12-08T15:58:30.644002",
  "title": "পাঁচই অগাস্টের পর থেকে খালি পড়ে আছে কলকাতা নিউমার্কেটের দোকান আর হোটেল | BBC Bangla",
  "description": "Link: https://youtu.be/iYlpg_VxFpU",
  "votes": "34",
  "comments": [
    {
      "text": "Well it's their fault for not taking anyone in. Also the antibangladesh sentiment they're using on media, they lost many India fans and lovers.",
      "votes": "19",
      "replies": [
        {
          "text": "I don’t know if the central govt. directly controls this. Also BJP might care less about kolkata as TMC rules there.",
          "votes": "3",
          "replies": []
        }
      ]
    },
    {
      "text": "অন্তত আওয়ামীলীগ, ছাত্রলীগের নেতা কর্মীদের ত ভিসা দেয়া উচিৎ।",
      "votes": "2",
      "replies": [
        {
          "text": "ভিসা লাগে? শত শত নেতা ভারত পালিয়েছে বর্ডার দিয়ে। সবাই খুনের আসামী। নিপিড়ীত পরিবারের মারের ভয়ে ধাপে ধাপে বহু পালিয়েছে দালালদের টাকা দিয়ে।",
          "votes": "2",
          "replies": []
        }
      ]
    }
  ],
  "id": 227
}