{
  "url": "https://www.reddit.com/r/bangladesh/comments/1ph15re/return_of_al/",
  "hash": "103d4fbf08b0868ca538e1c594abccf1",
  "scraped_at": "2025-12-08T11:16:00.568721",
  "title": "Return of AL",
  "description": "What are the chances of awami league return????",
  "votes": "0",
  "comments": [
    {
      "text": "They will return, but first, they must get their house in order.\nThat is, their grassroots workers are too used to getting support from the police and not putting in an effort to gain popularity or people support.",
      "votes": "2",
      "replies": []
    },
    {
      "text": "Likely not returning for decades lol",
      "votes": "1",
      "replies": []
    },
    {
      "text": "100%",
      "votes": "-1",
      "replies": [
        {
          "text": "Koi year lagte pare",
          "votes": "0",
          "replies": [
            {
              "text": "1-2",
              "votes": "1",
              "replies": []
            }
          ]
        }
      ]
    },
    {
      "text": "100%",
      "votes": "0",
      "replies": []
    },
    {
      "text": "Not anytime soon. Hasina was just sentenced to death",
      "votes": "1",
      "replies": []
    },
    {
      "text": "Not for a decade, at the very least.",
      "votes": "1",
      "replies": []
    },
    {
      "text": "as long as the current political system is here, 100% but not in the near future",
      "votes": "1",
      "replies": []
    }
  ],
  "id": 1
}