{
  "url": "https://www.reddit.com/r/bangladesh/comments/1pgly4d/ec_fully_prepared_to_hold_national_polls/",
  "hash": "43e3b602a94fd97c91209d9e9eb7a7d0",
  "scraped_at": "2025-12-08T11:18:33.387974",
  "title": "EC fully prepared to hold national polls, referendum in Feb, CEC tells CA Yunus",
  "description": null,
  "votes": "5",
  "comments": [
    {
      "text": "",
      "votes": "1",
      "replies": []
    },
    {
      "text": "Read more: https://www.tbsnews.net/bangladesh/cec-nasir-election-commissioners-jamuna-meeting-ca-yunus-1303766",
      "votes": "1",
      "replies": []
    }
  ],
  "id": 10
}