{
  "url": "https://www.reddit.com/r/bangladesh/comments/1par3s1/discord_server_for_socialising/",
  "hash": "f92184ac143735c5b18d3e9a2b454453",
  "scraped_at": "2025-12-08T11:45:12.179414",
  "title": "Discord Server for socialising",
  "description": "I know discord servers are ofc already made of socialising. But the reason I wanna make one is for people who feel disconnected from society ig? People who also don't like the trendy stuff at bd. Wanna explore less popular stuff here and instead try other stuff may that be niches or smth that's just popular in foreign. Ik it's a vague description somewhat but I just wanna try smth new and meet/interract w new people. May as well try smth new instead of sitting around sulking yk?",
  "votes": "1",
  "comments": [
    {
      "text": "You can join https://discord.gg/F3kNUSBFYt it's goal is to network for career and connect. So no brainrot senanigans",
      "votes": "1",
      "replies": [
        {
          "text": "Not what I had in mind i think but will check it out. Thank you",
          "votes": "1",
          "replies": []
        }
      ]
    },
    {
      "text": "I'm down for chit chats",
      "votes": "1",
      "replies": [
        {
          "text": "Unfortunately this post didn't get reach at all to go ahead with the plan 😭. Feel free to dm if u like",
          "votes": "1",
          "replies": []
        }
      ]
    },
    {
      "text": "Link",
      "votes": "1",
      "replies": []
    },
    {
      "text": "",
      "votes": "1",
      "replies": [
        {
          "text": "wdym u should be able to",
          "votes": "1",
          "replies": [
            {
              "text": "",
              "votes": "1",
              "replies": []
            }
          ]
        }
      ]
    }
  ],
  "id": 103
}