{
  "url": "https://www.reddit.com/r/bangladesh/comments/1pan8lg/backpacking_service_japan_to_bd/",
  "hash": "a16d81a4b9426d796daa6fdf59618c54",
  "scraped_at": "2025-12-08T11:45:29.524811",
  "title": "Backpacking Service - Japan to BD",
  "description": "I need a camera battery that is rare to find in BD but abundant in Japan. As airline policies are strict about lithium batteries, I can't seem to figure out how to bring one to BD. Is there any backpacking service or similar ones that can do that at an affordable price?",
  "votes": "3",
  "comments": [
    {
      "text": "Your post has been automatically put into the moderation queue for review, due to not meeting one (or more) of the subreddit rules. You can message the moderators and share the link to your post (mandatory) if you do not receive a response within a day or two.\nRule(s): Your account should have at least 5 karma points in order to submit a post.\nI am a bot, and this action was performed automatically. Please contact the moderators of this subreddit if you have any questions or concerns.",
      "votes": "1",
      "replies": []
    }
  ],
  "id": 104
}