{
  "url": "https://www.reddit.com/r/bangladesh/comments/1pak681/biman_bangladesh/",
  "hash": "476cf61630cc735c6030083eee510d10",
  "scraped_at": "2025-12-08T11:46:07.425159",
  "title": "Biman Bangladesh",
  "description": "I’m trying to book a ticket with Biman Bangladesh Airlines, but my passport is currently expired and I’m waiting for the new one to arrive.\nWhen I tried to enter my expired passport info on the Biman website, it wouldn’t accept the expired date. The system only allows future expiry dates.\nCan I enter a temporary placeholder expiry date just to complete the booking, and then email them later to update it once I get my new passport?\nHas anyone done this before? Will this cause any issues during check-in?",
  "votes": "3",
  "comments": [
    {
      "text": "While I haven't tried this with Biman, I have booked on another airlines using this strategy and later called and updated the date when I got new passport. Didn't have an issue.",
      "votes": "3",
      "replies": []
    },
    {
      "text": "Your post has been automatically put into the moderation queue for review, due to not meeting one (or more) of the subreddit rules. You can message the moderators and share the link to your post (mandatory) if you do not receive a response within a day or two.\nRule(s): Your account should have at least 5 karma points in order to submit a post.\nI am a bot, and this action was performed automatically. Please contact the moderators of this subreddit if you have any questions or concerns.",
      "votes": "1",
      "replies": []
    }
  ],
  "id": 106
}