{
  "url": "https://www.reddit.com/r/bangladesh/comments/1pahhx2/hey_selling_my_macbook_bro_anyone_planning_to_get/",
  "hash": "22eb6be09e6fc60d57750e5ab31877ea",
  "scraped_at": "2025-12-08T11:46:57.908976",
  "title": "hey, selling my macbook bro, anyone planning to get one at best price?",
  "description": "Hey, I recently have upgrade my macbook and listed prev one to sell, thought that it might be a good idea to post here, and I am selling at very good price, not like some other people thinks \"joto taka uthano jay\", haha, and also I am freelance Software Engineer, not a professional seller.\nMacBook Pro 14” M3 Pro\nSpecs:\n- Chip: Apple M3 Pro (11-core CPU, 14-core GPU)\n- RAM: 18GB Unified Memory\n- Storage: 512GB SSD\n- Display: 14.2-inch Liquid Retina XDR\n- Color: Space Gray\nBattery Health Information:\n- Cycle Count: 92\n- Condition: Normal\n- Maximum Capacity: 98%",
  "votes": "3",
  "comments": [
    {
      "text": "might wanna try Facebook marketplace instead",
      "votes": "1",
      "replies": [
        {
          "text": "thanks listed already, i thought that here i would get more quality people u know",
          "votes": "1",
          "replies": [
            {
              "text": "it is Reddit I really don't know about that",
              "votes": "1",
              "replies": []
            }
          ]
        }
      ]
    }
  ],
  "id": 109
}