{
  "url": "https://www.reddit.com/r/bangladesh/comments/1pafdbj/%E0%A6%97%E0%A6%A8_%E0%A6%97%E0%A6%87%E0%A6%A4_%E0%A6%AC%E0%A6%A7_%E0%A6%A6%E0%A7%9F%E0%A7%9F_%E0%A6%A6%E0%A6%B7%E0%A6%9F%E0%A6%AA%E0%A6%B0%E0%A6%A4%E0%A6%AC%E0%A6%A8%E0%A6%A7_%E0%A7%AF_%E0%A6%9C%E0%A6%A8%E0%A6%B0_%E0%A6%AA%E0%A6%B0%E0%A6%AC%E0%A6%B0%E0%A6%B0_%E0%A6%9C%E0%A6%AC%E0%A6%95_%E0%A6%AC%E0%A6%A8%E0%A6%A7/",
  "hash": "6623b4b7a44fb8f161932d7db3d0d577",
  "scraped_at": "2025-12-08T11:47:32.667402",
  "title": "গান গাইতে বাধা দেয়ায় দৃষ্টিপ্রতিবন্ধী ৯ জনের পরিবারের জীবিকা বন্ধ",
  "description": null,
  "votes": "62",
  "comments": [
    {
      "text": "",
      "votes": "1",
      "replies": []
    },
    {
      "text": "...মিছিল থেকে কিছু মাদ্রাসা ছাত্র এসে গান করতে বাধা দেয়। গান করলে তারা যন্ত্রপাতি ভেঙে ফেলবে বলে হুমকি দেয়",
      "votes": "18",
      "replies": [
        {
          "text": "অথচ যারা এদের বলাৎকার করে সেই হুজুরদের কিছু বলতে পারে না:\nমাদ্রাসায় ১৫ মাসে ধর্ষণের শিকার ৬২ ছেলেশিশু, মৃত্যু ৩ https://samakal.com/bangladesh/article/58399/%E0%A6%AE%E0%A6%BE%E0%A6%A6%E0%A7%8D%E0%A6%B0%E0%A6%BE%E0%A6%B8%E0%A6%BE%E0%A7%9F-%E0%A7%A7%E0%A7%AB-%E0%A6%AE%E0%A6%BE%E0%A6%B8%E0%A7%87-%E0%A6%A7%E0%A6%B0%E0%A7%8D%E0%A6%B7%E0%A6%A3%E0%A7%87%E0%A6%B0-%E0%A6%B6%E0%A6%BF%E0%A6%95%E0%A6%BE%E0%A6%B0-%E0%A7%AC%E0%A7%A8-%E0%A6%9B%E0%A7%87%E0%A6%B2%E0%A7%87%E0%A6%B6%E0%A6%BF%E0%A6%B6%E0%A7%81-%E0%A6%AE%E0%A7%83%E0%A6%A4%E0%A7%8D%E0%A6%AF%E0%A7%81-%E0%A7%A9\nhttps://bangla.bdnews24.com/samagrabangladesh/4cd00c7701ee\nhttps://www.jugantor.com/country-news/955802\nhttps://www.prothomalo.com/bangladesh/district/06nyi8d53y",
          "votes": "11",
          "replies": []
        }
      ]
    },
    {
      "text": "আহা! অনেক বছর আগে বোধহয় ইত্যাদিতে উনাদের দেখেছিলাম। এত বছর পর এরকম নিউজ দেখে খুব কষ্ট লাগে।",
      "votes": "8",
      "replies": []
    },
    {
      "text": "নতুন বাংলাদেশ, জুলাই এর বাংলাদেশ, জেন-জির বাংলাদেশ। ইনকিলাব জিন্দাবাদ",
      "votes": "4",
      "replies": []
    },
    {
      "text": "তৌহিদি জনতাকে এখন পাওয়া যাবে না। ২০২৫ সালে এসে এদেশে গান গাওয়ার স্বাধীনতা নাই।",
      "votes": "4",
      "replies": [
        {
          "text": "শরীয়াহ, খিলাফাহ বাস্তবায়ন হচ্ছে, এগুলা মেনে নিতে হবে",
          "votes": "1",
          "replies": []
        }
      ]
    },
    {
      "text": "Source: https://bartabazar.com/news/222652/",
      "votes": "3",
      "replies": []
    },
    {
      "text": "BD 2.0 !",
      "votes": "3",
      "replies": []
    },
    {
      "text": "Fucked up, they target poor people first",
      "votes": "1",
      "replies": []
    }
  ],
  "id": 111
}