{
  "url": "https://www.reddit.com/r/bangladesh/comments/1p9ue56/looking_for_enthusiastic_knowledge_hungry_minds/",
  "hash": "7b27cf047a21b6bd98c186a85f0834f3",
  "scraped_at": "2025-12-08T11:48:27.639471",
  "title": "Looking for Enthusiastic knowledge Hungry Minds",
  "description": "I am from one of the renowned universities of Bangladesh (23). Actually I love to learn and I have a lot of curiosity about everything that happens around. I practice philosophy, literature, world politics, sports, and many more. Also I know about human psychology ( will share them). So if you are a knowledge hungry person like me, want to develop yourself, want to know about the world and what is going around, moreover want to deal with day to day problems, I will assist you.",
  "votes": "6",
  "comments": [
    {
      "text": "That's very nice to get a post like this in this sub. However, you can dm me. I have a very close friend, I always share lots and lots of links with him. In return, he sends me very few. So, if I get a person who will help me to be knowledgeable, I will be glad. Sometimes, even discuss various topics over the phone.",
      "votes": "2",
      "replies": [
        {
          "text": "Bro count me in amr onk interested ahce in this kind of topic eh 🗣️",
          "votes": "1",
          "replies": [
            {
              "text": "Okay then, I think we can create a Whatsapp group for intellectuals",
              "votes": "1",
              "replies": []
            }
          ]
        }
      ]
    },
    {
      "text": "Hmm noice human psychology is one interesting topic",
      "votes": "2",
      "replies": [
        {
          "text": "Fr fr",
          "votes": "1",
          "replies": []
        }
      ]
    },
    {
      "text": "At last find someone.dude which district are u from",
      "votes": "1",
      "replies": [
        {
          "text": "Dhaka",
          "votes": "1",
          "replies": []
        }
      ]
    },
    {
      "text": "good to go. your interested part is philosophy? lets start with someone",
      "votes": "1",
      "replies": [
        {
          "text": "Dm",
          "votes": "1",
          "replies": []
        }
      ]
    },
    {
      "text": "Bro Dm 🗣️",
      "votes": "1",
      "replies": [
        {
          "text": "I always like these kinds of people who are really hungry to learn and know everything not like others who are \"Jani nah,hudaii, dorkar nai,pagol er khota, eygula tok k bolce blah blah\" so I'm also interested 📪",
          "votes": "1",
          "replies": []
        },
        {
          "text": "Check",
          "votes": "1",
          "replies": []
        }
      ]
    },
    {
      "text": "Interesting..i want to start learning interesting..can i join??",
      "votes": "1",
      "replies": [
        {
          "text": "Sure, surer. Dm",
          "votes": "1",
          "replies": []
        }
      ]
    },
    {
      "text": "I look for people who think the same way too",
      "votes": "1",
      "replies": []
    },
    {
      "text": "Which university are you from?",
      "votes": "1",
      "replies": [
        {
          "text": "Dm",
          "votes": "1",
          "replies": []
        },
        {
          "text": "DM",
          "votes": "1",
          "replies": []
        }
      ]
    },
    {
      "text": "Do you want to know about calculus? I am interested to learn that.",
      "votes": "1",
      "replies": [
        {
          "text": "Sure, why not. We can start",
          "votes": "1",
          "replies": []
        }
      ]
    },
    {
      "text": "Can i join?",
      "votes": "1",
      "replies": []
    }
  ],
  "id": 114
}