{
  "url": "https://www.reddit.com/r/bangladesh/comments/1p9qz7y/%E0%A6%A8%E0%A6%95%E0%A6%B2_%E0%A6%95%E0%A6%B0_%E0%A6%B8%E0%A6%B0_%E0%A6%A6%E0%A7%9C%E0%A6%AA%E0%A6%B2%E0%A6%B2%E0%A6%B0_%E0%A6%AA%E0%A6%B0%E0%A6%9A%E0%A6%B0/",
  "hash": "6c8544f1163abea5d74b9fdce166319b",
  "scraped_at": "2025-12-08T11:49:02.350217",
  "title": "নকল করা সুরে দাড়িপাল্লার প্রচার",
  "description": null,
  "votes": "17",
  "comments": [
    {
      "text": "",
      "votes": "1",
      "replies": []
    },
    {
      "text": "I thought music was Haram for them!",
      "votes": "3",
      "replies": []
    },
    {
      "text": "when you don't have the quality ! but you are claiming to be medhabi !!! hahahahahahaha",
      "votes": "1",
      "replies": []
    }
  ],
  "id": 116
}