{
  "url": "https://www.reddit.com/r/bangladesh/comments/1p9ms0k/predeparture_shopping_in_dhaka/",
  "hash": "fa5ae58589405ea17f0ac6aeec904098",
  "scraped_at": "2025-12-08T11:49:56.244332",
  "title": "Pre-departure shopping in Dhaka",
  "description": "What are some good and affordable places in Dhaka to shop for pre-departure clothing, shoes, and luggage for Europe?",
  "votes": "1",
  "comments": [
    {
      "text": "Dhaka New Market and adjacent areas",
      "votes": "2",
      "replies": []
    },
    {
      "text": "I live in EU, talking from experience. Don’t buy too much winter clothes or shoes, buy the bare minimum. You need to buy them here to cope up with the winter.\nFor T-shirt and Jeans, I prefer Infinity/Richman and Artisan. I’ve found their quality of products unbeatable at that price range compared to EU. For winter clothes, I recommend Artisan only. For shoes, I recommend anything as no matter what brand you choose, they aren’t as good as shoes here.\nNo need to buy a lot of stuff in BD. You can buy them here and the cost is similar to BD in the same quality.",
      "votes": "2",
      "replies": []
    },
    {
      "text": "Don’t buy too many clothes — you will find Bangladeshi clothes from various brands here.",
      "votes": "1",
      "replies": []
    },
    {
      "text": "Don't buy so many clothes. In terms of quality, prices are higher in Bangladesh.",
      "votes": "1",
      "replies": []
    }
  ],
  "id": 119
}