{
  "url": "https://www.reddit.com/r/bangladesh/comments/1pgizxk/%E0%A7%AD%E0%A7%A7_%E0%A6%8F%E0%A6%B0_%E0%A6%AA%E0%A6%B0%E0%A6%9C%E0%A6%A8%E0%A6%AE_%E0%A6%A8%E0%A6%95%E0%A6%B7%E0%A6%9F%E0%A6%A4%E0%A6%AE_%E0%A7%AD%E0%A7%A7_%E0%A6%8F%E0%A6%B0_%E0%A6%AF%E0%A6%A6%E0%A6%A7_%E0%A6%AE%E0%A6%A5%E0%A6%AF_%E0%A6%B8%E0%A6%AC%E0%A6%A7%E0%A6%A8%E0%A6%A4_%E0%A6%AE%E0%A6%A5%E0%A6%AF_%E0%A7%A7%E0%A7%AC%E0%A6%87/",
  "hash": "c4cb99598e637fb81774d391f8623e92",
  "scraped_at": "2025-12-08T11:19:06.384781",
  "title": "\"৭১ এর প্রজন্ম নিকৃষ্টতম, ৭১ এর যুদ্ধ মিথ্যা, স্বাধীনতা মিথ্যা, ১৬ই ডিসেম্বর বিজয় দিবস না কালো দিবস\" এরা এসব বলেই যাচ্ছে। মানুষ সামনে বসে ঠিক ঠিক করে যাচ্ছে।",
  "description": null,
  "votes": "60",
  "comments": [
    {
      "text": "",
      "votes": "1",
      "replies": []
    },
    {
      "text": "He is a bastard",
      "votes": "21",
      "replies": []
    },
    {
      "text": "He should be deported to Pakistan where he will flourish.",
      "votes": "35",
      "replies": [
        {
          "text": "Some people in BD already doing it.",
          "votes": "8",
          "replies": [
            {
              "text": "They are going back to Pakistan? Oh good! The country could save some money deporting them.",
              "votes": "5",
              "replies": []
            }
          ]
        },
        {
          "text": "Even they don't want these scums",
          "votes": "5",
          "replies": []
        }
      ]
    },
    {
      "text": "এইটারে হাসিনা যে জেলে দিছিলো, একদম ভালো কাজ করছিলো।",
      "votes": "11",
      "replies": []
    },
    {
      "text": "এই লোক কোন প্রজন্ম থেকে? কারণ এর চেয়ে নিকৃষ্টতম মানব আমি কখনো দেখিনি. Just look at this bastard’s language, it shows what kind of person he really is. His face screams a rapist. I’ll be deeply disappointed if current government doesn’t arrest him",
      "votes": "9",
      "replies": [
        {
          "text": "তাকে arrest করবে?? অসম্ভব। কারন এটা তারই সরকার।",
          "votes": "3",
          "replies": []
        }
      ]
    },
    {
      "text": "Now that he mentioned Shiraj Sikdar who was a hard core communist, it's like how BJP now praises Bhagat Singh, these right wing bigots will use anyone to further their cause !!!!",
      "votes": "12",
      "replies": []
    },
    {
      "text": "এই লোক মাদ্রাসার বাচ্চা ছেলেদের রে প করে।",
      "votes": "6",
      "replies": []
    },
    {
      "text": "এরাই সামনে দেশ পরিচালনা করবে!!!",
      "votes": "6",
      "replies": []
    },
    {
      "text": "Deport him to Pakistan so he can serve his masters there",
      "votes": "6",
      "replies": []
    },
    {
      "text": "১৬ই ডিসেম্বর সেই দিন যেদিন থেকে এদের গুহা চিচিং ফাঁক হয়ে আছে। একটু কান্নাকাটি করুক না হয়।",
      "votes": "6",
      "replies": []
    },
    {
      "text": "These bastards don’t deserve to be in Bangladesh.",
      "votes": "5",
      "replies": []
    },
    {
      "text": "ছাগল একটা",
      "votes": "4",
      "replies": []
    },
    {
      "text": "Oy ekta bokachoda, edire dhon bainda tin rastar mor e jhulaye rakha uchit, islam er naam koira mahfil e giya egula kore",
      "votes": "4",
      "replies": []
    },
    {
      "text": "Lock these bitches up",
      "votes": "3",
      "replies": []
    },
    {
      "text": "এরপর এদের জেইলে নিলে আর রাষ্ট্রদ্রোহী মামলা দিলে, কেউ নিশ্চয়ই মাইন্ড করবে না. এক অর্থে ভালোই, এদের সবার চেহারাটা বের হয়ে আসছে🙂",
      "votes": "3",
      "replies": [
        {
          "text": "নিচ্ছে না তো জেলে। এটাইতো সমস্যা।",
          "votes": "2",
          "replies": []
        }
      ]
    },
    {
      "text": "সোর্স- https://www.facebook.com/share/v/1MFrBgf45s/",
      "votes": "2",
      "replies": []
    },
    {
      "text": "Point to be noted 🤣 corona Ibrahim তু তো গ্যায়া।",
      "votes": "2",
      "replies": []
    },
    {
      "text": "These behaviors look like holocaust denial type stuff",
      "votes": "2",
      "replies": []
    },
    {
      "text": "এই রাজাকারের বাচ্চারে রাষ্ট্রদ্রোহী মামলা করা উচিৎ। সাথে ঠিক বলা জম্বীদের পাবনা দেওয়া উচিৎ।",
      "votes": "2",
      "replies": []
    },
    {
      "text": "সোর্স- https://www.facebook.com/share/v/17sCrVkXGC/",
      "votes": "2",
      "replies": []
    },
    {
      "text": "",
      "votes": "2",
      "replies": [
        {
          "text": "",
          "votes": "2",
          "replies": []
        },
        {
          "text": "book and author???",
          "votes": "1",
          "replies": []
        }
      ]
    }
  ],
  "id": 12
}