{
  "url": "https://www.reddit.com/r/bangladesh/comments/1p9jdy1/mechrevo_dragon_16_pro/",
  "hash": "755a6bbf436af7fe564c9f4670543b32",
  "scraped_at": "2025-12-08T11:50:31.394196",
  "title": "Mechrevo Dragon 16 Pro",
  "description": "Sell post - Mechrevo Dragon 16 pro R9_9955hx, 5070ti beast\nAssalamu Alaikum. Up for sale is my personal Mechrevo Dragon . This is one of the most premium gaming laptops available in Bangladesh right now. It handles 1440p/4K gaming effortlessly.Bought from twinkle gadget (one of the most renowned shop in BD)\n💻 Device Condition:\n• Used For: [light use for 2 Months]\n• Condition: [Fresh / Mint condition, no scratches]\n• Thermal Performance: Excellent. (Feel free to stress test before buying).\n⚙️ Specifications:\n👑 R9_9955hx, 16 core 32 threads, 80mb cache, 5.4ghz max clock speed, zen 5\n🎮 RTX 5070ti 12gb gddr7 140watt, advanced optimus mux switch, DLSS 4\n🧩 32gb ddr5 5600mhz,\n📂 1tb gen 4, 2* ssd slot\n🖥 16inch 300hz WQXGA 2560*1600 ips, 16:10 ratio, 100% sRGB, 500 nits, DC dimming, 90% screen-to-body ratio, anti glare screen\n🔋 80wh battery, 🔌280w adapter\n📦 What’s Included:\n• Original Box\n• Original 280W Small Form Factor Adapter.",
  "votes": "2",
  "comments": [
    {
      "text": "where did you buy it. and why are you selling it",
      "votes": "1",
      "replies": [
        {
          "text": "i already mentioned in the post.read again",
          "votes": "1",
          "replies": []
        }
      ]
    }
  ],
  "id": 121
}