{
  "url": "https://www.reddit.com/r/bangladesh/comments/1p9g74g/researchers_identify_two_deep_paleowater_sources/",
  "hash": "2ebf0adc44b83fd80534f4732c619c1a",
  "scraped_at": "2025-12-08T11:51:23.715604",
  "title": "Researchers identify two deep 'paleowater' sources in Sundarbans",
  "description": null,
  "votes": "8",
  "comments": [
    {
      "text": "",
      "votes": "1",
      "replies": []
    },
    {
      "text": "Read more: https://www.tbsnews.net/bangladesh/environment/researchers-identify-two-deep-paleowater-sources-sundarbans-1297261",
      "votes": "1",
      "replies": []
    }
  ],
  "id": 124
}