{
  "url": "https://www.reddit.com/r/bangladesh/comments/1p98wck/chief_adviser_has_ordered_arrests_over_attacks_on/",
  "hash": "ee5878c532038f158ad926fd821da68f",
  "scraped_at": "2025-12-08T11:51:38.984595",
  "title": "Chief adviser has ordered arrests over attacks on bauls: Shafiqul",
  "description": "Chief Adviser's Press Secretary Shafiqul Alam today said the chief adviser has ordered immediate arrest of those involved in recent attacks on members of the Baul community. \"The chief adviser has directed that everyone involved in the attacks on the bauls be arrested without delay. Police are already acting on this order, and work is progressing swiftly,\" he told reporters at the Foreign Service Academy this afternoon following a meeting of the advisory council.\nhttps://www.thedailystar.net/news/bangladesh/news/chief-adviser-has-ordered-arrests-over-attacks-bauls-shafiqul-4044956",
  "votes": "8",
  "comments": [
    {
      "text": "Now a Jongi is gonna threaten Yunus online and he is gonna fall back immediately.",
      "votes": "3",
      "replies": [
        {
          "text": "That's how the circle of drama works",
          "votes": "1",
          "replies": []
        },
        {
          "text": "This the pre scripted National Drama , bro",
          "votes": "1",
          "replies": []
        }
      ]
    },
    {
      "text": "তা কয়জন গ্রেফতার হল?",
      "votes": "2",
      "replies": [
        {
          "text": "probably not, repeated injustice in our country",
          "votes": "1",
          "replies": [
            {
              "text": "সরকার জামাতি প্রেসক্রিপশনে Islam vs Anti-Islam ধারণা ছড়াতে এই কাজ করছে, তখন পরিস্থিতি গরম ছিল বলে ডাস্টবিন শাব বামপন্থীদের চাপে এই কথা বলতে বাধ্য হয়েছেন",
              "votes": "1",
              "replies": []
            }
          ]
        }
      ]
    }
  ],
  "id": 125
}