{
  "url": "https://www.reddit.com/r/bangladesh/comments/1p96tmy/what_do_you_think_of_this_quote/",
  "hash": "c3491d803519044ded4c81bcd6a229fc",
  "scraped_at": "2025-12-08T11:51:54.838109",
  "title": "What do you think of this quote?",
  "description": null,
  "votes": "31",
  "comments": [
    {
      "text": "",
      "votes": "1",
      "replies": []
    },
    {
      "text": "Diddy ahhh statement",
      "votes": "19",
      "replies": []
    },
    {
      "text": "Deshe islami sason bebostha nai boile 🤪",
      "votes": "8",
      "replies": []
    },
    {
      "text": "Ronaldo'r biye hoche na tai",
      "votes": "14",
      "replies": [
        {
          "text": "Amir be like :- Dekhei Georgia maa muni ashotoh ekta Chummu 😘 dei",
          "votes": "1",
          "replies": []
        }
      ]
    },
    {
      "text": "দুদু বার করে স্বাধীনতা? 🙈 এই স্বাধীনতাই কি আমরা চেয়েছিলাম? 🤪",
      "votes": "13",
      "replies": []
    },
    {
      "text": "Enemy of Bangladesh & Its existence.",
      "votes": "11",
      "replies": []
    },
    {
      "text": "MF!",
      "votes": "3",
      "replies": []
    },
    {
      "text": "Bro was enemy during first one",
      "votes": "5",
      "replies": []
    },
    {
      "text": "কারণ তুমি সবসময় পুটকী মারার আর খাওয়া র ধান্দায় করে গেছো। এর বাইরেও আর অনেক কিছু করা যায় ওগুলার চিন্তা আসে নাই।",
      "votes": "5",
      "replies": []
    },
    {
      "text": "Karon shadhinota to dekhso lungir tole theke.",
      "votes": "2",
      "replies": []
    },
    {
      "text": "তারা মসনদে বসলেই স্বাধীনতা কায়েম হবে তাই 🫣",
      "votes": "2",
      "replies": []
    },
    {
      "text": "Aro koyekjonre chumay dekhen jodi paan😔🥀",
      "votes": "2",
      "replies": []
    },
    {
      "text": "রাজাকারের স্বাধীনতা ৪৭ আর ২৪",
      "votes": "2",
      "replies": []
    },
    {
      "text": "কারন প্রথমবার তোমরা একটা বাইন** ছিলা",
      "votes": "3",
      "replies": []
    },
    {
      "text": "কারণ চেটে চেটে তোমরা তোমাদের জিহবার অবস্থা খারাপ করে ফেলছ। একাত্তরে চাটতা পাকিস্তানিদের জুতা। এবারেও তো কোন মনিবের জুতাই চাটবা। স্বাদ আর পাবা কেমনে।",
      "votes": "1",
      "replies": []
    },
    {
      "text": "Coz old hag shek hasina was there",
      "votes": "0",
      "replies": []
    },
    {
      "text": "আমরা নিজেরাই ভালো না। স্বার্থের খেলায় মেতে আছি স‍্যার। নিজেরা ভালো হলেই স্বাদ পাব ইনশাআল্লাহ",
      "votes": "0",
      "replies": []
    },
    {
      "text": "Rajakar der continuous destructive activities er jonno",
      "votes": "1",
      "replies": []
    },
    {
      "text": "Rajakar der continuous destructive activities er jonno",
      "votes": "1",
      "replies": []
    }
  ],
  "id": 126
}