{
  "url": "https://www.reddit.com/r/bangladesh/comments/1p91iw3/information_about_the_immigration_process/",
  "hash": "174c3c519e9242259505b4dd54bb0d15",
  "scraped_at": "2025-12-08T11:52:12.822608",
  "title": "Information about the immigration process",
  "description": "Hi everyone, I need some information. I will be traveling to Bangladesh soon through Dhaka Airport, and I want to bring 2 new mobile phones for my family. I also have 2 personal phones that I use myself.\nIs it allowed to carry these 4 phones in total, or will there be any issues at immigration? It would be very helpful if anyone has any information or recent experience regarding this.",
  "votes": "3",
  "comments": [
    {
      "text": "You can easily bring them, no worries. Recently my friend came with 6 phones, he didn’t face any issues.",
      "votes": "3",
      "replies": [
        {
          "text": "Thanks a lot for the information and Have a great day🙂",
          "votes": "1",
          "replies": []
        }
      ]
    }
  ],
  "id": 127
}