{
  "url": "https://www.reddit.com/r/bangladesh/comments/1p8usrz/iba_mba_admission_test/",
  "hash": "f5f5f8aa53c293e99320e5675f2eb4f7",
  "scraped_at": "2025-12-08T11:52:28.684756",
  "title": "IBA MBA admission test",
  "description": "I am an engineering graduate. I have applied for the IBA MBA admission test of Dhaka University and taking preparation for it. Can anyone experienced share their idea about the admission test, like approximate what percentage of written test mark is required to go to next stage? Thanks in advance.",
  "votes": "1",
  "comments": [],
  "id": 128
}