{
  "url": "https://www.reddit.com/r/bangladesh/comments/1pgixlq/new_bastards_in_bd/",
  "hash": "956488456d193300779895cb787cf3ac",
  "scraped_at": "2025-12-08T11:19:48.427531",
  "title": "New Bastards in BD",
  "description": "I have never seen any bastards like Kazi Ibrahim who open said 16 December as Black Day.",
  "votes": "20",
  "comments": [
    {
      "text": "These traitors need to be marked for later",
      "votes": "12",
      "replies": [
        {
          "text": "Inglorious basterds treatment needed",
          "votes": "7",
          "replies": []
        }
      ]
    }
  ],
  "id": 13
}