{
  "url": "https://www.reddit.com/r/bangladesh/comments/1p8sy17/%E0%A6%97%E0%A6%AF%E0%A6%A8%E0%A6%A6_%E0%A6%9F%E0%A6%AE_%E0%A6%97%E0%A6%A0%E0%A6%A8_%E0%A6%95%E0%A6%B0%E0%A6%A8_%E0%A6%86%E0%A6%AE_%E0%A6%B2%E0%A6%95_%E0%A6%B8%E0%A6%AA%E0%A6%B2%E0%A6%87_%E0%A6%A6%E0%A6%AC_%E0%A6%93%E0%A6%B8%E0%A6%95_%E0%A6%9C%E0%A6%AE%E0%A7%9F%E0%A6%A4%E0%A6%B0_%E0%A6%AA%E0%A6%B0%E0%A6%B0%E0%A6%A5/",
  "hash": "993209e3d9f938c3a06f8923d835dbc7",
  "scraped_at": "2025-12-08T11:53:03.985540",
  "title": "গোয়েন্দা টিম গঠন করেন, আমি লোক সাপ্লাই দেব: ওসিকে জামায়াতের প্রার্থী",
  "description": null,
  "votes": "44",
  "comments": [
    {
      "text": "",
      "votes": "1",
      "replies": []
    },
    {
      "text": "i saw this video. their real face just coming out.",
      "votes": "13",
      "replies": [
        {
          "text": "Link to video?",
          "votes": "3",
          "replies": [
            {
              "text": "https://www.youtube.com/watch?v=45x48ElTdlk",
              "votes": "5",
              "replies": []
            }
          ]
        }
      ]
    },
    {
      "text": "জামাত এর হাবভাব পুরোই ক্ষমতায় থাকা দলের মতো। অবশ্য প্রশাসন তো ওদের ই দখলে, স্বাধীনতার পরে জামাত এতটা আরামে, ক্ষমতায় কখনো ছিলনা।",
      "votes": "10",
      "replies": []
    },
    {
      "text": "The audacity of bootlickers!",
      "votes": "9",
      "replies": []
    },
    {
      "text": "মাদ্রাসার বাচ্চা সাপ্লাই দিবে !?",
      "votes": "7",
      "replies": []
    },
    {
      "text": "gupto sibir er sob e goyenda",
      "votes": "7",
      "replies": []
    },
    {
      "text": "here is the video link: this is what Shajahan Chowdhury said earlier : https://www.youtube.com/watch?v=45x48ElTdlk",
      "votes": "4",
      "replies": []
    },
    {
      "text": "Source: https://www.prothomalo.com/bangladesh/district/lg1hlfu2dt",
      "votes": "3",
      "replies": []
    },
    {
      "text": "That tokai group now a days orders to law enforcement?",
      "votes": "0",
      "replies": []
    },
    {
      "text": "আমি জামাতরে দুই চোখেও দেখতে পারি না তবে আমাদের দেশের লেফ্টের একটাই সমস্যা পুরো জিনিস না দেখে হেডলাইন দেখে লাখানো যার ফলে ভ্যালিড ক্লেইম থাকলেও তাই ভয়েড় হয়ে যায়। ঘটনা আমার দাদার বাড়ির এলাকায়(মীরসরাই), শুধু এ মাসে প্রায় ৪০-৫০ টির উপরে চুরি ডাকাতি হয়েছে (বিয়ে বাড়ীতে পর্যন্ত ডাকাতি হয়েছে)। প্রত্যেক এলাকায় মানুষকে রাতের ঘুম বাদ দিয়ে পাহারা দিতে হয়। আমার চাচাতো ভাইও সপ্তাহে দুইদিন পাহারা দেয় পুরো রাত। এখানে পুলিশের অক্ষমতা প্রশ্ন করছে। শহরে/বিদেশে বসে গ্রামের মানুষের সিচুয়েশন না জেনে আউট অড কনটেক্সট পোস্ট করা খুব সহজ।",
      "votes": "-2",
      "replies": []
    },
    {
      "text": "",
      "votes": "-8",
      "replies": [
        {
          "text": "Ashche abbur side nite",
          "votes": "8",
          "replies": []
        },
        {
          "text": "এদের কাজ‌ই এটা। নিউজ করার দিনেই দুই জায়গায় ডাকাতি হয়েছে, এসব শহরে ফার্মের মুরগিরা গ্রামের স্ট্রাগল বুঝবে না",
          "votes": "-2",
          "replies": []
        }
      ]
    }
  ],
  "id": 130
}