{
  "url": "https://www.reddit.com/r/bangladesh/comments/1p8sgyi/iphone_suggestion/",
  "hash": "4f70d3706c99fa5b3f538cde5867e581",
  "scraped_at": "2025-12-08T11:53:21.865653",
  "title": "Iphone suggestion",
  "description": "I am thinking of getting a new iPhone which one should I get the 16 Pro Max or 17 Pro Max?",
  "votes": "1",
  "comments": [
    {
      "text": "borolox der problem.",
      "votes": "3",
      "replies": [
        {
          "text": "Borolox der social media chalaitesi🤌",
          "votes": "1",
          "replies": []
        }
      ]
    },
    {
      "text": "Your post has been automatically put into the moderation queue for review, due to not meeting one (or more) of the subreddit rules. You can message the moderators and share the link to your post (mandatory) if you do not receive a response within a day or two.\nRule(s): Your account should have at least 5 karma points in order to submit a post.\nI am a bot, and this action was performed automatically. Please contact the moderators of this subreddit if you have any questions or concerns.",
      "votes": "1",
      "replies": []
    },
    {
      "text": "maybe 17 pro max price will be lower in upcoming days",
      "votes": "1",
      "replies": []
    },
    {
      "text": "Go for the normal 17.. only if u need the extra camera and the bigger size, then 16 Pro max. 17pro max has nothing new except the new design and that too very dent prone and the colour fades off quickly.",
      "votes": "1",
      "replies": [
        {
          "text": "I was thinking the same thing. (Not a fan other models expect Pro Max models.) I do think the 16 pro max in black looks equintessentially sleek.",
          "votes": "1",
          "replies": []
        }
      ]
    },
    {
      "text": "if you have money get iphone 17 pro max.",
      "votes": "1",
      "replies": []
    }
  ],
  "id": 131
}