{
  "url": "https://www.reddit.com/r/bangladesh/comments/1p8quyj/why_is_dhaka_airport_registered_as_permanently/",
  "hash": "e3695e7e3b7249497bad16b6dbfdb917",
  "scraped_at": "2025-12-08T11:53:56.707500",
  "title": "Why is Dhaka airport registered as \"permanently closed\" on Google Maps?",
  "description": null,
  "votes": "38",
  "comments": [
    {
      "text": "",
      "votes": "1",
      "replies": []
    },
    {
      "text": "Hi, I will be traveling to Bangladesh next year from Italy and my flight is supposed to land at the Hazrat Shahjalal International Airport, which currently shows up as \"Permanently Closed\" on Google. I assume it is a mistake but I wanted to check with you guys.",
      "votes": "26",
      "replies": [
        {
          "text": "It's not. Regular (local and international) flights are ongoing. Don't worry about it.",
          "votes": "15",
          "replies": []
        }
      ]
    },
    {
      "text": "Somethings wrong. its not closed",
      "votes": "25",
      "replies": [
        {
          "text": "Thank you! I was worried for a second.",
          "votes": "8",
          "replies": [
            {
              "text": "My pleasure",
              "votes": "2",
              "replies": []
            }
          ]
        }
      ]
    },
    {
      "text": "LOL I saw one day that Jamuna Future Park was closed just three days before EID, which obviously didn’t seem true. I called them and they said it was some problem with their Google. So, it’s the same with the airport- obviously, it won’t be closed. Even if it were, every news channel in the world would have given breaking news",
      "votes": "6",
      "replies": []
    },
    {
      "text": "Its just that the owner of that account set the status to permanently closed. Bonkers.",
      "votes": "6",
      "replies": [
        {
          "text": "That's not how Gmaps work",
          "votes": "6",
          "replies": [
            {
              "text": "Is it crowdsourced??",
              "votes": "3",
              "replies": []
            }
          ]
        }
      ]
    },
    {
      "text": "It's never closed. You can relax",
      "votes": "2",
      "replies": []
    },
    {
      "text": "¹\nFor This 😅",
      "votes": "-4",
      "replies": []
    },
    {
      "text": "Benvenuto in Bangladesh frate 😂",
      "votes": "1",
      "replies": []
    }
  ],
  "id": 133
}