{
  "url": "https://www.reddit.com/r/bangladesh/comments/1p8pmvl/need_reviews_on_ostads_data_science_course/",
  "hash": "cd11bbe44542e223fedad205a8090b33",
  "scraped_at": "2025-12-08T11:54:13.430775",
  "title": "Need reviews on Ostad's data science course",
  "description": "Hi everyone. I know basic python. Just saw Ostad's data science course on Google. How is it? Today is black friday offer (they're giving 40% off). It''ll expire after today. Should I go for it?",
  "votes": "1",
  "comments": [
    {
      "text": "pick the syllabus and learn by self-study. And another thing, there is little to none data science job in bd",
      "votes": "2",
      "replies": []
    },
    {
      "text": "Just self-study and use the internet properly. DS is one of courses that the internet literally has proper learning topics TBH",
      "votes": "2",
      "replies": []
    }
  ],
  "id": 134
}