{
  "url": "https://www.reddit.com/r/bangladesh/comments/1p8m4nh/%E0%A6%89%E0%A6%9A%E0%A6%9B%E0%A6%A6%E0%A6%B0_%E0%A6%9C%E0%A6%A8%E0%A6%AF_%E0%A6%9C%E0%A6%B2_%E0%A6%AA%E0%A6%B0%E0%A6%B6%E0%A6%B8%E0%A6%95%E0%A6%B0_%E0%A6%B8%E0%A6%B9%E0%A7%9F%E0%A6%A4_%E0%A6%9A%E0%A7%9F_%E0%A6%AA%E0%A7%9F%E0%A6%A8_%E0%A6%AC%E0%A6%A8_%E0%A6%AC%E0%A6%AD%E0%A6%97_amar_desh/",
  "hash": "95e6b9d28b51b8f7a94b6cc94f6476c6",
  "scraped_at": "2025-12-08T11:54:46.564619",
  "title": "উচ্ছেদের জন্য জেলা প্রশাসকের সহায়তা চেয়ে পায়নি বন বিভাগ | Amar Desh",
  "description": null,
  "votes": "6",
  "comments": [
    {
      "text": "Your post has been automatically put into the moderation queue for review, due to not meeting one (or more) of the subreddit rules. You can message the moderators and share the link to your post (mandatory) if you do not receive a response within a day or two.\nRule(s): Your account should have at least 5 karma points in order to submit a post.\nI am a bot, and this action was performed automatically. Please contact the moderators of this subreddit if you have any questions or concerns.",
      "votes": "1",
      "replies": []
    }
  ],
  "id": 136
}