{
  "url": "https://www.reddit.com/r/bangladesh/comments/1p8cx29/%E0%A6%AE%E0%A6%A8%E0%A6%B7_technology_dependent/",
  "hash": "1ccf62e2146766b640ab0618fde95915",
  "scraped_at": "2025-12-08T11:55:23.269361",
  "title": "মানুষ technology dependent",
  "description": "মানুষ আমরা শুরু থেকেই টেক নির্ভর, এই যেমন কোদাল, কাচি, হাল, এইগুলো tools, সুতরাং আমরা কিছুই একটা করার জন্য কিছু একটা ভায়া প্রোডাক্ট দরকার । সফটওয়্যার বানাতে গিয়ে gui scratch টা একটা সফটওয়্যার itself । কাজেই আমরা ইন্ডিপেন্ডেন্ট না",
  "votes": "2",
  "comments": [
    {
      "text": "ইন্ডিপেন্ডেন্ট আবার কিরকম জিনিস",
      "votes": "1",
      "replies": [
        {
          "text": "Independent means u grow , u don’t bring from outsiders meaning u have resources and ur own ground has all of the minerals , but still we are not that resource, I am not saying as Bangladeshi, overall all human kind I meant to say , like we are all dependent on something to have something; A FORMATION IS already resourced and to have that material we need another kind of tools and then again to make that baked or new shape or new design we need another task or formation ; as human kind we are helpless 😐",
          "votes": "1",
          "replies": []
        }
      ]
    }
  ],
  "id": 138
}