{
  "url": "https://www.reddit.com/r/bangladesh/comments/1p87a9o/%E0%A6%8F%E0%A6%87_%E0%A6%AD%E0%A6%B0%E0%A6%B7%E0%A6%9F%E0%A6%A4_%E0%A6%85%E0%A6%A8%E0%A6%A7%E0%A6%A4_%E0%A6%A5%E0%A6%95_%E0%A6%86%E0%A6%AE%E0%A6%B0_%E0%A6%95%E0%A6%AD%E0%A6%AC_%E0%A6%AE%E0%A6%95%E0%A6%A4_%E0%A6%AA%E0%A6%AC/",
  "hash": "fea35c01258b69a4b8c5b0213536b484",
  "scraped_at": "2025-12-08T11:55:39.370755",
  "title": "এই ভ্রষ্টতা অন্ধতা থেকে আমরা কিভাবে মুক্তি পাবো ?",
  "description": "ফেসবুক ত্যাগ করে এখানে এসেছিলাম কিন্তু দুঃখের সাথে আবার সেই বাংলাদেশ কমিউনিটি তেই পরে থাকতে হয় , কারণ বাংলা ছাড়া আর কোন ভাষা ভালো করে বুঝিই না কিংবা দীর্ঘদিনের অভ্যাস বশত বাংলা বিহীন আর কোন কিছু ভালো লাগেনা , কিছুদিন কলকাতার কমিউনিটি ঘুরে ও শান্তি পাইলাম না ঐখানে কথা বলে স্বস্তি লাগে না ।\nযেখানেই বাংলাদেশ কমিউনিটি সেখানেই ঘুরে ফিরে আমরা এমন এক জায়গায় আটকে যাই সেটা হচ্ছে ধর্ম , এদেশের বেশিরভাগ মানুষ বিশেষ করে ইন্টারনেট বিভিন্ন কমিউনিটি তে দেখা যায় সবাই আমরা ভীষণ রকম গোড়া । ভিন্নমত কে শ্রদ্ধা জানানোর মত মানুষ এত অল্প যে প্রায় তাঁদের খুঁজে পেতে কষ্ট হয়ে যায় !\nঅফলাইনে সাইকেল নিয়ে ঘুরে বেড়ানোর সুবাদে আমি যত মানুষ দেখেছি তাঁর ভেতর গোড়া মানুষের সংখ্যা খুবই কম । কত হিন্দু মন্দিরে ,মাজারে হাফপ্যান্ট পরে বসে থেকেছি ,রমজান মাসে দুপুরবেলা এক মসজিদ মানুষের সামনে মসজিদের কল থেকে পানি পান করেছি , কোনদিন একটা মানুষ ও ধর্মের দোহাই দিয়ে আমাকে কটু কথা বলেনি , কত চায়ের দোকানে দীর্ঘ বিকেল কাটিয়েছি আমি কোন উগ্র মানুষ দেখিনি । বেশিরভাগ গ্রামের চায়ের দোকানে একপাশে বাউল গান চলেছে তো আরেক পাশে ওয়াজ কাউকে দেখিনি মারামারি করতে । আওয়ামীলীগ বিএনপি ফাইটিং করতে দেখেছি কিন্তু ধর্মের মারামারি একদম নয় । মাজারের পাশে মসজিদ সেখানে বাউল পন্থী ওহাবী পন্থী সবাই এক কাতারে নামাজ পড়তে দেখেছি ...\nএই যে অনলাইন উগ্রতা এইটা কি আমাদের ভেতর লুকিয়ে থাকা কোন গোপন বিষাদ ? নাকি অফলাইনে ধর্ম কে নিয়ে রাজনীতি করার ফলাফল ? আমরা অতীতে ও দেখেছি ধর্ম কে যখন বেশি রাজনীতিকরণ করা হয় তখনই অনলাইনে ও হেট কমেন্ট এ ভরে যায় । ধর্ম কে ব্যবহার করে রাষ্ট্র গঠন করার যে সাতচল্লিশের চেতনা (অনেকেই আবার সেই চেতনায় ফিরে যেতে চায়) সেই চেতনার বলী হয়েই কি আমাদের এই অন্ধ ঘৃণা ছড়ানো ?\nআপনার কি মনে হয় না আমরা নষ্ট হয়ে গেছি ? এই ভ্রষ্টতা অন্ধতা থেকে আমরা কিভাবে মুক্তি পাবো ?",
  "votes": "26",
  "comments": [
    {
      "text": "নষ্ট বিশ্বাসের বীজ গভীরে সুপ্ত ছিল, অনুকূল পরিবেশ পেয়ে এখন তার অস্তিত্বের জানান দিচ্ছে মাত্র। এই আগাছা দ্রুত পরিষ্কার না করলে অদূর ভবিষ্যতেই বাংলা সংস্কৃতির যেই মহীরুহ হাজার বছর ধরে বেড়ে উঠেছিলো, তার শেকড়ে পচন ধরাবে।",
      "votes": "12",
      "replies": [
        {
          "text": "Exactly !",
          "votes": "4",
          "replies": []
        }
      ]
    },
    {
      "text": "আমি তো মুক্তি খুঁজে পাই না। আরও অন্ধকারে দুবে যায় ।",
      "votes": "6",
      "replies": []
    },
    {
      "text": "আসলে মানুষ কে দায়বদ্ধতাহীন স্বাধীনতা দিলে যা হয় তাই দেখতে পাচ্ছেন এইখানে আর কিছু না। এফবি তে কোনো এক গাধা কোথাও কোনো কমেন্ট করলো আর কিছু বুদ্ধিজীবী ওই তার SS নিয়ে এই খানে শুরু হয়ে যাবে \" সব কিছু শেষ হয়ে গেলো আহহহহহহহ\"\nএই নোংরামি টাই ওদের একমাত্র \" অর্গাসমিক সুখ\" । নিজের মানসিক স্বাস্থ্যের জন্যই এদের ইগনোর করেন।",
      "votes": "5",
      "replies": []
    },
    {
      "text": "গত দশকে এই পরিবর্তন হয়েছে, কেনো জানি আমার মনেহয় মেজরিটির এক নীরব সমর্থন আছে!",
      "votes": "5",
      "replies": []
    },
    {
      "text": "Internet ba social media gulo bondho kore dilei BD theke 80% hatred kome jeto",
      "votes": "4",
      "replies": [
        {
          "text": "হয়তো বা , কিন্তু বন্ধ করে তো আর সমাধান করা যায় না , বরং এগুলো থাকার উপকার ও আছে । শুধু দরকার একটা শিক্ষিত জনগোষ্ঠী ।",
          "votes": "3",
          "replies": [
            {
              "text": "Ami r kono shomadhan dekhi na ashole. internet and social media shudhu BD te na, over the whole world ekta toxicity and moral downfall create korse jeta age society te chilo na. At least social media restrict kora uchit, cz currently social mediar busniess model e hocche promotion of hatred and toxicity. Onek country already social media restrict kora shuru korse.",
              "votes": "3",
              "replies": []
            }
          ]
        }
      ]
    },
    {
      "text": "না, এটা ভবিষ্যৎ বাংলাদেশ কোন দিকে যাবে তার এটা দীর্ঘ মেয়াদী পরিকল্পনা। আজ থেকে ৩০/৪০ বছর আগে আপনি এতো টুপি বোরখা দেখেননি। কিন্তু তখন মানুষ এতো আসৎ বা উগ্র ছিল না।",
      "votes": "11",
      "replies": [
        {
          "text": "অথচ আমাদের চোঁখের সামনে ওই পরিকল্পনা কারী গুলো শক্তিশালী হয়ে উঠছে , না বিএনপি না আওয়ামীলীগ কেউ তাঁদের নিশ্চিহ্ন করে নি বরং রাজনৈতিক প্রয়োজনে জিইয়ে রেখেছে ।আজ তাঁরাই আমাদের রাজনীতির পাঠ শেখায় 🙁",
          "votes": "11",
          "replies": []
        },
        {
          "text": "আগে মানুষের মাথায় ঘিলু বেশি ছিল আর টুপি কম ছিল, এখন টুপি বাড়সে আর ঘিলু কমসে।",
          "votes": "10",
          "replies": [
            {
              "text": "আগে টুপি ওয়ালা মানুষের মাথায় ও ঘিলু ছিল কিন্তু ওহাবিজম জনপ্রিয় হতে শুরু করার পর থেকেই টুপির নিচে ঘিলু কমতেছে...",
              "votes": "10",
              "replies": []
            },
            {
              "text": "ঘিলুসল্পতা টুপি দিয়ে ঢেকে রাখে মনে হয়।",
              "votes": "3",
              "replies": []
            }
          ]
        }
      ]
    },
    {
      "text": "সাধারণ মানুষও দিনে দিনে গোঁড়ামি সাপোর্ট করতেছে । একদল মানুষ ধর্মের দোহাই দিয়ে মানুষকে বিভ্রান্ত করছে। এটা খুবই উদ্বেগজনক।",
      "votes": "4",
      "replies": []
    },
    {
      "text": "ভাইয়া আপনে যে বললেন আপনি এখানে ওখানে ঘুরেন , চায়ের দোকানে, মাজারে ,রেন্ডম প্লেস এ বসে থাকেন , বিভিন্ন মানুষের সাথে আলাপ করেন ।আপনার এতো সৌভাগ্য কেমনে😔?🥹",
      "votes": "2",
      "replies": [
        {
          "text": "সাইক্লিং ! আমার একটা ভাঙাচোরা সাইকেল আছে প্রতিদিন কিলোমিটার বিশেক সাইকেল চালানোর চেষ্টা করি! কোরোনার শুরু থেকেই এইটা শুরু করেছিলাম ।",
          "votes": "5",
          "replies": []
        }
      ]
    },
    {
      "text": "Sad but True",
      "votes": "2",
      "replies": []
    },
    {
      "text": "Kolkata er ekta community den tih bhai",
      "votes": "1",
      "replies": []
    },
    {
      "text": "আমরা (পুরো ভারতীয় উপমহাদেশ) এখনো কলোনিয়াল মাইন্ডসেট থেকে বের হতে পারি নি।",
      "votes": "1",
      "replies": [
        {
          "text": "আমাদের বাঙালী দু পারেই বোধ হয় একইরকম ,তবে তামিল নাডু শুনেছি নিজেদের সংস্কৃতি নিয়ে খুব হুশিয়ার ? আমি অবশ্য বাংলাদেশের বাইরে কখনো যাই নি ইউটিউবের ট্রাভেল ভিডিও দেখার অভিজ্ঞতা থেকে বললাম ।",
          "votes": "1",
          "replies": []
        }
      ]
    }
  ],
  "id": 139
}