{
  "url": "https://www.reddit.com/r/bangladesh/comments/1p83mox/ec_moving_ahead_with_plan_to_hold_election_on_8/",
  "hash": "9a1a68b8a381344852d9c72f912d6275",
  "scraped_at": "2025-12-08T11:55:57.611754",
  "title": "EC moving ahead with plan to hold election on 8 February",
  "description": null,
  "votes": "10",
  "comments": [
    {
      "text": "",
      "votes": "1",
      "replies": []
    },
    {
      "text": "Good",
      "votes": "2",
      "replies": []
    },
    {
      "text": "Read more: https://www.tbsnews.net/bangladesh/ec-moving-ahead-plan-hold-election-8-february-1296576",
      "votes": "1",
      "replies": []
    }
  ],
  "id": 140
}