{
  "url": "https://www.reddit.com/r/bangladesh/comments/1p816s2/%E0%A6%95%E0%A6%AE%E0%A6%A8%E0%A6%9F_%E0%A6%B2%E0%A6%97/",
  "hash": "73245991d2081eb25136981c81f07b5b",
  "scraped_at": "2025-12-08T11:56:14.107238",
  "title": "কেমনটা লাগে?",
  "description": null,
  "votes": "20",
  "comments": [
    {
      "text": "",
      "votes": "1",
      "replies": []
    },
    {
      "text": "শীতকালে এগুলো পীড়া দেয় অনেক।",
      "votes": "6",
      "replies": []
    },
    {
      "text": "Epic battle?",
      "votes": "6",
      "replies": []
    },
    {
      "text": "Compilation between ____?",
      "votes": "3",
      "replies": []
    },
    {
      "text": "Do share your thoughts first.",
      "votes": "1",
      "replies": []
    },
    {
      "text": "may allah guide both of em LMAO",
      "votes": "0",
      "replies": []
    },
    {
      "text": "",
      "votes": "1",
      "replies": []
    }
  ],
  "id": 141
}