{
  "url": "https://www.reddit.com/r/bangladesh/comments/1p80vzm/%E0%A6%AC%E0%A7%9F_%E0%A6%AC%E0%A7%9C%E0%A6%A4_%E0%A6%AE%E0%A6%87%E0%A6%95_%E0%A6%AC%E0%A6%9C%E0%A6%A8%E0%A7%9F_%E0%A6%95%E0%A6%A8%E0%A6%B0_%E0%A6%AE%E0%A6%AC%E0%A6%AC%E0%A6%95_%E0%A6%AC%E0%A6%A4%E0%A6%B0%E0%A6%98%E0%A6%A4/",
  "hash": "53e37bc3eee6b13b5c17514061f4aa0c",
  "scraped_at": "2025-12-08T11:56:31.324780",
  "title": "বিয়ে বাড়িতে মাইক বাজানোয় কনের মা-বাবাকে বেত্রাঘাত",
  "description": null,
  "votes": "32",
  "comments": [
    {
      "text": "",
      "votes": "1",
      "replies": []
    },
    {
      "text": "https://www.ittefaq.com.bd/763667",
      "votes": "4",
      "replies": []
    }
  ],
  "id": 142
}