{
  "url": "https://www.reddit.com/r/bangladesh/comments/1p80k5m/%E0%A6%95%E0%A6%A4_%E0%A6%AE%E0%A6%A8%E0%A6%B7%E0%A6%95_%E0%A6%AE%E0%A6%9F%E0%A6%B0_%E0%A6%A8%E0%A7%9F_%E0%A6%AA%E0%A6%A0%E0%A7%9F%E0%A6%9B_%E0%A6%95_%E0%A6%9C%E0%A6%A8/",
  "hash": "a4f3ac4e8b3be16f261184c11181cd5b",
  "scraped_at": "2025-12-08T11:56:47.103239",
  "title": "কতো মানুষকে মাটির নিয়ে পাঠিয়েছে কে জানে?? 😑",
  "description": "https://www.facebook.com/photo.php?fbid=995695459475625&set=a.261065772938601&type=3",
  "votes": "57",
  "comments": [
    {
      "text": "",
      "votes": "1",
      "replies": []
    },
    {
      "text": "শালা নিজেরে আমসত্ত মনে করতেসে, রোদে দাঁড়ায় থাকে।",
      "votes": "28",
      "replies": [
        {
          "text": "সেরা 😂😂।",
          "votes": "4",
          "replies": []
        }
      ]
    },
    {
      "text": "পিপিড়ার ডানা ওঠে মরিবার তরে।",
      "votes": "14",
      "replies": []
    },
    {
      "text": "\"আমার নাম শাহজাহান চৌধুরী\"",
      "votes": "9",
      "replies": []
    },
    {
      "text": "Does he think the Sun moves around the Earth or what?",
      "votes": "5",
      "replies": [
        {
          "text": "No, the earth is flat.",
          "votes": "2",
          "replies": []
        }
      ]
    },
    {
      "text": "The dude has been underground for the last 16 years and now \"AMAKE CHINENNAI\" Bhodai, chinbe kymne 16 year basement e thakle",
      "votes": "5",
      "replies": []
    },
    {
      "text": "",
      "votes": "3",
      "replies": []
    },
    {
      "text": "",
      "votes": "-22",
      "replies": [
        {
          "text": "কি কোয়ালিটি?",
          "votes": "9",
          "replies": []
        }
      ]
    }
  ],
  "id": 143
}