{
  "url": "https://www.reddit.com/r/bangladesh/comments/1p7zryg/why_does_thailand_have_this_part_of_india/",
  "hash": "e7ff8880bf546e3f28d8d27414f9d11e",
  "scraped_at": "2025-12-08T11:57:24.411501",
  "title": "Why does Thailand have this part of India?",
  "description": null,
  "votes": "405",
  "comments": [
    {
      "text": "",
      "votes": "1",
      "replies": []
    },
    {
      "text": "Incorrect map of Bangladesh, Thailand. This is an insult to my tirongi and a serious threat to our empire i mean Thai Mata. I will immediately be in contact with my IT wing about this blasphemy against the nation so they can spin it into 100 different propaganda outlets in 100 different ways. Bangladesh is an integral part of our 400k year old thai civilisation it belongs to us not the native Bangladeshis we invented thai soup Jai Thai",
      "votes": "10",
      "replies": [
        {
          "text": "You are kidding, right?",
          "votes": "-2",
          "replies": []
        }
      ]
    },
    {
      "text": "This is a really bad map",
      "votes": "4",
      "replies": []
    },
    {
      "text": "From East Pakistan to West Vietnam. 😭",
      "votes": "4",
      "replies": []
    }
  ],
  "id": 145
}