{
  "url": "https://www.reddit.com/r/bangladesh/comments/1p7z99w/are_these_daily_earthquakes_in_bangladesh_really/",
  "hash": "d33d849255b83c6e8bbac3859c263fd1",
  "scraped_at": "2025-12-08T11:57:40.717893",
  "title": "Are These Daily Earthquakes in Bangladesh Really Natural?",
  "description": "In Bangladesh there are earthquakes almost every day now, and it doesn’t even feel “natural” anymore — it feels man-made. If that’s the case, then why would Dhaka University give a 15-day holiday? The epicenters are also showing up in the same areas again and again, and even quakes are happening in restricted places like the sea.whats your thoughts about it?",
  "votes": "0",
  "comments": [
    {
      "text": "Yeah now ik why Bangladesh’s average iq is 70 ffs",
      "votes": "32",
      "replies": []
    },
    {
      "text": "What the hell made your brain think that earthquake is manmade?",
      "votes": "18",
      "replies": []
    },
    {
      "text": "Oh god.\nNah hasina India theke remote diye kortese. Or maybe we are paying for shahbagi's sins. -s",
      "votes": "11",
      "replies": [
        {
          "text": "Or gathered Indian black magicians.",
          "votes": "1",
          "replies": []
        }
      ]
    },
    {
      "text": "\"Yeah nah, Jamat/Amlig/bimpi are behind this earthquake guys I think so\"",
      "votes": "6",
      "replies": []
    },
    {
      "text": "Bruh! It remind me that Indian news saying Bangladesh is doing nuclear testing lol!!😂",
      "votes": "6",
      "replies": []
    },
    {
      "text": "I don't think harp is behind it. If you loot at Bangladesh Earthquakes history I think the major earthquake on Dhaka where majority felt it made people on the edge.\n3/4 megnitute Earthquakes happened before but didn't make such headline since there wasn't any major one in Dhaka to wake people up.\nSo much frequency is concerning. What's interesting is that the fault line that we should be concerned about didn't create the recent 5.7Mw earthquake. It was a completely undiscovered fault line.",
      "votes": "5",
      "replies": [
        {
          "text": "Dauki fault line still major threat, but this one will have a devastating impact.",
          "votes": "4",
          "replies": []
        },
        {
          "text": "This is interesting.",
          "votes": "1",
          "replies": []
        }
      ]
    },
    {
      "text": "No the earthquakes are artificial. Whitebeard did it. /s\nDhaka university shut down cuz it was made in the British era. It's around 100 years old. The buildings have a much higher risk of structural failure.",
      "votes": "8",
      "replies": []
    },
    {
      "text": "Yeah, \"manmade earthquake\"",
      "votes": "4",
      "replies": []
    },
    {
      "text": "Sorry i was giving a paaad 💨 and it came put so strong it caused an earthquake the other day. Nothing to worry about people, mind your business.",
      "votes": "4",
      "replies": []
    },
    {
      "text": "Never felt so much disappointed on my fellow people -.-",
      "votes": "4",
      "replies": []
    },
    {
      "text": "Weren’t aftershocks supposed to be over?",
      "votes": "3",
      "replies": [
        {
          "text": "Not surely. Aftershocks can go on for weeks to couple months.",
          "votes": "4",
          "replies": []
        }
      ]
    },
    {
      "text": "nO",
      "votes": "3",
      "replies": []
    },
    {
      "text": "Did you mean nuclear tests under the Bay of Bengal?",
      "votes": "3",
      "replies": []
    },
    {
      "text": "Don’t tell anyone else and Bangladesh is testing nuclear bombs under Yunus administration. I’m working on this project as well. Next week, there’ll be another earthquake as we will test another bomb. Also, we’re making our rockets pointy.",
      "votes": "2",
      "replies": []
    }
  ],
  "id": 146
}