{
  "url": "https://www.reddit.com/r/bangladesh/comments/1p7ytp3/did_anyone_feel_an_earthquake_just_now/",
  "hash": "3883b6b122f746a20b122db34808496d",
  "scraped_at": "2025-12-08T11:58:15.711411",
  "title": "Did anyone feel an earthquake just now?",
  "description": "Or am I just paranoid",
  "votes": "19",
  "comments": [
    {
      "text": "Yes. Bed was shaking",
      "votes": "5",
      "replies": [
        {
          "text": "i was just closing my eyes, n felt it",
          "votes": "4",
          "replies": []
        }
      ]
    },
    {
      "text": "I didn't feel it but I can see it now. Really happened",
      "votes": "5",
      "replies": [
        {
          "text": "what app is this",
          "votes": "2",
          "replies": [
            {
              "text": "My earthquake Alerts - https://apps.apple.com/us/app/my-earthquake-alerts-feed/id975709372",
              "votes": "4",
              "replies": []
            }
          ]
        }
      ]
    },
    {
      "text": "Yea,, mom started yelling at me",
      "votes": "4",
      "replies": []
    },
    {
      "text": "",
      "votes": "3",
      "replies": []
    },
    {
      "text": "Honestly, I didn't notice until I checked my messenger group.",
      "votes": "3",
      "replies": []
    },
    {
      "text": "Lmao, I also thought it was my brain playing games with me",
      "votes": "2",
      "replies": []
    },
    {
      "text": "What is going on there? Why is it so frequently happening?",
      "votes": "2",
      "replies": [
        {
          "text": "ground under stress/tectonic plate still moving.",
          "votes": "3",
          "replies": []
        }
      ]
    },
    {
      "text": "yes for a brief moment",
      "votes": "2",
      "replies": []
    },
    {
      "text": "No wtf. Iwas in the bathtub nooooo",
      "votes": "2",
      "replies": []
    },
    {
      "text": "I was eating ;-;",
      "votes": "2",
      "replies": []
    },
    {
      "text": "Yes my bottle was shaking",
      "votes": "2",
      "replies": []
    },
    {
      "text": "I thought it was my Mill's storerooms. But it was again an earthquake.",
      "votes": "2",
      "replies": []
    },
    {
      "text": "yes",
      "votes": "2",
      "replies": []
    },
    {
      "text": "No",
      "votes": "1",
      "replies": []
    }
  ],
  "id": 148
}