{
  "url": "https://www.reddit.com/r/bangladesh/comments/1p7p9vu/%E0%A6%AC%E0%A6%B6%E0%A6%B7_%E0%A6%95%E0%A6%A8_%E0%A6%95%E0%A6%B0%E0%A6%A3_%E0%A6%A8%E0%A6%87_%E0%A6%95%E0%A6%A8%E0%A6%A4_%E0%A6%AE%E0%A6%A8_%E0%A6%96%E0%A6%B0%E0%A6%AA_%E0%A6%A5%E0%A6%95/",
  "hash": "54c46a0ed7b285c0814be5dee5dfa18e",
  "scraped_at": "2025-12-08T11:58:33.498019",
  "title": "বিশেষ কোনো কারণ নাই। কিন্তু মন খারাপ থাকে",
  "description": "ভাই সেরা লাগছে জিনিস টা😂",
  "votes": "2",
  "comments": [
    {
      "text": "",
      "votes": "1",
      "replies": []
    },
    {
      "text": "What is she doing in Bangladesh? Isn't she supposed to save Gotham??",
      "votes": "1",
      "replies": []
    }
  ],
  "id": 149
}