{
  "url": "https://www.reddit.com/r/bangladesh/comments/1pgepgy/how_much_do_you_expect_to_earn_once_you_graduate/",
  "hash": "7dd6c70c76215770f282f2fd2ad4691f",
  "scraped_at": "2025-12-08T11:20:24.327160",
  "title": "How much do you expect to earn once you graduate?",
  "description": "Hello .. I’m just curious as someone living abroad: What degree are you studying, how much are you paying for it, and how much do you expect to earn after graduating? Do you think you’ll be able to get a job without nepotism or bribery? I know that these days people can earn money using a computer even without a degre, how u actually works, what skills u learned??",
  "votes": "4",
  "comments": [
    {
      "text": "Bold of you to assume we'll get jobs",
      "votes": "7",
      "replies": []
    },
    {
      "text": "I am studying law. It will take me around 650000 to finish. And after graduating i expect to earn 40k a month.",
      "votes": "2",
      "replies": []
    },
    {
      "text": "I live abroad as well.. and well, I expect to earn 0 after I graduate because I don’t see myself getting any job anytime soon (skill issue). I did pay $-8k (yes that’s negative) for my degree though, so at least that wasn’t too much of a waste.",
      "votes": "1",
      "replies": []
    },
    {
      "text": "Phew! I was expecting to see some 150-500k salary details in the comment box again but this time reality struck in here lmaoo.",
      "votes": "1",
      "replies": []
    }
  ],
  "id": 15
}