{
  "url": "https://www.reddit.com/r/bangladesh/comments/1p7bv2f/%E0%A6%B6%E0%A6%A7_%E0%A6%A7%E0%A6%B0%E0%A6%AE_%E0%A6%A8%E0%A7%9F_%E0%A6%86%E0%A6%AC%E0%A6%B2_%E0%A6%B8%E0%A6%B0%E0%A6%95%E0%A6%B0%E0%A6%A6%E0%A6%B0_%E0%A6%AC%E0%A6%95%E0%A6%A4%E0%A6%B0_%E0%A6%B6%E0%A6%95%E0%A6%B0_%E0%A6%A8%E0%A6%B0%E0%A6%B0%E0%A6%93/",
  "hash": "4a2dac2620113392808857fb227fecce",
  "scraped_at": "2025-12-08T11:58:49.137403",
  "title": "শুধু ধর্ম নয়, আবুল সরকারদের ‘বিকৃতি’র শিকার নারীরাও",
  "description": null,
  "votes": "0",
  "comments": [
    {
      "text": "উনি তো সংবাদ বিশ্লেষণ এর নামে ধর্ম প্রচার করলেন । আজকাল টিভিতে বুঝি এইরকম রিপোর্ট হয় ?",
      "votes": "10",
      "replies": [
        {
          "text": "Post simon dring Ekushey tv, gave rise to ilias, it has been shit for a long time.",
          "votes": "3",
          "replies": []
        },
        {
          "text": "Whatever gets views",
          "votes": "1",
          "replies": []
        }
      ]
    },
    {
      "text": "This is why facepalm hard when I think where our country is heading.\nNo matter how shtty his take is, you can disagree with him, you can hate him for his take, you can avoid him, boycott him all you want… But what is the point of arresting him for this reason? Like, who is the actual victim in this case, the Almighty Allah?\nAlso, maybe He should chill out a bit every now and then, will actually make him more relatable.\nFinally, does this mean if I start preaching a new religion that claims myself to be the perfect human, will that make me beyond criticism? Or is it exclusive to Islam because that’s the state religion?",
      "votes": "3",
      "replies": []
    },
    {
      "text": "প্রেমভাজা বিষয়্যক?",
      "votes": "-1",
      "replies": []
    },
    {
      "text": "this is called character assassination",
      "votes": "1",
      "replies": [
        {
          "text": "So truth is character assassination? This is why women don't come forward for high profile abusers.",
          "votes": "1",
          "replies": []
        }
      ]
    }
  ],
  "id": 150
}