{
  "url": "https://www.reddit.com/r/bangladesh/comments/1p7ae6j/baul_singers_come_under_attack_in_thakurgaon_4/",
  "hash": "67319a0d905d1f0a5eedf6b47e020d21",
  "scraped_at": "2025-12-08T11:59:05.780580",
  "title": "Baul singers come under attack in Thakurgaon; 4 injured",
  "description": null,
  "votes": "67",
  "comments": [
    {
      "text": "",
      "votes": "1",
      "replies": []
    },
    {
      "text": "শান্তির ধর্মের লোকেরা শান্তি বর্ষণ করছে",
      "votes": "20",
      "replies": []
    },
    {
      "text": "Read more: https://www.tbsnews.net/bangladesh/baul-singers-come-under-attack-thakurgaon-4-injured-1295511",
      "votes": "3",
      "replies": []
    },
    {
      "text": "",
      "votes": "-11",
      "replies": []
    }
  ],
  "id": 151
}