{
  "url": "https://www.reddit.com/r/bangladesh/comments/1p769ft/bnps_dhaka14_candidate_tulee_sued_over_hurting/",
  "hash": "735af27e1b39c666b8ea9e32b427cd89",
  "scraped_at": "2025-12-08T12:00:38.476574",
  "title": "BNP's Dhaka-14 candidate Tulee sued over hurting religious sentiment",
  "description": null,
  "votes": "29",
  "comments": [
    {
      "text": "Shob kisui ki ekhon manusher dhormio nunuvuti te aghat ane?",
      "votes": "30",
      "replies": [
        {
          "text": "খুবই স্পর্শকাতর, হালকা ছোঁয়াতেই ইয়ে বের হয়ে যায়",
          "votes": "9",
          "replies": []
        }
      ]
    },
    {
      "text": "amader sentiment ki atoi norom, kichu bollei onubhutite lage, atoi komol moner manush, this law is just to oppress people",
      "votes": "12",
      "replies": []
    },
    {
      "text": "Now she will be the victim of Tawhidi-janta",
      "votes": "15",
      "replies": [
        {
          "text": "কীসের ভিক্টিম? দেশের একমাত্র ভিক্টিম তৌহিদী জনতা। বেচারা রা পদে পদে ইসলামোফোবিয়ার শিকার হচ্ছে",
          "votes": "10",
          "replies": []
        },
        {
          "text": "Sadly most of the country is now \"Touhidi Janata\".",
          "votes": "0",
          "replies": []
        }
      ]
    },
    {
      "text": "যাকে তাকে মামলা দেওয়া, মবগিরির জন্য সস্তা হাতিয়ার হয়ে গেছে এই ধর্মীয় (শুধুমাত্র ইসলাম) অনুভূতিতে আঘাত।",
      "votes": "15",
      "replies": []
    },
    {
      "text": "",
      "votes": "4",
      "replies": []
    },
    {
      "text": "আর্গনের বাল্ব এর ফিলামেন্ট এর থেকেও বেশি স্পর্শকাতর দেখতেছি এদের বিশ্বাস।",
      "votes": "4",
      "replies": []
    },
    {
      "text": "Context ki",
      "votes": "3",
      "replies": []
    },
    {
      "text": "Read more: https://www.tbsnews.net/bangladesh/politics/bnps-dhaka-14-candidate-tuli-sued-over-hurting-religious-sentiment-1295456",
      "votes": "2",
      "replies": []
    },
    {
      "text": "Monogamyr পক্ষে কথা বললেই ধর্ম অবমাননা হয়ে গেল ? ইসলাম তো মেয়েদের বিয়ের কথা বলার সময় স্বামী যাতে আরেকটা বিয়ে না করে সেই শর্ত দেওয়ার অধিকার রাখে , সো মামলাকারীর লজিক অনুযায়ী ইসলাম কি নিজেকেই অবমাননা করল ? আজকে মনটা একটু ভালো লাগলো, যাই ধর্ম অবমাননার একটা মামলা দিয়ে আসি\nশিহাবুদ্দিন রিয়াজ\nখেজুর ব্যবসায়ী\nকুমিল্লা",
      "votes": "1",
      "replies": []
    },
    {
      "text": "prophet Mohammad had 11 wives, so marrying 4 wives never will be backward.",
      "votes": "1",
      "replies": []
    },
    {
      "text": "",
      "votes": "-2",
      "replies": []
    }
  ],
  "id": 156
}