{
  "url": "https://www.reddit.com/r/bangladesh/comments/1p75i5i/whats_the_benefit_of_working_under_an_mp/",
  "hash": "48a691a433ce94a8fcdf290c0d654d2b",
  "scraped_at": "2025-12-08T12:00:54.661276",
  "title": "What's the benefit of working under an MP candidate for his campaign in Dhaka?",
  "description": "What's the benefit of working under an MP candidate for his campaign in Dhaka?\nকাজের স্কোপ কি কি থাকে?\nক্যাম্পেইন প্ল্যানিং কিভাবে কি হয়?",
  "votes": "2",
  "comments": [
    {
      "text": "Your post has been automatically put into the moderation queue for review, due to not meeting one (or more) of the subreddit rules. You can message the moderators and share the link to your post (mandatory) if you do not receive a response within a day or two.\nRule(s): Your account should have at least 5 karma points in order to submit a post.\nI am a bot, and this action was performed automatically. Please contact the moderators of this subreddit if you have any questions or concerns.",
      "votes": "1",
      "replies": []
    }
  ],
  "id": 157
}