{
  "url": "https://www.reddit.com/r/bangladesh/comments/1p753gd/dhaka_worlds_2nd_largest_city_with_36_crore/",
  "hash": "3791b4e2da8b10dbd3c93e2610efaf69",
  "scraped_at": "2025-12-08T12:01:10.029644",
  "title": "Dhaka world's 2nd largest city with 3.6 crore people: UN report",
  "description": null,
  "votes": "16",
  "comments": [
    {
      "text": "",
      "votes": "1",
      "replies": []
    },
    {
      "text": "",
      "votes": "2",
      "replies": []
    },
    {
      "text": "Read more: https://www.tbsnews.net/bangladesh/dhaka-worlds-2nd-largest-city-36-million-people-un-report-1295291",
      "votes": "1",
      "replies": []
    }
  ],
  "id": 158
}