{
  "url": "https://www.reddit.com/r/bangladesh/comments/1p745sy/i_am_in_my_last_semester_graduating_from_cse_brac/",
  "hash": "06f1c1d1afe1304a62ee6f493803cc06",
  "scraped_at": "2025-12-08T12:01:25.071744",
  "title": "I am in my last semester graduating from CSE, BRAC University. What are my career prospects?",
  "description": "I am 24M. I am confused on what to choose ahead in life. I am ambivert and the only child of my parents, notably I have 3 major options for me.\nGo abroad and try to settle down (My parents are aging and I am the only one to look after them)\nGo for BANK/GOVT jobs (Low pay scale)\nPrivate Job in relevant field (Good salary but no job security) What shall I choose?",
  "votes": "2",
  "comments": [
    {
      "text": "3. go this route ..build up skill, exp and connections you will lose the fear of job security..learn about personal finance and invest in safe schemes like sanchaypatra and FDR .. once a safe zone is reached diversify",
      "votes": "2",
      "replies": []
    },
    {
      "text": "Your post has been automatically put into the moderation queue for review, due to not meeting one (or more) of the subreddit rules. You can message the moderators and share the link to your post (mandatory) if you do not receive a response within a day or two.\nRule(s): Your account should have at least 5 karma points in order to submit a post.\nI am a bot, and this action was performed automatically. Please contact the moderators of this subreddit if you have any questions or concerns.",
      "votes": "1",
      "replies": []
    }
  ],
  "id": 159
}