{
  "url": "https://www.reddit.com/r/bangladesh/comments/1pgdwo6/whats_a_good_refrigerator_under_30k_taka_in/",
  "hash": "67ef45879c54b4ecd262262a26c1a77b",
  "scraped_at": "2025-12-08T11:20:39.677997",
  "title": "What's a good refrigerator under 30k taka in Bangladesh?",
  "description": "One of a decent size/volume, quality and power efficiency.",
  "votes": "4",
  "comments": [
    {
      "text": "Your post has been automatically put into the moderation queue for review, due to not meeting one (or more) of the subreddit rules. You can message the moderators and share the link to your post (mandatory) if you do not receive a response within a day or two.\nRule(s): Your account should have at least 5 karma points in order to submit a post.\nI am a bot, and this action was performed automatically. Please contact the moderators of this subreddit if you have any questions or concerns.",
      "votes": "1",
      "replies": []
    },
    {
      "text": "I bought one from Singer. It took a bit over 30K+ (32.9 K) , 200 Litre. Giving good service as of now.",
      "votes": "1",
      "replies": []
    }
  ],
  "id": 16
}