{
  "url": "https://www.reddit.com/r/bangladesh/comments/1p73utp/nearly_20_lakh_jobs_lost_in_202324_in_bangladesh/",
  "hash": "1da8779b8e1e0e1707a2d8716873c6a4",
  "scraped_at": "2025-12-08T12:01:40.343361",
  "title": "Nearly 20 lakh jobs lost in 2023-24 in Bangladesh, another 8 lakh decline expected by this year: WB | The Business Standard",
  "description": null,
  "votes": "4",
  "comments": [
    {
      "text": "If jobs are lost due to automation, that is still productive for the economy, even though it creates inequality initially. But these jobs are lost because factories are shutting down, productivity decline. And that means the economy is going to suffer in the long run.",
      "votes": "3",
      "replies": []
    }
  ],
  "id": 160
}