{
  "url": "https://www.reddit.com/r/bangladesh/comments/1p73tu6/%E0%A6%86%E0%A6%B8%E0%A6%AB_%E0%A6%A8%E0%A6%9C%E0%A6%B0%E0%A6%B2%E0%A6%B0_%E0%A7%A8%E0%A7%AC_%E0%A6%B2%E0%A6%96_%E0%A6%AD%E0%A6%B0%E0%A6%A4%E0%A6%AF_%E0%A6%A6%E0%A6%B6_%E0%A6%A5%E0%A6%95_%E0%A6%AC%E0%A6%B0_%E0%A6%95%E0%A6%B0_%E0%A6%A6%E0%A6%AF%E0%A6%B0_%E0%A6%86%E0%A6%B9%E0%A6%AC%E0%A6%A8_%E0%A6%9C%E0%A6%A8%E0%A6%9A%E0%A6%9B/",
  "hash": "43bd34388e3aa73ed65ed208c98ee373",
  "scraped_at": "2025-12-08T12:01:56.152096",
  "title": "আসিফ নজরুলের ২৬ লাখ ভারতীয় দেশ থেকে বের করে দেয়ার আহ্বান জানাচ্ছি",
  "description": "কলকাতা থেকে তো বাংলাদেশীদের বের করে দিচ্ছে!",
  "votes": "6",
  "comments": [
    {
      "text": "কি একটা অবস্থা আমার বাড়ি পুরনো নদীয়া অধুনা চুয়াডাঙ্গা ,অথচ পনের বছর ধরে বাস করি গাজীপুরে আজ যদি আমার বসত ভিটা আবার নদীয়ায় চলে যায় তবে গাজীপুরে আমি বিদেশী হয়ে যাবো । অথচ এই পুরো বাংলা হওয়া উচিত ছিল বাঙালির । ধর্মের বিভাজন রাষ্টের কাঁধে চড়ে আমাদের শেখায় সম্পূর্ণ বঙ্গ ভূমি কারো স্বদেশ কারো বিদেশ । অথচ দুইপারে আমরাই বাঙালী 🙁",
      "votes": "5",
      "replies": [
        {
          "text": "এই বোধ বাংালির নাই।",
          "votes": "3",
          "replies": []
        }
      ]
    }
  ],
  "id": 161
}