{
  "url": "https://www.reddit.com/r/bangladesh/comments/1p73rs9/%E0%A6%A0%E0%A6%95%E0%A6%B0%E0%A6%97%E0%A6%93%E0%A7%9F_%E0%A6%AC%E0%A6%89%E0%A6%B2%E0%A6%A6%E0%A6%B0_%E0%A6%93%E0%A6%AA%E0%A6%B0_%E0%A6%A4%E0%A6%B9%E0%A6%A6_%E0%A6%9C%E0%A6%A8%E0%A6%A4%E0%A6%B0_%E0%A6%B9%E0%A6%B2/",
  "hash": "c57acbac518ca2f582b75e9a82fb96db",
  "scraped_at": "2025-12-08T12:02:11.605928",
  "title": "ঠাকুরগাঁওয়ে বাউলদের ওপর তৌহিদি জনতার হা*লা",
  "description": null,
  "votes": "51",
  "comments": [
    {
      "text": "",
      "votes": "1",
      "replies": []
    },
    {
      "text": "Khobiser dol",
      "votes": "12",
      "replies": []
    },
    {
      "text": "শান্তির ধর্মের লোকেরা শান্তি বর্ষণ করছে",
      "votes": "15",
      "replies": []
    },
    {
      "text": "আহারে! শান্তির ধর্ম পালন করতেছে।",
      "votes": "15",
      "replies": []
    },
    {
      "text": "",
      "votes": "6",
      "replies": []
    },
    {
      "text": "Bunch of brainwashed mobs.",
      "votes": "4",
      "replies": []
    },
    {
      "text": "How can someone who believes in god harm his creation",
      "votes": "4",
      "replies": []
    },
    {
      "text": "These Terrorists should get Nuked ffs",
      "votes": "3",
      "replies": []
    },
    {
      "text": "দেশের মধ্যে এরকম ঘটনা ঘটছে এবং সামনে আরো বেশি খারাপ অবস্থা হতে থাকবে, কারণ বাংলাদেশটা শয়তানদের হাতে চলে গেছে, এত বছর শয়তানদের সেই রকম সাম্রাজ্য বিস্তার করার কোন স্মুথ রাস্তা ছিল না কিন্তু এখন এমন শয়তানের হাতে চলে গেছে যেটা ইফ্রিদের চাইতেও খারাপ।\nআমি জানি আমার এই কমেন্ট দেখে অনেকেই বলবে আমি BAL এর দালাল বা আরো অনেক কথাই শুনতে হবে কিন্তু বিশ্বাস করেন আমি ঐসব লোকদের কথায় বিন্দুমাত্র ভ্রুক্ষেপ করি না। দেশের এইরকম অশান্ত পরিবেশ দেখে এখন খুবই বাজে একটা দুশ্চিন্তা হচ্ছে ভবিষ্যতের জন্য।\nযারা অনেকে এরকম কটুক্তি করবেন তাদেরকে আমি বলব ইউসুফ সাহেবের একটা কথার রিপ্লাই টা দিয়ে নিবেন সেটা হচ্ছে সে চাইছে \"নতুন/নিউ ওয়ার্ড ওর্ডার\" প্রতিষ্ঠা করতে।\nএখানে এই নিউ ওয়ার্ল্ড অর্ডারটা কে করবে কারা করবে সেই ব্যাপারটা আমাকে একটু বিস্তারিত বলবেন প্লিজ। যদিও আমি জানি কিন্তু যারা আমাকে BAL এর দালাল বলবেন তাদের জন্য আমার এই প্রশ্নটা থাকবে। আমি ব্যক্তিগতভাবে কোন দলকে সমর্থন করি না, কারণ সবাই একই গোয়ালের গরু।\nধন্যবাদ।",
      "votes": "2",
      "replies": []
    },
    {
      "text": "ora rajakar",
      "votes": "2",
      "replies": []
    },
    {
      "text": "ইসলামোফোবিয়া পশ্চিমা প্রোপাগান্ডা😬",
      "votes": "0",
      "replies": []
    },
    {
      "text": "What's going on here?",
      "votes": "1",
      "replies": []
    },
    {
      "text": "ei particular video te to dekhtesi hujur ra thamaitese, ar jara martese eder ektar o dari nai...",
      "votes": "1",
      "replies": [
        {
          "text": "I was going to say the same thing. I'm not Islamist, but this video seems like a mob who went crazy and Muslims are actually trying to stop them hurting the bauls. I know that it was Jamati leadership who caused the mod, but the video isn't showing a Muslim mob. It's just showing a mob.",
          "votes": "1",
          "replies": []
        }
      ]
    }
  ],
  "id": 162
}