{
  "url": "https://www.reddit.com/r/bangladesh/comments/1p6fz1v/is_visa_on_arrival_possible_when_crossing_the/",
  "hash": "9ea53cf62f4cc1447d7a9d1d6418efef",
  "scraped_at": "2025-12-08T12:04:00.086394",
  "title": "Is visa on arrival possible when crossing the land border? Struggling to find information",
  "description": "Hello, I am from the UK and would like to ride my bicycle from the Indian-Bangladesh border towards Dhaka. I’m struggling to find clear information about which visa I need. I know I can apply for a Bangladesh visa beforehand in a big city in Nepal or India, but would like to get visa on arrival ideally.\nIs that possible when crossing the land border (the border near Siliguri preferably).\nThank you!",
  "votes": "1",
  "comments": [
    {
      "text": "Yes, you can.\nThe immigration officer at the point of entry (airports, land ports, etc.) will grant VOA after reviewing all pertinent documents and ensuring full compliance. Please use the same port for both entry and departure. Individuals from countries subject to official bans, however, do not qualify for Visa on Arrival (VOA) or Landing Permit (LP).\nSource: https://voa.specialbranch.gov.bd/public/voa-info.html",
      "votes": "3",
      "replies": []
    },
    {
      "text": "If it's not as well documented, you probably won't find one. But if you do find one, just know that bus drivers and larger vehicles can be often ruthless and not mindful of smaller vehicles in the bigger roads towards and outwards from Dhaka. Taking caution of incoming traffic both ways is highly advised especially for a bicyclist. Be watchful and cautious at a distance. Good luck.",
      "votes": "1",
      "replies": []
    }
  ],
  "id": 168
}