{
  "url": "https://www.reddit.com/r/bangladesh/comments/1pgdc20/looking_for_someone_in_turkey_or_india_to_help/",
  "hash": "24ff9c09613ec84755c167a378707fb8",
  "scraped_at": "2025-12-08T11:20:54.839401",
  "title": "Looking for someone in Turkey or India to help with a small business(Middleman)",
  "description": "Hi! I’m working on a small gaming-related business and I’m looking for someone who currently lives in Turkey to help with a simple game account buying task (nothing sensitive or risky).\nIt mainly involves checking or accessing region-only offers/content and buying the account for me.\nIt’s completely safe and legal.I will pay for the account and a small payment for your time.\nIf you live in Turkey or India and are interested, please comment or DM me.\nThanks!",
  "votes": "0",
  "comments": [
    {
      "text": "Your post has been automatically put into the moderation queue for review, due to not meeting one (or more) of the subreddit rules. You can message the moderators and share the link to your post (mandatory) if you do not receive a response within a day or two.\nRule(s): Your account should have at least 5 karma points in order to submit a post.\nI am a bot, and this action was performed automatically. Please contact the moderators of this subreddit if you have any questions or concerns.",
      "votes": "1",
      "replies": []
    }
  ],
  "id": 17
}