{
  "url": "https://www.reddit.com/r/bangladesh/comments/1p6d8f6/%E0%A6%AC%E0%A6%89%E0%A6%B2%E0%A6%B0_%E0%A6%86%E0%A6%B2%E0%A6%AA/",
  "hash": "486271286416d89d0d20004605929051",
  "scraped_at": "2025-12-08T12:04:33.084941",
  "title": "বাউলের আলাপ",
  "description": "যা এই ভিডিও টা দেখে আলাপ করার আবেগ জাগলো আমার https://www.facebook.com/share/v/1gPKFYfjc6/\nতোমাদের কি মতামত?",
  "votes": "2",
  "comments": [],
  "id": 170
}