{
  "url": "https://www.reddit.com/r/bangladesh/comments/1p64bm3/%E0%A6%B8%E0%A6%95%E0%A6%B0%E0%A6%9F%E0%A6%B8_%E0%A6%93_%E0%A6%AC%E0%A6%B9%E0%A6%B8_%E0%A6%95%E0%A6%B0%E0%A6%A4%E0%A6%A8_%E0%A6%86%E0%A6%AE%E0%A6%B0_%E0%A6%95%E0%A6%B0%E0%A6%AC_%E0%A6%A8/",
  "hash": "5981d3c6579c2c8b421210a4a0c4175c",
  "scraped_at": "2025-12-08T12:06:10.645578",
  "title": "সক্রেটিস ও বাহাস করতেন ,আমরা করবো না ?",
  "description": "সক্রেটিস বাহাস করতেন , তিনি প্রশ্ন করতেন ,তারপর আবারো করতেন যখন আর প্রশ্ন করার সুযোগ খুঁজে পাওয়া যেতনা তখন তিনি থামতেন আর পুরো আলোচনার ভিতর দিয়ে আমরা একটা এমন উত্তরে পৌঁছানোর চেষ্টা করতাম যাঁকে আসলে আর তাৎক্ষণিক ভাবে চ্যালেঞ্জ করা যাচ্ছে না । প্লেটোর দৌলতে সেইসব বাহাস আমাদের পড়ার সুযোগ হয়েছে, যদিও সেই সময়ের রাষ্ট্র ও তাঁকে ছেড়ে কথা বলে নাই বরং মৃত্যু কে গ্রহণ করেই তাঁকে প্রমাণ করতে হয়েছে তিনি কতটা সঠিক,গনতান্ত্রিক প্রক্রিয়ায় আজ যাকে আমরা তৌহিদী জনতা বলে চিনতে পারছি আমাদের দেশের প্রেক্ষাপটে, তাঁরা কতটা বেঠিক এইটা ও বোঝা যেতে পারে সক্রেটিস এর বাহাস গুলো পড়লে ।\nএই যে ওরাল জ্ঞানের চর্চা এইটা আমাদের দেশেও বহু প্রাচীন ,অনেক সময় পশ্চিমা দর্শন পড়া আমাদের মগজ এইসব শুনতে গেলে বিরক্তি বোধ হয় আমি প্রায়ই ঘুমিয়ে পরি ,কিন্তু এই চর্চা টাই ওই সেই সক্রেটিস যুগের সেই একই প্রক্রিয়া অথচ আমরা চোঁখের সামনে কিংবা সহজ লভ্য ইউটিউবে ও শুনতে আগ্রহ পাই না । কিন্তু কিছু মানুষ এখনো শোনে যাঁদের মগজ পশ্চিমা কলোনিয়াল দর্শন দিয়ে দূষিত হয় নি তাঁরা তাঁদের এইসব আলোচনায় মুগ্ধ হয়ে যায় কেউবা আবার সেই প্রাচীন এথেন্সের সেই নাগরিক দের মতোই আবুল সরকার দের সমাজ নষ্টের দায়ে মৃত্যুদণ্ড দিতে চায় ।\nএইটাকে আমরা কিভাবে দেখব? আমরা জানি এর ভেতরে একটা রাজনৈতিক খেলা আছে ধর্ম কে পুজি করে শাসন করার একটা কলোনিয়াল হ্যাংওভার আমাদের কিছু রাজনীতিবিদ দের আছে সুতরাং এরা ওই নাগরিক দের বাহবা দেবে কিংবা লজিস্টিক সাপোর্ট দেবে নিশ্চিত ।\nআমরা সাধারণ জনতা আমরা কি আসলেই কলোনিয়াল হ্যাং ওভার আক্রান্ত এইসব রাজিনীতিক দের ক্ষমতার খেলার গুটি হতে চাই ? নাকি আমরা এই প্রাচীন ওরাল জ্ঞানের চর্চা (আমাদের দেশে হয়তো তাঁর চেয়েও প্রাচীন) টিকিয়ে রে খে সমাজ কে নতুন শেপ দিতে চাই ।",
  "votes": "13",
  "comments": [
    {
      "text": "দর্শন চর্চা ব্রিটিশদের আগমনের পুর্বে মাদ্রাসায় পড়ানো হতো । দর্শন বিমুখীতা আসলে গোড়ামীর উত্থান দেয় ।",
      "votes": "3",
      "replies": [
        {
          "text": "তারও আগে বেদ ঐটাও দর্শন চর্চা ই ছিল , এবং মুখে মুখে শুনে শুনে যে বাহাস ঐটাও সে সময়ের ই প্রচলন । এইজন্যই বেদ কে বলা হতো শ্রুতি",
          "votes": "2",
          "replies": [
            {
              "text": "ইস্টার্ন ফিলোসফি আসলেই আন্ডারেটেড । এলেন ওয়াট না থাকলে ধারণা পেতাম না।",
              "votes": "2",
              "replies": []
            }
          ]
        },
        {
          "text": "ব্রিটিশরা থাকলেই ভাল হত। ওরা যাওয়ার পর থেকেই মাদ্রাসায় হুজুররা বলাৎকার করতেছে।",
          "votes": "2",
          "replies": [
            {
              "text": "না এইভাবে বইলেন না , যৌনতা একটা স্বাভাবিক প্রক্রিয়া দেখেন না নদীতে বাধ দিলে কি হয় ? মাদ্রাসায় এই জিনিস টাকে একেবারে অচ্ছুত করে রাখা হয় ,ওখানকার শিক্ষক রা ও গরীব মাসে একবার বিবি দর্শনে যেতে পারে না অনেকেই এইদিকে বয়ঃসন্ধিকালীন বাচ্চাদের আগ্রহ সবমিলিয়ে সমকামিতা তবে জঘন্য শিশু কামিতা এইটা কারোর ই কাম্য নয় তবে ওই সমকামী শিক্ষক দের জন্য কোমলমতি শিশুরা সহজলভ্য। এই সমস্যার হাল সমালোচনা করে ঠিক করা যাবে না বরং হস্ত মৈথুনের মত স্বাভাবিক প্রক্রিয়া গুলোকে পাপ না ভেবে যদি নরমালাইজ করা যায় ধর্মে তবে শিশুকামিতার মত জঘন্য অন্যায় থেকে তাঁদের খানিকটা দূরে রাখা যাবে । তবে পূর্ণ বয়স্ক দুজন স্বাভাবিক সমকামিতা করলে এইখানে কিছু বলার নেই এইটা তাঁদের ব্যক্তিস্বাধীনতা ।",
              "votes": "2",
              "replies": []
            },
            {
              "text": "I see no real difference between Touhidi Jonota and you; you are simply two opposite sides of the same coin.",
              "votes": "0",
              "replies": []
            }
          ]
        },
        {
          "text": "আমার জানামতে ভারতীয় উপমহাদেশে ব্রিটিশরাই মাদ্রাসার প্রচলন শুরু করে।\nতার আগে দর্শন কিভাবে মাদ্রাসায় পড়ানো হতো?",
          "votes": "1",
          "replies": [
            {
              "text": "ব্রিটিশদের আগেও এদিকে মাদ্রাসার প্রচলন ছিলো তবে প্রথাগত মাদ্রাসা না বর্তমানের ন্যায় । আর হানাফি অধ্যাসিত অঞ্চল হওয়াতে থিওলজি তে মাতুরিদি হওয়া ম্যান্ডেটরি ।",
              "votes": "1",
              "replies": []
            }
          ]
        }
      ]
    },
    {
      "text": "সহবাস পড়ছিলাম।",
      "votes": "1",
      "replies": [
        {
          "text": "😎 দিলেন তো সিরিয়াস ভাব ট্যারে খেলো করে । এইটাই আমরা 🙁",
          "votes": "-1",
          "replies": []
        }
      ]
    },
    {
      "text": "ইসলামী শাসন প্রতিষ্ঠা করতে হলে মব করতেই হবে। কিছু করার নেই, এটাই বাস্তব 🤕",
      "votes": "1",
      "replies": [
        {
          "text": "আমরা সমাধান খুঁজে না পেলেই এভাবে বলি ফলে উগ্র মানসিকতার মানুষ গুলো আরো বেশি উগ্রতা করার অজুহাত পেয়ে যায় । আমাদের সবার প্রথমে তাঁদের মনোজগৎ বুঝতে হবে সাথে এইটাও বুঝতে হবে তাঁদের অপ্রস্তুত মনোজগতে আমরা যে ধর্ম নামের ভার চাপিয়ে দিয়েছি সেইটা তাঁদের জন্য কতটা অসহনীয়। আমাদের ধর্মের ধ্বজা ধারি গুরু গুলো এখনো এইদিকে মনোনিবেশ করে নাই বরং তাঁরা তাঁদের শিখে আসা মুখস্ত বিদ্যা উগরে দিয়ে যায় , ফলে এই তৌহিদী জনতা শেষ পর্যন্ত ব্যবহৃত হয় ক্ষমতার রাজনীতির প্রয়োজনে । যতদিনে তাঁরা বাঙালির মনোজগৎ বুঝতে না শিখবেন ততদিন এই উগ্রতার হাত থেকে উদ্ধার পাওয়া কঠিন হবে ।",
          "votes": "1",
          "replies": []
        }
      ]
    },
    {
      "text": "",
      "votes": "-1",
      "replies": [
        {
          "text": "পোস্ট কলোনিয়াল সিন্ড্রোম এ আক্রান্ত না হয়ে একেবারে কলোনি হয়েই থাকতাম । ওইটাই ভালো ছিল দাসত্ব যখন কপালে আছেই না হয় সাদা চামড়ার দাসত্ব ই করতাম ।",
          "votes": "1",
          "replies": []
        },
        {
          "text": "না ভালো হতো না!",
          "votes": "1",
          "replies": []
        }
      ]
    },
    {
      "text": "I don't see relevance of Socratic dialectics to modern political theory. I mean we all have seen the trajectory of philosophical development and how it circles back.\nWe have already landed on the stage of metaphysical verge after Kant. I personally think Socrates was wrong as Kant in terms of ethics to establish a political theory. I don't think there is possibly a solution to any of our politics.\nMy honest 2 cent is that, none of our political theory ever works because the man in authority has some biases which comes from his material desires - hunger, shelter, comfort, sex. And that's why I personally don't think a married person is fit to rule the society. I think Plato said the same too and he remained unmarried too. But how many of people will you see who are not married or romantically involved like Plato?",
      "votes": "1",
      "replies": []
    }
  ],
  "id": 176
}