{
  "url": "https://www.reddit.com/r/bangladesh/comments/1p5plpl/cse_graduate_wants_to_prepare_for_a_job/",
  "hash": "301bb870bb9b56ed56133bdc99d16a8a",
  "scraped_at": "2025-12-08T12:07:03.347072",
  "title": "CSE graduate wants to prepare for a job",
  "description": "I am a final year student of CSE background with good cgpa from a public engineering university. I am not good at programming and didn’t pay attention to web development either. Have good knowledge in machine learning and have some good works. If I want to get a job at Robi, GP, Huawei Bangladesh or any companies like these, which qualifications should i need to have and how to prepare for those jobs? And what type of jobs they offer where I can apply as an CSE graduate?\nPlease help me. Thanks",
  "votes": "1",
  "comments": [
    {
      "text": "Your post has been automatically put into the moderation queue for review, due to not meeting one (or more) of the subreddit rules. You can message the moderators and share the link to your post (mandatory) if you do not receive a response within a day or two.\nRule(s): Your account should have at least 5 karma points in order to submit a post.\nI am a bot, and this action was performed automatically. Please contact the moderators of this subreddit if you have any questions or concerns.",
      "votes": "1",
      "replies": []
    },
    {
      "text": "Data Engineering",
      "votes": "1",
      "replies": []
    }
  ],
  "id": 179
}