{
  "url": "https://www.reddit.com/r/bangladesh/comments/1pgcil3/weekend_events_in_dhaka/",
  "hash": "906828b7b51840af0e4dc217059ef39e",
  "scraped_at": "2025-12-08T11:21:10.392643",
  "title": "Weekend Events in Dhaka",
  "description": "Is there any Art exhibition, music fests/concerts, car shows or anything interesting event in Dhaka this weekend?",
  "votes": "3",
  "comments": [
    {
      "text": "Your post has been automatically put into the moderation queue for review, due to not meeting one (or more) of the subreddit rules. You can message the moderators and share the link to your post (mandatory) if you do not receive a response within a day or two.\nRule(s): Your account should have at least 5 karma points in order to submit a post.\nI am a bot, and this action was performed automatically. Please contact the moderators of this subreddit if you have any questions or concerns.",
      "votes": "1",
      "replies": []
    },
    {
      "text": "Art exhibition at Shilpakala Academy, Arka, Aarong winter fest , Shorobor e something fest",
      "votes": "1",
      "replies": []
    }
  ],
  "id": 18
}