{
  "url": "https://www.reddit.com/r/bangladesh/comments/1p5ov0x/honeymoon_places_in_bd/",
  "hash": "8b38c481f4df028d8b507b2e46532d46",
  "scraped_at": "2025-12-08T12:07:18.967633",
  "title": "Honeymoon places in BD?",
  "description": "Where did you go/want to go? How was your experience?\nThanks.",
  "votes": "9",
  "comments": [
    {
      "text": "As winter is coming maybe sylhet",
      "votes": "3",
      "replies": []
    },
    {
      "text": "Sairu in Bandarban. Or several resorts in sreemangal. Cox's is overcrowded. Better not to go.",
      "votes": "3",
      "replies": []
    },
    {
      "text": "If I get chance ever will go saint martin obviously 2.Sundarban 3.Bandarban",
      "votes": "2",
      "replies": []
    },
    {
      "text": "Brahmanbaria 😂.",
      "votes": "1",
      "replies": [
        {
          "text": "You know about bbaria too?!",
          "votes": "3",
          "replies": []
        }
      ]
    },
    {
      "text": "bandarban is good..u can stay in sairu resort",
      "votes": "1",
      "replies": []
    },
    {
      "text": "Saint Martin trust me worth every penny. 💯",
      "votes": "1",
      "replies": []
    },
    {
      "text": "Honeymoon e keu location explore korte jai na. jai ekanto kichu time pass korte ar limitless chudachudi korte. so eto kichu na vebe Cox, sylhet or kuakata ekta hotel / resort nen.",
      "votes": "1",
      "replies": []
    }
  ],
  "id": 180
}