{
  "url": "https://www.reddit.com/r/bangladesh/comments/1p5fv24/our_countries_education_system_needs_a_drastic/",
  "hash": "783888ecc7ae3953859b71a456573392",
  "scraped_at": "2025-12-08T12:07:35.484404",
  "title": "Our countries education system needs a drastic rework",
  "description": null,
  "votes": "65",
  "comments": [
    {
      "text": "\"Meritocracy\" is but an illusion that the upper class wants you to believe in to legitimize the continuous abuse and explanation.",
      "votes": "2",
      "replies": []
    },
    {
      "text": "The education system is perfect for a developing country…. If the people studying are excused for being lazy no education system will work.. example japan",
      "votes": "1",
      "replies": []
    },
    {
      "text": "Ya, but if you live in a desert, your skill in climbing a tree might help you to survive by helping you to get dates from a high branch.\nYour skill in swimming would simply help you to get buried in sand.\ndrastic rework\nJokes aside, give me exactly what should be taught and how it should be taught. Do that, and I will give you problems that you need to solve to implement those.",
      "votes": "1",
      "replies": []
    }
  ],
  "id": 181
}