{
  "url": "https://www.reddit.com/r/bangladesh/comments/1p56lul/our_indian_friends_how_can_we_be_friends/",
  "hash": "4bc70187f95ac91ec85b765d8e1bf74a",
  "scraped_at": "2025-12-08T12:09:22.728992",
  "title": "Our Indian friends, how can we be friends?",
  "description": null,
  "votes": "0",
  "comments": [
    {
      "text": "It's geopolitics, only idiots look for friends",
      "votes": "3",
      "replies": []
    },
    {
      "text": "we shouldn't be friend, and for much bigger reason we shouldn't be friend with pakistan either.",
      "votes": "1",
      "replies": []
    },
    {
      "text": "There is no such thing as absolute friendship or enmity in geopolitics. It's all about serving your own interest.",
      "votes": "1",
      "replies": []
    }
  ],
  "id": 187
}