{
  "url": "https://www.reddit.com/r/bangladesh/comments/1p54aq9/need_a_torrentbd_referral/",
  "hash": "d099d050526850eed21f1d66a4aea17b",
  "scraped_at": "2025-12-08T12:09:54.462067",
  "title": "Need a TorrentBD referral.",
  "description": "Could anyone kindly give me a TorrentBD referral? I have been trying for a long time to get one.",
  "votes": "3",
  "comments": [
    {
      "text": "Your post has been automatically put into the moderation queue for review, due to not meeting one (or more) of the subreddit rules. You can message the moderators and share the link to your post (mandatory) if you do not receive a response within a day or two.\nRule(s): Your account should have at least 5 karma points in order to submit a post.\nI am a bot, and this action was performed automatically. Please contact the moderators of this subreddit if you have any questions or concerns.",
      "votes": "1",
      "replies": []
    },
    {
      "text": "Do you have a Real IP?",
      "votes": "1",
      "replies": []
    },
    {
      "text": "Did you get one? If not can send you one once i get home in the evening.",
      "votes": "1",
      "replies": []
    }
  ],
  "id": 189
}