{
  "url": "https://www.reddit.com/r/bangladesh/comments/1pgce57/no_overseas_money_will_be_sent/",
  "hash": "968e7ec52ecd54d1f125197340e3f54e",
  "scraped_at": "2025-12-08T11:21:25.914891",
  "title": "No overseas money will be sent",
  "description": "Most of the foreign Bangladeshi people can not use their rights , mostly even was born in Bangladesh, citizen of Bangladesh and they will have to face such consequences even after those all development which was mostly by foreign Bangladeshis? It’s a clear betrayal to the community and reason somehow growing against the caretaker government; they are blaming against these policies; it’s clearly western countries issues brought to our land : Chittagong corridor ; as I mentioned before about Russian meeting in Delhi tomorrow can be a brain bluster to the west and caretaker of Bangladesh ;",
  "votes": "1",
  "comments": [],
  "id": 19
}