{
  "url": "https://www.reddit.com/r/bangladesh/comments/1p53mph/italian_family_visa_ki_asoleo_pawa_jay/",
  "hash": "288587e81fd2dd8ea43974aef741d5b6",
  "scraped_at": "2025-12-08T12:10:29.114945",
  "title": "Italian family visa ki asoleo pawa jay?",
  "description": "Ami family visa apply kore rakhsi almost 7 months hoye gelo. Etw din wait korar por ki asoleo visa pawa jay naki ami sudhu sudhui wait korchi? Apnader karo ki etw long time por family reunification visa asche? Feeling hopeless here",
  "votes": "1",
  "comments": [
    {
      "text": "Well, if you are a spouse, then you should understand. Some of my friends' wives obtained it within 6 to 8 months. It also depends on the correctness of the required documents.",
      "votes": "2",
      "replies": []
    },
    {
      "text": "Can you please define your understanding of family visa?",
      "votes": "1",
      "replies": []
    }
  ],
  "id": 191
}