{
  "url": "https://www.reddit.com/r/bangladesh/comments/1p4v9xz/%E0%A6%95%E0%A6%AE_%E0%A6%AC%E0%A6%9C%E0%A6%9F_%E0%A6%8F_%E0%A6%AC%E0%A6%AF%E0%A6%A8%E0%A6%A1/",
  "hash": "a34b12dcfe21d2d081f0a895acc13790",
  "scraped_at": "2025-12-08T12:10:59.306996",
  "title": "কম বাজেট এ ব্যান্ড ।",
  "description": "আমরা কিশোরগঞ্জে একটি অনুষ্ঠানের জন্য একটি বাংলা ব্যান্ড বুক করতে আগ্রহী।\nতবে আমাদের বাজেট ৬০,০০০- ৭০,০০০ টাকা নির্ধারিত।\nএই বাজেটের মধ্যে পারফর্ম করতে সক্ষম কিছু ব্যান্ডের নাম সাজেস্ট করলে উপকৃত হবো",
  "votes": "4",
  "comments": [
    {
      "text": "Your post has been automatically put into the moderation queue for review, due to not meeting one (or more) of the subreddit rules. You can message the moderators and share the link to your post (mandatory) if you do not receive a response within a day or two.\nRule(s): Your account should have at least 5 karma points in order to submit a post.\nI am a bot, and this action was performed automatically. Please contact the moderators of this subreddit if you have any questions or concerns.",
      "votes": "1",
      "replies": []
    },
    {
      "text": "local band gula nen. dhakar kono band 60k te kishorganj e jabe na. and also kon band niben eita depend kore apnar audience kemon tar upore",
      "votes": "1",
      "replies": []
    }
  ],
  "id": 193
}