{
  "url": "https://www.reddit.com/r/bangladesh/comments/1p4q81f/ju_admission_help/",
  "hash": "ee975b3f74a77f6e97e4afc9e83dcffa",
  "scraped_at": "2025-12-08T12:11:14.561893",
  "title": "JU admission help",
  "description": "im a 2nd timer specifically preparing for JU but the ju QB have only about 80 questions per chapter on average. akhon class slide + qb korlei ki enough hobe? naki pore dhora khabo:) ?",
  "votes": "2",
  "comments": [
    {
      "text": "Which unit? For D use pharmaknowledge",
      "votes": "1",
      "replies": []
    }
  ],
  "id": 194
}