{
  "url": "https://www.reddit.com/r/bangladesh/comments/1p4ibed/the_audacity_lmaoo_army_officer_der_joto_dhong/",
  "hash": "0cb1e5660404fa6262813e73f8e9b150",
  "scraped_at": "2025-12-08T12:12:23.099584",
  "title": "The Audacity lmaoo; 'army officer' der joto dhong and nekami",
  "description": "Source: https://www.tbsnews.net/bangladesh/court/if-ministers-justices-can-appear-court-why-cant-you-tribunal-asks-army-officers",
  "votes": "9",
  "comments": [
    {
      "text": "",
      "votes": "1",
      "replies": []
    }
  ],
  "id": 198
}