{
  "url": "https://www.reddit.com/r/bangladesh/comments/1p4ha7o/%E0%A6%AC%E0%A6%89%E0%A6%B2_%E0%A6%86%E0%A6%AC%E0%A6%B2_%E0%A6%B8%E0%A6%B0%E0%A6%95%E0%A6%B0%E0%A6%B0_%E0%A6%B8%E0%A6%AE%E0%A6%B0%E0%A6%A5%E0%A6%95%E0%A6%A6%E0%A6%B0_%E0%A6%89%E0%A6%AA%E0%A6%B0_%E0%A6%9C%E0%A6%AE%E0%A6%A4%E0%A6%B6%E0%A6%AC%E0%A6%B0%E0%A6%9C%E0%A6%99%E0%A6%97%E0%A6%A6%E0%A6%B0_%E0%A6%B9%E0%A6%AE%E0%A6%B2/",
  "hash": "8cbdc96316ef123beb1970db75211470",
  "scraped_at": "2025-12-08T12:13:21.650775",
  "title": "বাউল আবুল সরকারের সমর্থকদের উপর জামাত-শিবির-জঙ্গিদের হামলা",
  "description": null,
  "votes": "55",
  "comments": [
    {
      "text": "",
      "votes": "1",
      "replies": []
    },
    {
      "text": "মাথায় যখন তুলেছি, ওরা তো নাচবেই।",
      "votes": "23",
      "replies": []
    },
    {
      "text": "”একজনের পোস্টারে লেখা, ইসলামের শত্রুরা, হুশিয়ার, সাবধান।” আসল ইসলামের শত্রু তো এরা নিজেরাই,তা তারা নিজেরাও জানে না। এদের সিভিক সেন্স এতো কম যে, এরা ইসলামকে কতভাবে অপমানিত করছে সেটা নিজেরাই বুঝতে পারে না। এদের জন্য মানুষের ভেতর থেকে ইসলামের প্রতি সমর্থন হারিয়ে যাচ্ছে। বিশেষ করে আমাদের প্রজন্মের মতো মানুষদের মাঝে এরা এদের কর্মকান্ড দিয়ে ইসলামের প্রতি বিদ্বেষ বাড়াচ্ছে। ইসলাম হলো সেই অনুভূতি যেটা আস্তে আস্তে ডেভেলপ হয়। একদিন ফজর নামাযের পর শান্ত পরিবেশে হাটতে বের হয়ে হঠাৎ করে সেই অনুভূতি পাওয়া যায়।",
      "votes": "24",
      "replies": [
        {
          "text": "No true Scottsman fallacy.",
          "votes": "5",
          "replies": []
        },
        {
          "text": "Pretty sure they represent real Islam. Not the white-washed moderate slop.",
          "votes": "7",
          "replies": [
            {
              "text": null,
              "votes": "1",
              "replies": []
            },
            {
              "text": "No. I don't want to set up a Scotsman fallacy. I just want to say that their mobbing is nothing but looting, interest in beating other people of religion, disrespecting their women, and showing power to common people. Islam directly prohibited this type of gooning.",
              "votes": "1",
              "replies": []
            }
          ]
        },
        {
          "text": "this^",
          "votes": "4",
          "replies": []
        }
      ]
    },
    {
      "text": "they have a problem with sufi muslims, baul, hindus anyone who doesn't submit to their murderous ideology",
      "votes": "6",
      "replies": []
    },
    {
      "text": "This post was removed as it breaks reddiquette, which is a set of guidelines that all users of r/bangladesh follow in order to make the subreddit a civil discussion space.\nThis also includes discrimination or offensive language which is not tolerated here. This includes racism, misogyny, xenophobia, homophobia, and/or religious discrimination.\nBe civil. Remember the human that you're interacting with.\nWhile your post may have had substantive content, either right or wrong, we have had to remove this in order to be fair about enforcing the rules. Thank you for understanding.\nRule #1. Follow Reddiquette.\nএই পোস্টটি সরানো হয়েছে কারণ এটি রেডিকেট লঙ্ঘন করেছে। রেডিকেট হলো একটি নিয়মাবলী যা r/bangladesh এর সকল সদস্য মেনে চলে, যাতে এই প্ল্যাটফর্মটি শালীন এবং গঠনমূলক আলোচনার পরিবেশ বজায় রাখতে পারে।\nএই সাবরেডিটে কোনো ধরনের বৈষম্যমূলক বা আপত্তিকর ভাষার অনুমতি নেই। এর মধ্যে পড়ে বর্ণবাদ, নারীবিদ্বেষ, জেনোফোবিয়া, কুইয়ারফোবিয়া, এবং ধর্মীয় বৈষম্য।\nআপনার আচরণে শালীনতা বজায় রাখুন। মনে রাখবেন, যার সঙ্গে আপনি কথোপকথন করছেন, তিনিও একজন মানুষ।\nআপনার পোস্টে হয়তো গুরুত্বপূর্ণ কিছু বিষয় ছিল, তবে নিয়মের প্রয়োগ নিশ্চিত করতে এটি সরাতে হয়েছে। বিষয়টি বোঝার জন্য আপনাকে ধন্যবাদ।",
      "votes": "18",
      "replies": [
        {
          "text": "This post was removed as it breaks reddiquette, which is a set of guidelines that all users of r/bangladesh follow in order to make the subreddit a civil discussion space.\nThis also includes discrimination or offensive language which is not tolerated here. This includes racism, misogyny, xenophobia, homophobia, and/or religious discrimination.\nBe civil. Remember the human that you're interacting with.\nWhile your post may have had substantive content, either right or wrong, we have had to remove this in order to be fair about enforcing the rules. Thank you for understanding.\nRule #1. Follow Reddiquette.\nএই পোস্টটি সরানো হয়েছে কারণ এটি রেডিকেট লঙ্ঘন করেছে। রেডিকেট হলো একটি নিয়মাবলী যা r/bangladesh এর সকল সদস্য মেনে চলে, যাতে এই প্ল্যাটফর্মটি শালীন এবং গঠনমূলক আলোচনার পরিবেশ বজায় রাখতে পারে।\nএই সাবরেডিটে কোনো ধরনের বৈষম্যমূলক বা আপত্তিকর ভাষার অনুমতি নেই। এর মধ্যে পড়ে বর্ণবাদ, নারীবিদ্বেষ, জেনোফোবিয়া, কুইয়ারফোবিয়া, এবং ধর্মীয় বৈষম্য।\nআপনার আচরণে শালীনতা বজায় রাখুন। মনে রাখবেন, যার সঙ্গে আপনি কথোপকথন করছেন, তিনিও একজন মানুষ।\nআপনার পোস্টে হয়তো গুরুত্বপূর্ণ কিছু বিষয় ছিল, তবে নিয়মের প্রয়োগ নিশ্চিত করতে এটি সরাতে হয়েছে। বিষয়টি বোঝার জন্য আপনাকে ধন্যবাদ।",
          "votes": "0",
          "replies": []
        },
        {
          "text": "",
          "votes": "-5",
          "replies": []
        }
      ]
    },
    {
      "text": "Way down, we go.",
      "votes": "5",
      "replies": []
    },
    {
      "text": "",
      "votes": "6",
      "replies": []
    },
    {
      "text": "C4 Clergy C4 Cancer.",
      "votes": "3",
      "replies": []
    },
    {
      "text": "SHUT DOWN ALL MADRASAS. IDGAF about whatever TRASH degrees they have. Shut them ALL down and RELOCATE them to NORMAL schools.",
      "votes": "3",
      "replies": [
        {
          "text": "I agree. Madrasa culture is ruining BD.",
          "votes": "1",
          "replies": []
        }
      ]
    },
    {
      "text": "মাথায় যহন বান্দর তুলছেন ও তো নাচবেই।",
      "votes": "6",
      "replies": []
    },
    {
      "text": "সব লীগের ই দোষ। ১৫ বছর ক্ষমতায় থেকে এদের পা ভাঙতে পারে নাই। এজন্যই আজকে এমন মাথাচারা দিয়ে উঠেছে। এদের ধ্বংস না করে ভিতরে ভিতরে পালন করেছিল এত বছর। এখন মজা বোঝ।",
      "votes": "2",
      "replies": [
        {
          "text": "জ্বি না। লীগ এদের টাকার জন্য পালছে। তা না হলে এতো ওয়াজ ব্যবসায়ীদের সৃষ্টি হতে দিতো না।",
          "votes": "2",
          "replies": []
        }
      ]
    },
    {
      "text": "সম্ভবত আমরা আরেকটা ছোট খাট যুদ্ধ দেখতে যাচ্ছি। জামাত শিবির যে কোন মূল্যে আরেকটা যুদ্ধ লাগাতে চাচ্ছে। যেন ৭১ কে ধামা চাপা দিয়ে তারা তাদের কলংকিত ইতিহাস কে আড়াল করতে পারে।",
      "votes": "2",
      "replies": []
    },
    {
      "text": "i dont thinkany general public gives any two pice to this protest.",
      "votes": "1",
      "replies": []
    }
  ],
  "id": 201
}