{
  "url": "https://www.reddit.com/r/bangladesh/comments/1p4h6rj/lmaoo_wutt/",
  "hash": "9c9e86dc436353d11b3cf08a6b7c4956",
  "scraped_at": "2025-12-08T12:13:41.945856",
  "title": "lmaoo wutt?",
  "description": "Source: https://www.tbsnews.net/bangladesh/politics/administration-must-dance-jamaats-tune-jamaat-leader-shahjahan-goes-viral-party",
  "votes": "66",
  "comments": [
    {
      "text": "",
      "votes": "1",
      "replies": []
    },
    {
      "text": "Shameless bastard",
      "votes": "18",
      "replies": [
        {
          "text": "Takes after their forefathers of the 1971 traitors. Like father like son?",
          "votes": "5",
          "replies": [
            {
              "text": "never met a jamaati who is not a traitor",
              "votes": "5",
              "replies": []
            }
          ]
        }
      ]
    },
    {
      "text": "They already crossed every level",
      "votes": "17",
      "replies": []
    },
    {
      "text": "Whatever we say is the \"Slip of the tongue\"!! And now some \"Progressive Teachers\" will clarify this as \"The Person's own opinion. It is not from the party.\" But actually it is their real thought.",
      "votes": "14",
      "replies": []
    },
    {
      "text": "Jamat parasites are evidently active on reddit for past few days. Their footprints are all over some posts, comments and downvotes.",
      "votes": "6",
      "replies": []
    },
    {
      "text": "Even Hasina government didn't admit this shit publicly even though they did it regularly...tbh it's not a surprise if you just look around outside of the cities you'll know police and local governments do whatever the popular party in that area tells them to... The legal system is completely fucked in this country.. there's no fixing it it's just one evil to another more or less",
      "votes": "5",
      "replies": []
    },
    {
      "text": "উনি তো সঠিকই বলেছেন মনে হচ্ছে",
      "votes": "0",
      "replies": []
    },
    {
      "text": "I like the idea. This will ensure free and fair elections!",
      "votes": "0",
      "replies": []
    },
    {
      "text": "আলহামদুলিল্লাহ ইসলামিক ✅",
      "votes": "1",
      "replies": []
    },
    {
      "text": "''liar '' he said it in a official meeting & now jamaat saying this is his personal oration ''",
      "votes": "1",
      "replies": []
    }
  ],
  "id": 202
}