{
  "url": "https://www.reddit.com/r/bangladesh/comments/1p43tlo/this_makes_me_so_angry/",
  "hash": "0ca56e57107df136ebc804a648d1ae84",
  "scraped_at": "2025-12-08T12:15:06.111840",
  "title": "This makes me so angry",
  "description": "https://magazine.columbia.edu/article/beneath-bangladesh-tectonic-time-bomb\nThis research was published in 2016 btw. So we had 9 years to figure out how to navigate this. Still none of the policy makers cared to create policies to ensure we had access to earthquake resistant buildings.",
  "votes": "5",
  "comments": [
    {
      "text": "I am not defending the government. There are group of people who are more powerful than the government. They dont let the government follow well intentioned policies. Overall the institutions in Bangladesh are very weak, which have been even weakened further during 2008-2024 governments.\nAs a recent example think about the battery rickshaws in road. These rickshaws are dangerous and bad for the public safety but could the government take them out from the road?\nAlso did you know 0 restaurants in Dhaka meet the RAJUK's fire safety guidelines in Dhaka? Now if RAJUK tries to close the restaurants all restaurants needs to be closed.\nOn the building safety I remember Aupi Karim (actress and architect) mentioned most of the Dhaka's buildings need to be demolished to bring them to meet safety. Will the residents let the government follow through the policies?",
      "votes": "8",
      "replies": []
    },
    {
      "text": "Unnoyon Unnoyon Unnoyon...",
      "votes": "1",
      "replies": []
    },
    {
      "text": "Pls don't blame hasina. Bongobondhu padma shetur shopno dekhsilo tai oita banaisi. Kintu earthquake er countermeasures er shopno dekhenai so oita nia kisu kora hoynai.",
      "votes": "1",
      "replies": []
    }
  ],
  "id": 207
}