{
  "url": "https://www.reddit.com/r/bangladesh/comments/1p41xhf/admission_prep/",
  "hash": "5100ecdeb9e23d52b8b726756c5c96eb",
  "scraped_at": "2025-12-08T12:15:37.823891",
  "title": "Admission prep",
  "description": "হ্যালো, আপনারা যারা সাবজেক্ট চেঞ্জ (science to arts) করেছেন তাঁদের এডমিশন এর প্রিপারেশন কেমন যাচ্ছে? আমি একদমইইইইইই পড়াশুনায় মন দিতে পারছিনা, gk এর এত্ত ইনফরমেশন (with new ones kept piling up) আমি একেবারে হোপলেস ফিল করছি 🙏🏻 বাংলা, ইংলিশ syllabus ও এখনো শেষ হয়নি:') is there any way I can keep going?",
  "votes": "0",
  "comments": [
    {
      "text": "Read it like a story, a timeline. In a coherent manner. In a way that things feel connected. Do not just memorise. Try to understand what actually happened, the flow of events, as if it's a story.",
      "votes": "2",
      "replies": []
    },
    {
      "text": "Can you kindly check your DMs please, Thanks",
      "votes": "1",
      "replies": [
        {
          "text": "Can you kindly check your DMs please, Thanks",
          "votes": "1",
          "replies": []
        }
      ]
    }
  ],
  "id": 209
}