{
  "url": "https://www.reddit.com/r/bangladesh/comments/1pgavr1/%E0%A6%A8%E0%A6%9A%E0%A6%AE%E0%A6%A8%E0%A6%B0_%E0%A6%AA%E0%A6%A0%E0%A6%AF%E0%A6%AC%E0%A6%87_%E0%A6%8F%E0%A6%AC%E0%A6%B0%E0%A6%93/",
  "hash": "fec70699d5f67e5922ebcadcd0c65ac2",
  "scraped_at": "2025-12-08T11:21:58.387455",
  "title": "নিচুমানের পাঠ্যবই এবারও",
  "description": null,
  "votes": "50",
  "comments": [
    {
      "text": "",
      "votes": "1",
      "replies": []
    },
    {
      "text": "I just saw old Hasina era old books in our local school. They failed to supply sufficient amount even though year is about to end",
      "votes": "11",
      "replies": []
    },
    {
      "text": "I highly recommend to read the article\nনিম্নমানের পাঠ্যবই ছাপার যাত্রা শুরু হয় অগ্রণী ও কর্ণফুলী প্রেসের হাত ধরে। অগ্রণী প্রেসের মালিক কাউসার-উজ-জামান রুবেল ও কর্ণফুলী প্রেসের মালিক হাসান-উজ-জামান রবিন আপন দুই ভাই। তাঁদের ভগ্নিপতি এস এম হুমায়ুন কচুয়া ও আনোয়ারা প্রেসের মালিক। তাঁরা মূলত ক্ষমতাচ্যুত সাবেক প্রধানমন্ত্রী শেখ হাসিনার পিয়ন জাহাঙ্গীরের প্রত্যক্ষ মদদে নিম্নমানের বই ছাপা শুরু করেন। পরে সেখান থেকে ভাগ বসান সাবেক শিক্ষামন্ত্রী দীপু মনি ও মহিবুল হাসান চৌধুরী নওফেল। গত আট বছরে এই প্রতিষ্ঠানগুলো অন্তত দুই ৪০০ কোটি টাকার বই ছাপার কাজ করেছে। নিম্নমানের ছাপা বই সরবরাহ করে এই টাকার অর্ধেকই লোপাট করেছে চক্রটি।\n।",
      "votes": "10",
      "replies": [
        {
          "text": "সম্প্রতি এনসিটিবির একজন কর্মকর্তা প্রেস দুটি পরিদর্শনে গিয়ে সেখান থেকে নিম্নমানের কাগজের স্যাম্পল সংগ্রহ করেন। তিনি যখন ফিরে আসছিলেন তখন নোয়াখালীতেই তাঁর ব্যাগ কেড়ে নেয় কিছু লোক। ওই ব্যাগেই কাগজের স্যাম্পল ও কিছু কাগজপত্র ছিল। এরপর এনসিটিবির অন্য কর্মকর্তারা ওই দুটি প্রেস পরিদর্শনে যেতে অনীহা প্রকাশ করছেন।\nসংশ্লিষ্ট ব্যক্তিরা বলছেন, ২০২৫ শিক্ষাবর্ষে ওই দুটি প্রেসের ৮০ শতাংশ ছাপা বই-ই ছিল নিম্নমানের। কিন্তু বই সরবরাহের পর এনসিটিবি তদন্ত শুরু করলেও অজ্ঞাত কারণে তা থেমে যায়। ফলে তাঁরা পার পেয়ে যান। ফলে ২০২৬ শিক্ষাবর্ষের বইয়ের ক্ষেত্রে এখনই ব্যবস্থা না নিলে এ বছরও তাঁরা পার পেয়ে যাবেন",
          "votes": "6",
          "replies": [
            {
              "text": "ভাই, হাসিনা আমলের টেক্সটবুক গুলো অনেক ভালো মানের ছিল, তখনকার প্রেসে যদি দূর্নীতি করেই ঐ লেভেলের বই ছাপাতে পারে, তাহলে এ সরকারের তার থেকে ভালো কাগজের বই ছাপানোর কথা, উল্টো বইয়ের মান হাসিনার সময়ের থেকেও খারাপ",
              "votes": "6",
              "replies": []
            }
          ]
        },
        {
          "text": "Does it justify the current situation.",
          "votes": "1",
          "replies": []
        }
      ]
    },
    {
      "text": "সেখাসিনা ভারতের কাছে দেশ বেঁচে দিসে আমাদের ঘাস দিয়ে কাগজ বানিয়ে দিত ভারত তাই বইয়ের মান অনেক খারাপ ছিল। এখন তো নোবেল কাক্কু ইউনূস আছে। কাগজ সুদে কিনেছে মনে হয়!!",
      "votes": "6",
      "replies": []
    },
    {
      "text": "বিশ্বের কাছে আমরা যাব না, বিশ্ব আমাদের কাছে আসবে 😍",
      "votes": "6",
      "replies": []
    },
    {
      "text": "Main Kotha syndicate and system oi ager motoi theke gese and sudhu goddhi te bosha lok change hoise",
      "votes": "2",
      "replies": []
    },
    {
      "text": "Nunus magic 🫶",
      "votes": "1",
      "replies": []
    }
  ],
  "id": 21
}