{
  "url": "https://www.reddit.com/r/bangladesh/comments/1p41lak/how_much_time_do_i_need_in_general_to_prepare_for/",
  "hash": "4a5b6ee94870e7134f3e5ad9ad9971cf",
  "scraped_at": "2025-12-08T12:15:53.254443",
  "title": "How much time do i need in general to prepare for PHD abroad (with scholarship)?",
  "description": "I am currently a 3rd year student of KUET-EEE. I want to leave BD asap after graduation. So i was wondering how much time do i need to prepare for visa, ielts, gre and all that stuff. It would be very helpful to plan for the future if you guys could enlighten me.",
  "votes": "5",
  "comments": [
    {
      "text": "Start contacting your intended professor based on your research area. You may come even without giving gre just after BSc. I know few came to the USA without gre just after undergrad. It's always better to come as early as possible.",
      "votes": "2",
      "replies": [
        {
          "text": "Yes. But could you give me an approximate timeframe? I have a preference to go to japan, how much time do i need in general to go through visa processing, ielts etc preparatory activities.",
          "votes": "2",
          "replies": [
            {
              "text": "I don't have any idea about Japan. Just got your info even after Japanese PhD, people finally come to US. It's better to come USA",
              "votes": "1",
              "replies": []
            }
          ]
        }
      ]
    },
    {
      "text": "",
      "votes": "2",
      "replies": [
        {
          "text": "Which part of the process was \"long\"?",
          "votes": "1",
          "replies": []
        }
      ]
    }
  ],
  "id": 210
}