{
  "url": "https://www.reddit.com/r/bangladesh/comments/1p3yj1t/anyone_wanna_get_connected_and_have_fun_like_its/",
  "hash": "20f4ebd77c0184338fbff0e096b595d6",
  "scraped_at": "2025-12-08T12:16:09.507409",
  "title": "Anyone wanna get connected and have fun like its your last day?",
  "description": "Hey i am 22. Ik its crazy but we all know the there's earthquake going on. We dont know if we could survive tomorrow. So why dont we spend like its our last few days. Explore our crazy ideas, have fun and live it. So if anyone interested do text me. Also i am queer friendly.",
  "votes": "0",
  "comments": [
    {
      "text": "Bro wants to smash before he gets squished by an earthquake and the post got approved and not my actual concerned post about earthquakes. smh",
      "votes": "5",
      "replies": []
    },
    {
      "text": "Aham aham yall should start praying vai.",
      "votes": "4",
      "replies": []
    },
    {
      "text": "We look for fun in everything. Thats the problem.",
      "votes": "3",
      "replies": [
        {
          "text": "Well you can be all serious. No ones stopping you from that hehe",
          "votes": "2",
          "replies": []
        }
      ]
    },
    {
      "text": "Bro wants to smash before he gets squished by an earthquake (2) 🤣",
      "votes": "1",
      "replies": []
    },
    {
      "text": "31M. I'm feeling the same. It seems I'm spending the last few days. It's an anxiety. DM me if anyone wants to talk.",
      "votes": "1",
      "replies": [
        {
          "text": "Sureee",
          "votes": "1",
          "replies": []
        }
      ]
    },
    {
      "text": "Sure why not",
      "votes": "1",
      "replies": [
        {
          "text": "Yess. Would love to connect",
          "votes": "0",
          "replies": []
        }
      ]
    },
    {
      "text": "\"queer friendly\" that's the keyword.",
      "votes": "1",
      "replies": []
    },
    {
      "text": "I'm in. What's the plan!",
      "votes": "0",
      "replies": []
    },
    {
      "text": "In vai",
      "votes": "0",
      "replies": []
    },
    {
      "text": "Obviously",
      "votes": "0",
      "replies": []
    },
    {
      "text": "Ho bhai ashen shobai mile pani khai",
      "votes": "0",
      "replies": []
    },
    {
      "text": "Sounds fun.",
      "votes": "-1",
      "replies": []
    }
  ],
  "id": 211
}