{
  "url": "https://www.reddit.com/r/bangladesh/comments/1p3xc4t/varsity_admission_preparation_help/",
  "hash": "f7ed405b86ad7d097132be6cb92ecfa4",
  "scraped_at": "2025-12-08T12:16:26.974287",
  "title": "Varsity admission preparation help",
  "description": "Currently I want to take admission preparation from A unit. But I can't figure out how to start from where to start. Many teachers say that it will be better if you solve varsity admission question bank. But my basic is not good. I get stuck a lot when trying to solve question bank. Please give me some good tips",
  "votes": "90609",
  "comments": [
    {
      "text": "Your post has been automatically put into the moderation queue for review, due to not meeting one (or more) of the subreddit rules. You can message the moderators and share the link to your post (mandatory) if you do not receive a response within a day or two.\nRule(s): Your account should have at least 5 karma points in order to submit a post.\nI am a bot, and this action was performed automatically. Please contact the moderators of this subreddit if you have any questions or concerns.",
      "votes": null,
      "replies": []
    },
    {
      "text": "Best way of preparation take a good home tutor, finish the syllabus solve past qbank then give exams. As you Don't have enough time Don't waste it here and there.",
      "votes": null,
      "replies": []
    }
  ],
  "id": 212
}