{
  "url": "https://www.reddit.com/r/bangladesh/comments/1p3wadh/damn_this_is_concerning/",
  "hash": "e13e10ce48b34006fac4067a8834f1c9",
  "scraped_at": "2025-12-08T12:16:58.277781",
  "title": "Damn, this is concerning",
  "description": null,
  "votes": "105",
  "comments": [
    {
      "text": "",
      "votes": "1",
      "replies": []
    },
    {
      "text": "Is that a threat?",
      "votes": "35",
      "replies": []
    },
    {
      "text": "এখন জামাত আসলে ভূমিকম্প হবেনা খালি বলা বাকি আসে।",
      "votes": "50",
      "replies": [
        {
          "text": "oder ekta MP candidate bolse “jamat ele bhumikomper birudhhe bebosta newa hobe”",
          "votes": "13",
          "replies": []
        },
        {
          "text": "Real",
          "votes": "2",
          "replies": []
        },
        {
          "text": "Already bolei toh dise kalke",
          "votes": "4",
          "replies": []
        },
        {
          "text": "They already stated that in media 🤮",
          "votes": "2",
          "replies": []
        }
      ]
    },
    {
      "text": "জামায়াত ও শিবিরের ছেলেপেলেদের জেনোসাইড, ম্যাসাকার এসব শব্দ একটু কম ইউজ করা উচিত",
      "votes": "20",
      "replies": []
    },
    {
      "text": "Let this earthquake anxiety pass away first tarpor ei post e eshe gali dibone",
      "votes": "9",
      "replies": []
    },
    {
      "text": "the evil turds who sold us to pakistan in 1947 are requoting themselves",
      "votes": "25",
      "replies": []
    },
    {
      "text": "Call your memory, they have 5 million Islamic militia standing by for this job, along with Islamic fundamentalist organisations like Hepajoti, NCP, paki isi, Laskar-i-Taiba, Ansarulla Bangla Team, and Hizbutahir.",
      "votes": "14",
      "replies": [
        {
          "text": "bro ato boro brain niye gumao kmne",
          "votes": "2",
          "replies": []
        }
      ]
    },
    {
      "text": "কাঁদো বাঙালী কাঁদো",
      "votes": "13",
      "replies": []
    },
    {
      "text": "He’ll know, they have the theoretical and applied expertise.",
      "votes": "4",
      "replies": []
    },
    {
      "text": "cdse",
      "votes": "3",
      "replies": []
    },
    {
      "text": "The real face revealing ...",
      "votes": "5",
      "replies": []
    },
    {
      "text": "Believe me , This is seriously concerning if this is true ! because they already done once . they are highly experienced in it. don't take them easily.",
      "votes": "2",
      "replies": []
    },
    {
      "text": "I do not understand: what other time than মনির্বাচন will there be গনভোট ? Serious question",
      "votes": "2",
      "replies": []
    },
    {
      "text": "Earthquake will kill us before this",
      "votes": "2",
      "replies": []
    },
    {
      "text": "কি একটা শব্দ শিখেছে \"জেনোসাইড\" বামদের কাছ থেকে। জেনোসাইডের মানে বুঝে এরা?",
      "votes": "3",
      "replies": [
        {
          "text": "ভাই মানুয মারবে অনেকগুলো, এ‍্যকচুয়াল মানে জানলেও মারবে, না জানলেও মারবে। ওরা খুব সুন্দর করে এইটা করবে।",
          "votes": "4",
          "replies": []
        }
      ]
    },
    {
      "text": "GOATED Edit. Even the provided source says something else.",
      "votes": "2",
      "replies": []
    },
    {
      "text": "Source: https://www.facebook.com/100067687217142/posts/pfbid0hTcTqPcwy4SEgCzYxxe8pf47hWgNkD3LdADJQWbEK2CUWKdVaWAAE8yumPS4Rctnl/?app=fbl",
      "votes": "1",
      "replies": [
        {
          "text": "Op are you sure this is the source.. coz this tells something else.",
          "votes": "4",
          "replies": [
            {
              "text": "Look deeper",
              "votes": "4",
              "replies": []
            }
          ]
        }
      ]
    },
    {
      "text": "What is the referendum",
      "votes": "1",
      "replies": []
    },
    {
      "text": "Jamat❌ Jionist✅",
      "votes": "1",
      "replies": []
    },
    {
      "text": "So when that happens, we know who's to blame.",
      "votes": "1",
      "replies": []
    }
  ],
  "id": 214
}