{
  "url": "https://www.reddit.com/r/bangladesh/comments/1p3s68p/need_a_badminton_friend/",
  "hash": "9d4859c170590e8e7e8918f63c9aa2c5",
  "scraped_at": "2025-12-08T12:17:48.281880",
  "title": "Need a badminton friend",
  "description": "Hi amar friends der moddhe keu e badminton khele na but ei winter e ami badminton khelte chai so keu ki amar moto acho tahole amra dhanmondi lake e khelbo",
  "votes": "90609",
  "comments": [
    {
      "text": "Your post has been automatically put into the moderation queue for review, due to not meeting one (or more) of the subreddit rules. You can message the moderators and share the link to your post (mandatory) if you do not receive a response within a day or two.\nRule(s): Your account should have at least 5 karma points in order to submit a post.\nI am a bot, and this action was performed automatically. Please contact the moderators of this subreddit if you have any questions or concerns.",
      "votes": null,
      "replies": []
    },
    {
      "text": "मैं गर्मियों में तुम्हारे साथ खेलूंगा भाई",
      "votes": null,
      "replies": []
    }
  ],
  "id": 217
}