{
  "url": "https://www.reddit.com/r/bangladesh/comments/1p3nspb/where_can_i_get_this_book/",
  "hash": "018ae98d2a2e6f84b205bd8eac3843b2",
  "scraped_at": "2025-12-08T12:18:19.645393",
  "title": "Where can i get this book",
  "description": "Current Indian journalist dealing extensively with Bangladeshi counterparts - DEEP HALDAR, has written a book that needs to be read to understand if there is any propaganda involved!! where can we get this book? And if anyone have copped a copy - please share your views",
  "votes": "11",
  "comments": [
    {
      "text": "",
      "votes": "1",
      "replies": []
    },
    {
      "text": "Lol a book from. Deep halder the guy who literally supported hasinas killing of students last year. Shekhar Gupta and The print is indian deep state, and they are talking about Mujibs dream. Lol again!!!",
      "votes": "6",
      "replies": [
        {
          "text": "Did he 🤬 I thought THE PRINT is one of the true independent journals in india !! Well !! I guess i stand corrected !! But what about Sahidul hasan khokon ?",
          "votes": "-2",
          "replies": []
        }
      ]
    }
  ],
  "id": 219
}