{
  "url": "https://www.reddit.com/r/bangladesh/comments/1pg3x0i/worthless_university_students/",
  "hash": "239a8ca09cae54364b33009d6f548932",
  "scraped_at": "2025-12-08T11:22:14.913984",
  "title": "Worthless University students",
  "description": "আচ্ছা, মানুষ এত্ত বিকৃত মন মানসিকতার কেন হবে? আমরা কি কোনও দিনও একটু সভ্য হবো না? ভালো হবে না? এইটা কি শুধু একা আমার ভার্সিটির চিত্র ? নাকি অন্যগুলোও সেম!!!",
  "votes": "1",
  "comments": [],
  "id": 22
}