{
  "url": "https://www.reddit.com/r/bangladesh/comments/1p3ff5c/%E0%A6%AC%E0%A6%B0%E0%A6%A5_%E0%A6%B8%E0%A6%B0%E0%A6%9F%E0%A6%AB%E0%A6%95%E0%A6%9F_%E0%A6%85%E0%A6%A8%E0%A6%B2%E0%A6%87%E0%A6%A8_%E0%A6%86%E0%A6%AC%E0%A6%A6%E0%A6%A8_%E0%A6%B8%E0%A6%AB%E0%A6%B2_%E0%A6%B9%E0%A6%93%E0%A7%9F%E0%A6%B0_%E0%A6%AA%E0%A6%B0%E0%A6%8F%E0%A6%AA%E0%A6%B2%E0%A6%95%E0%A6%B6%E0%A6%A8_%E0%A6%A1%E0%A6%89%E0%A6%A8%E0%A6%B2%E0%A6%A1_%E0%A6%95%E0%A6%B0/",
  "hash": "162329187f2e56d9fb818cef33347f93",
  "scraped_at": "2025-12-08T12:19:11.255667",
  "title": "বার্থ সার্টিফিকেট অনলাইন আবেদন সফল হওয়ার পর,এপ্লিকেশন ডাউনলোড করা যায় কিভাবে??",
  "description": "অনলাইন এপ্লিকেশন সাবমিট হয়েছে। কিন্তু প্রিন্ট অপশনে ক্লিক করলেই লগইন পেইজে নিয়ে যাচ্ছে। কোনো অভিজ্ঞ কপউ সহায়তা করলে খুশি হবো। ধন্যবাদ।",
  "votes": "1",
  "comments": [
    {
      "text": "Your post has been automatically put into the moderation queue for review, due to not meeting one (or more) of the subreddit rules. You can message the moderators and share the link to your post (mandatory) if you do not receive a response within a day or two.\nRule(s): Your account should have at least 5 karma points in order to submit a post.\nI am a bot, and this action was performed automatically. Please contact the moderators of this subreddit if you have any questions or concerns.",
      "votes": "1",
      "replies": []
    }
  ],
  "id": 222
}