{
  "url": "https://www.reddit.com/r/bangladesh/comments/1p35q8y/effective_mosquito_repellent/",
  "hash": "83846c248418920c9a082517838a65c9",
  "scraped_at": "2025-12-08T12:20:22.841242",
  "title": "Effective mosquito repellent.",
  "description": "Like something with deet or picaridin, not those natural ones you find with bullshit oils. Does anyone know how I can acquire one in Bangladesh?",
  "votes": "5",
  "comments": [
    {
      "text": "Odomos, works for 2 hours.",
      "votes": "2",
      "replies": [
        {
          "text": "Did you try it? Sounds like it has natural oils, which I don't trust...",
          "votes": "2",
          "replies": [
            {
              "text": "I don't know about natural oils. I use it everyday. Smells good, works for me.",
              "votes": "2",
              "replies": []
            }
          ]
        }
      ]
    },
    {
      "text": "Dr. Rahzes",
      "votes": "0",
      "replies": []
    },
    {
      "text": "Certain essential oils are actually mosquito repellent, not bs, from lots of scientific research.",
      "votes": "-1",
      "replies": []
    }
  ],
  "id": 226
}