{
  "url": "https://www.reddit.com/r/bangladesh/comments/1p2umfg/the_earthquake_shook_me/",
  "hash": "03178942ac43fe16598ae1e4fbc99790",
  "scraped_at": "2025-12-08T12:21:33.810225",
  "title": "The earthquake shook me💀",
  "description": "I was doing my tution on the 5th floor of my school the earthquake was so powerful neverfelt such a strong and poweful earthquake in my life",
  "votes": "11",
  "comments": [
    {
      "text": "My flat is at 6th floor and it's the worst one. I was thinking this is the end may be.",
      "votes": "6",
      "replies": []
    },
    {
      "text": "Yeap still kn shock :')",
      "votes": "2",
      "replies": [
        {
          "text": "Get well soon",
          "votes": "1",
          "replies": []
        }
      ]
    },
    {
      "text": "Your post has been automatically put into the moderation queue for review, due to not meeting one (or more) of the subreddit rules. You can message the moderators and share the link to your post (mandatory) if you do not receive a response within a day or two.\nRule(s): Your account should have at least 5 karma points in order to submit a post.\nI am a bot, and this action was performed automatically. Please contact the moderators of this subreddit if you have any questions or concerns.",
      "votes": "1",
      "replies": []
    }
  ],
  "id": 230
}