{
  "url": "https://www.reddit.com/r/bangladesh/comments/1p2tvge/%E0%A6%B8%E0%A6%B0%E0%A6%95%E0%A6%B0_%E0%A6%A7%E0%A6%A8%E0%A6%AE%E0%A6%A8%E0%A6%A1%E0%A7%A9%E0%A7%A8_%E0%A6%AD%E0%A6%99%E0%A6%97%E0%A6%A4_%E0%A6%A8_%E0%A6%A6%E0%A6%93%E0%A7%9F%E0%A6%B0_%E0%A6%95%E0%A6%B0%E0%A6%A3_%E0%A6%95_%E0%A6%8F%E0%A6%B0_%E0%A6%86%E0%A6%97_%E0%A6%A6%E0%A6%87%E0%A6%AC%E0%A6%B0_%E0%A6%AC%E0%A6%A7_%E0%A6%A8/",
  "hash": "f5c9d156dd3d9c82dc40c9cad5417171",
  "scraped_at": "2025-12-08T12:22:04.502680",
  "title": "সরকার ধানমন্ডি-৩২ ভাঙ্গতে না দেওয়ার কারণ কি? এর আগে দুইবার বাঁধা না দিলেও এইবার কেন বাঁধা দিয়েছে? ৫ ই ফেব্রুয়ারি সেনাবাহিনী, পুলিশের সামনেই বুলডোজার দিয়ে ধানমন্ডি ৩২ ভেঙ্গেছিলো জুলাই যুদ্ধা ও শিবিররা। কিন্তু ১৭ নভেম্বর সেই পুলিশ ও সেনাবাহিনী কেন বাঁধা দিলো? কি মনে হয় আপনার? কেন?",
  "description": "ছবি- কার্টুনিস্ট মেহেদী হকের ফেইসবুক পেইজ।",
  "votes": "28",
  "comments": [
    {
      "text": "",
      "votes": "1",
      "replies": []
    },
    {
      "text": "ধানমণ্ডি ৩২ এর বাড়ি পূর্বেই ভেঙ্গে ফেলা হয়েছে। সেখানে নতুন করে ভাঙ্গার কিছু ছিল না। এবারের বুলডোজার নিয়ে সেখানে যাওয়া বাড়াবাড়ি ছিল। উপরন্তু আর মাস দুয়েক পরেই নির্বাচন। অথচ এখনো যদি Law Enforcement মবের কাছে পরাক্রান্ত হয় তবে এটা অনেক বড় অস্তিত্ব সংকটের ব্যাপার হতো সরকারের জন্য। নির্বাচনে law and order নিয়ে কোনো ছাড় নয় সেটা জানাতে এবারের প্রতিরোধ।",
      "votes": "27",
      "replies": [
        {
          "text": "one of the best take",
          "votes": "3",
          "replies": []
        }
      ]
    },
    {
      "text": "প্রধান কারণগুলো হলো— ১. যেদিন আদালত রায় ঘোষণা করেছে, সেদিন বিশ্বের প্রায় সব বড় আন্তর্জাতিক গণমাধ্যমের নজর ছিল বাংলাদেশের দিকে। ২. ড. খালিল এর (নিরাপত্তা উপদেষ্টা) সেদিনই ভারতে গিয়ে অজিত ডোভালের সঙ্গে বৈঠক করতে হতো।",
      "votes": "14",
      "replies": []
    },
    {
      "text": "",
      "votes": "13",
      "replies": [
        {
          "text": "বাংলাদেশকে সিঙ্গাপুর বানাতে চাইলে এই হবে।",
          "votes": "2",
          "replies": [
            {
              "text": "BD on the way of Singapore",
              "votes": "0",
              "replies": []
            }
          ]
        }
      ]
    },
    {
      "text": "লাস্ট বার ভাঙার পরে মব বেড়ে গেছিল সারা দেশে। এখন মব একটু শান্ত। আবার ভাঙতে দিলে মব আবার বেড়ে যেত সারা দেশে। যেইটা করা উচিত, আন্দোলন করে দাবি তোলা , 32 পুরোপুরি ভেঙে শিশু পার্ক বানানো বা অন্য কিছু। যেইটা ভাঙবে সরকার, মব না।",
      "votes": "4",
      "replies": [
        {
          "text": "৩২ কেনো ভাঙ্গতে হবে?",
          "votes": "0",
          "replies": []
        }
      ]
    },
    {
      "text": "মানুষকে বোকা বানানো হয়েছে,মানুষ যাতে এসবে অস্থির হয়ে থাকে। অইদিকে বন্দর চুক্তিটা আরামছে সেরে ফেলা যায়",
      "votes": "11",
      "replies": []
    },
    {
      "text": "১.গ্রামীণ ব্যাংকে হামলা ২. গ্রামীণ ফোন বয়কট ৩.গ্রামীণ ফোনের স্থাপনায় দেশ ব্যাপী হামলার আশংকা।",
      "votes": "6",
      "replies": []
    },
    {
      "text": "Bandor Ra gesilo eibar Dhanmondi 32 e. Pinaki Master er Kotha shuina",
      "votes": "3",
      "replies": []
    },
    {
      "text": "এসব ভাঙাভাঙির রাজনীতি থেকে বের হতে পারলাম না। এখন লীগের ঘর-বাড়ি, ৩২ নম্বর ভেঙে ফেললো, মানুষ মারলো। লীগ এসে ঠিক উলটো কাজ টাই করবে। মানে আগামী ১০-২০ বছর এসব ভাঙাভাঙির রাজনীতি অটূট থাকবে। গুড লাক বাংলাদেশ 😭",
      "votes": "5",
      "replies": [
        {
          "text": "লীগ ডান এন্ড ডাস্টেড৷ হাসিনা নিজের হাতেই লীগকে শেষ করে দিয়ে গেছে। গত দুইটা ক্রাইসিস মোমেন্ট জোহরা তাজউদ্দীন আর জিল্লুর রহমান পার করিয়ে দিয়েছে। ওই ক্যালিবারের কাউকে হাসিনা স্পেস দেয় নাই লাস্ট ৬/৭ বছর। লিডারশীপ ছাড়া একটা দলের রাজনৈতিক প্রত্যাবর্তন সম্ভব না।",
          "votes": "3",
          "replies": []
        },
        {
          "text": "",
          "votes": "-5",
          "replies": [
            {
              "text": "৫৪ বছরে দেশের শত্রু জামাত-শিবির কে নিশ্চিহ্ন করতে পারে নাই, আবার আসছে লীগ ক্লিয়ার করতে 😉",
              "votes": "9",
              "replies": []
            }
          ]
        }
      ]
    },
    {
      "text": "নুনুসের সুদের ব্যবসায় আগুন লাগছে তাই !",
      "votes": "7",
      "replies": []
    },
    {
      "text": "আগের দুইবার ভাঙ্গতে দিয়ে সরকার অনেক কুখ্যাতি অর্জন করেছে। এজন্য এবার আর ভাঙ্গতে দেয় নাই। সরকারের শুভ বুদ্ধির উদয় বলা যাবে কিনা শিওর না।",
      "votes": "2",
      "replies": []
    },
    {
      "text": "প্রথমদিন গেছিলেন ওটাও পাগলামি ছিল।",
      "votes": "2",
      "replies": [
        {
          "text": "প্রথমদিন গেছিলেন ওটাও পাগলামি ছিল।",
          "votes": "2",
          "replies": [
            {
              "text": "Paglami chere dao vaya. Coke & Singara tumi are paba na.",
              "votes": "0",
              "replies": []
            }
          ]
        }
      ]
    },
    {
      "text": "ঐদিনই দুইটা পোর্টের দায়িত্ব বিদেশিদের হাতে তুলে দিছে সরকার, এজন্য কিছু ডিস্ট্রাকশনের দরকার ছিল, ঐদিন সন্ধ্যার আগে কি কেউ জানতে পেরেছিলেন দুপুর ১ টায় চুক্তি সই হয়ে গেছে?",
      "votes": "2",
      "replies": []
    },
    {
      "text": "সরকারের উচিত ছিল নিজেরাই এটাকে ভেঙে ফেলা।",
      "votes": "1",
      "replies": [
        {
          "text": "কেনো?",
          "votes": "2",
          "replies": []
        }
      ]
    },
    {
      "text": "উদ্দেশ্য ছিল ভাঙা, সেই কাজ তো হয়েই গেসে, এখন আর ইন্টেরিম খামোখা নতুন করে বিতর্ক তৈরী করতে চায় না, বুদ্ধি আছে",
      "votes": "1",
      "replies": []
    }
  ],
  "id": 232
}