{
  "url": "https://www.reddit.com/r/bangladesh/comments/1p2rhbi/%E0%A6%AD%E0%A6%AE%E0%A6%95%E0%A6%AE%E0%A6%AA_%E0%A6%85%E0%A6%AA%E0%A6%B0%E0%A6%B6%E0%A6%A8_%E0%A6%A5%E0%A7%9F%E0%A6%9F%E0%A6%B0_%E0%A6%AE_%E0%A6%9C%E0%A6%A8%E0%A6%A8_%E0%A6%A8_%E0%A6%9B%E0%A6%B2_%E0%A6%AE%E0%A6%B0_%E0%A6%97%E0%A6%9B_%E0%A6%AC%E0%A6%B2%E0%A6%A6%E0%A6%B6/",
  "hash": "6252e782c8becb3f4381b846aa0195a6",
  "scraped_at": "2025-12-08T12:22:23.994517",
  "title": "ভূমিকম্প: অপরাশেন থিয়েটারে মা, জানেন না ছেলে মারা গেছে | বাংলাদেশ",
  "description": null,
  "votes": "4",
  "comments": [],
  "id": 233
}