{
  "url": "https://www.reddit.com/r/bangladesh/comments/1p2r9m4/3_pedestrians_crushed_to_death_as_building/",
  "hash": "8f52dfbb0f7bfe280580a7d260afba62",
  "scraped_at": "2025-12-08T12:22:38.804208",
  "title": "3 pedestrians crushed to death as building railing collapses in Old Dhaka during morning quake",
  "description": null,
  "votes": "22",
  "comments": [
    {
      "text": "",
      "votes": "1",
      "replies": []
    },
    {
      "text": "Read more: https://www.tbsnews.net/bangladesh/3-pedestrians-crushed-death-building-railing-collapses-old-dhaka-during-morning-quake",
      "votes": "1",
      "replies": []
    }
  ],
  "id": 234
}