{
  "url": "https://www.reddit.com/r/bangladesh/comments/1p2q8fs/%E0%A6%AD%E0%A6%AE%E0%A6%95%E0%A6%AE%E0%A6%AA/",
  "hash": "2a0e88502fc1a0d87a77b9b7a8d2701c",
  "scraped_at": "2025-12-08T12:23:24.294202",
  "title": "ভূমিকম্প",
  "description": "ভূমিকম্পের বিভীষিকা কত মারাত্মক কোরআনের এক আয়াতে আল্লাহ তাআলা তা তুলে ধরে বলেন, ‘হে মানব সকল, তোমরা ভয় করো তোমাদের রবকে। নিশ্চয়ই কিয়ামত দিবসের ভূকম্পন হবে একটা মারাত্মক ব্যাপার। যে দিন তোমরা তা প্রত্যক্ষ করবে, স্তন্যদায়ী মা তার দুগ্ধপোষ্য সন্তানের কথা ভুলে যাবে আর সব গর্ভবতীর গর্ভপাত হয়ে যাবে। দৃশ্যত মানুষকে মাতালের মতো দেখাবে, আসলে তারা নেশাগ্রস্ত হবে না।\nবস্তুত আল্লাহর শাস্তি হবে অত্যন্ত ভয়াবহ।’ (সুরা : হজ, আয়াত : ১-২)",
  "votes": "22",
  "comments": [
    {
      "text": "This one was insane. I’ve never felt anything like that in all my 30+ years. The whole thing felt unreal, like the ground was moving in waves, like an inverted pendulum",
      "votes": "12",
      "replies": []
    },
    {
      "text": "ভাই ভূমিকম্প কেনো হয় সেইটা আগে জানেন। সামথিং সামথিং টেকটোনিক প্লেটের মুভমেন্ট\nকোরআনে সব কিছু নিয়াই আল্লাহর শাস্তি ভয়াবহ... এইডা নতুন কিছু না",
      "votes": "26",
      "replies": [
        {
          "text": "একজন দেখলাম মেয়েদের জিন্স প্যান্টের কথা বলতেছে। 🤣",
          "votes": "5",
          "replies": [
            {
              "text": "মেয়েদের জিন্স পড়ার চেয়ে মোল্লার শিশু বাচ্চা বলৎকার বেশি ঝুঁকিপূর্ণ। কারণ আল্লাহ পবিত্র কুরআন এ সতর্ক করেছেন।",
              "votes": "2",
              "replies": []
            }
          ]
        },
        {
          "text": "",
          "votes": "-6",
          "replies": []
        }
      ]
    },
    {
      "text": "ভূমিকম্প খুবই ভয়ের এবং একই সাথে প্রাকৃতিক , কিছু হইলেই ধর্ম টেনে আনা অধর্মের কাজ ।",
      "votes": "14",
      "replies": [
        {
          "text": "",
          "votes": "-6",
          "replies": [
            {
              "text": "আপনি বোঝান ? আমি দেখলাম আপনি একটা আয়াত শেয়ার করেছেন ভূমিকম্প দেখে আপনার এই আয়াত টা মনে পড়েছে নিশ্চিত । আর আপনি সবাইকে ভয় দেখাতে হাজির হয়ে গেছেন । কিন্তু আফসোস আল্লাহ এর পরিচয় যদি আপনি জানতেন আসলেই তাহলে দুঃসংবাদ পেয়েই ভয় দেখাতে আসতে পারতেন না ।",
              "votes": "10",
              "replies": []
            }
          ]
        }
      ]
    },
    {
      "text": "this was so real.",
      "votes": "4",
      "replies": []
    },
    {
      "text": "",
      "votes": "4",
      "replies": []
    },
    {
      "text": "Lol. Lmao even. Next what? Earthquakes are results of girls wearing jeans?",
      "votes": "4",
      "replies": [
        {
          "text": "এই নোবেলপ্রাপ্ত আধুনিক হুজুর ভাইটি তাই মনে করে।",
          "votes": "3",
          "replies": []
        }
      ]
    },
    {
      "text": "আয়াতে গর্ভপাতের বিষয়টি আমার বোধগম্য হয়নাই।",
      "votes": "3",
      "replies": [
        {
          "text": "ঠিক মত কোরআন পড়ে বুঝতে গেলে কিছু বুঝা যায় না। মনে হয় বিভিন্ন জায়গা থেকে জোড়াতালি দিয়ে লিখসে।",
          "votes": "2",
          "replies": [
            {
              "text": "",
              "votes": "0",
              "replies": []
            }
          ]
        }
      ]
    },
    {
      "text": null,
      "votes": "1",
      "replies": [
        {
          "text": null,
          "votes": "1",
          "replies": []
        }
      ]
    },
    {
      "text": "",
      "votes": "-28",
      "replies": [
        {
          "text": "ভূমিকম্প অনেক প্রাচীন একটা জিনিস , তথাকথিত মুরতাদ কওমি লুত এর সাথে কোন সম্পর্ক নাই",
          "votes": "10",
          "replies": []
        },
        {
          "text": "some of them will even downvote this post",
          "votes": "1",
          "replies": []
        }
      ]
    },
    {
      "text": "What a loving and caring fellow",
      "votes": "1",
      "replies": []
    }
  ],
  "id": 237
}