{
  "url": "https://www.reddit.com/r/bangladesh/comments/1p2q4oo/its_now_changed_to_55_magnitude/",
  "hash": "18670a16c334f073718b413eff3fb1bc",
  "scraped_at": "2025-12-08T12:23:42.533607",
  "title": "Its now changed to 5.5 magnitude",
  "description": "",
  "votes": "15",
  "comments": [
    {
      "text": "5.7 is official",
      "votes": "4",
      "replies": []
    },
    {
      "text": "5.5 is still estimated. Not official number.",
      "votes": "3",
      "replies": []
    },
    {
      "text": "It's official",
      "votes": "3",
      "replies": []
    }
  ],
  "id": 238
}