{
  "url": "https://www.reddit.com/r/bangladesh/comments/1p2plds/earthquake_in_dhaka/",
  "hash": "ac9a140a5862722d11c4c63233db0fdb",
  "scraped_at": "2025-12-08T12:23:57.948654",
  "title": "Earthquake in Dhaka!!",
  "description": "An earth just hit the Dhaka right now around 10:40 am",
  "votes": "5",
  "comments": [
    {
      "text": "Was it earthquake or underground explosion?",
      "votes": "1",
      "replies": [
        {
          "text": "Do not tell anyone. it is the result of our nuclear bomb testing.",
          "votes": "1",
          "replies": [
            {
              "text": "Don't spread misinformation",
              "votes": "1",
              "replies": []
            }
          ]
        }
      ]
    }
  ],
  "id": 239
}