{
  "url": "https://www.reddit.com/r/bangladesh/comments/1p2pjjc/earthquake_49_hope_everyone_is_safe/",
  "hash": "eac252fc8f5f10965cd80212bb7e1f62",
  "scraped_at": "2025-12-08T12:24:13.893015",
  "title": "Earthquake 4.9 hope everyone is safe",
  "description": null,
  "votes": "111",
  "comments": [
    {
      "text": "",
      "votes": "1",
      "replies": []
    },
    {
      "text": "This might be the first time we had an earthquake of this magnitude. Usually most earthquakes that happened in this region were either low magnitudes or aftershocks from bigger earthquakes from other regions. But this one genuinely felt like it actually happened on this region.",
      "votes": "42",
      "replies": [
        {
          "text": "This was originated in Kaliganj, it was a genuine one...",
          "votes": "13",
          "replies": []
        },
        {
          "text": "Definitely the biggest i've felt in my life.",
          "votes": "11",
          "replies": []
        }
      ]
    },
    {
      "text": "Was literally sleeping😭\nThis shii woke me up from the sleep.",
      "votes": "36",
      "replies": [
        {
          "text": "Same Bhai. 4 ta alarm disi shunte painai but this woke me up",
          "votes": "10",
          "replies": []
        }
      ]
    },
    {
      "text": "Bro I am from Kolkata , I too felt the tremor . Googled and found out an earthquake came in Bangladesh . Hope you all are safe",
      "votes": "53",
      "replies": []
    },
    {
      "text": "Mine showing 5.2 and it's near Dhaka.\nEdit: it updated to 5.5",
      "votes": "25",
      "replies": []
    },
    {
      "text": "It literally happened over Dhaka maybe that's why it was so damn scary I almost fell off from bed so I crawled under it",
      "votes": "13",
      "replies": []
    },
    {
      "text": "first e vabsilam, shopne dolnate ghumacchi. pore dekhi mosha marar je coil rakhar plate sheda nortese.. tokhon bujhsi vumikompo",
      "votes": "11",
      "replies": []
    },
    {
      "text": "there was a building near us and one of its pillars literally became 70 degrees and there was this huge crack so its unfit for living",
      "votes": "11",
      "replies": [
        {
          "text": "damn :(",
          "votes": "4",
          "replies": [
            {
              "text": "we all are cooked",
              "votes": "4",
              "replies": []
            }
          ]
        }
      ]
    },
    {
      "text": "Get shoe? Wait let me grab my high heels! But in all seriousness, richter scale is logorithmic so a 8.5 earthquake is going to be 1000 times stronger 😶",
      "votes": "9",
      "replies": [
        {
          "text": "I thought this was 7.5 or something.. but if 5.5 is this strong, we are soooo cooked!",
          "votes": "15",
          "replies": [
            {
              "text": "Right? Like a 1000 times stronger! I can't even imagine how anything can stand to that amount of oscillating force!",
              "votes": "8",
              "replies": []
            },
            {
              "text": "If the soil is soft, you don't really need a strong one to cause damage. The soil under dhaka is practically like a jello in geographic context.",
              "votes": "4",
              "replies": []
            }
          ]
        }
      ]
    },
    {
      "text": "The origin was in Ghorashal, Narsingdi, few km away from our village.",
      "votes": "8",
      "replies": []
    },
    {
      "text": "Our 3rd storey floor felt like moving a whole foot sideways",
      "votes": "5",
      "replies": []
    },
    {
      "text": "No way it's 4.9. It's much bigger.",
      "votes": "4",
      "replies": [
        {
          "text": "It's being reported as being 5.5 now.",
          "votes": "5",
          "replies": []
        }
      ]
    },
    {
      "text": "For those seeking precise magnitude readings and attempting to reconcile differing figures: the discrepancies are expected and inconsequential. This image was captured in real-time during the seismic event, meaning readings from various monitoring stations will naturally vary.\nThe priority is ensuring everyone's safety rather than debating minor measurement variations. Please confirm you are safe and well.",
      "votes": "4",
      "replies": []
    },
    {
      "text": "It’s magnitude 5.7 now, everything was shaking for a few seconds, genuinely concerning.",
      "votes": "4",
      "replies": []
    },
    {
      "text": "It's 5.7 but Alhamdulillah my family is ok",
      "votes": "7",
      "replies": []
    },
    {
      "text": "It was later updated to magnitude of 5.7",
      "votes": "6",
      "replies": []
    },
    {
      "text": "It’s strong 🙏",
      "votes": "3",
      "replies": []
    },
    {
      "text": "Location : BD",
      "votes": "3",
      "replies": []
    },
    {
      "text": "It's 5.7 officially confirmed",
      "votes": "3",
      "replies": []
    },
    {
      "text": "I was sleeping literally jani na ki hoise. I thought my mom was angry ato deri hoye gese uthi na and she was shaking me but turns out the ENTIRE BUILDING WAS SHAKING?? OMG?? I WAS SO SCARED",
      "votes": "3",
      "replies": []
    },
    {
      "text": "Here showing 5.5 magnitude earthquake",
      "votes": "2",
      "replies": []
    },
    {
      "text": "4.9? It felt stronger than that",
      "votes": "2",
      "replies": []
    },
    {
      "text": "It was 5.7 according to news",
      "votes": "2",
      "replies": []
    },
    {
      "text": "felt like I was nearly fainting",
      "votes": "2",
      "replies": []
    },
    {
      "text": "It's 5.7\nSource: https://presite.bmd.gov.bd/p/Seismic-Monitoring",
      "votes": "3",
      "replies": []
    },
    {
      "text": "Genuinely thought that this was an 6 or a 7 scale earthquake because of that intense shaking but it turns out to be a 5!! Wallahi😭😭",
      "votes": "2",
      "replies": []
    }
  ],
  "id": 240
}