{
  "url": "https://www.reddit.com/r/bangladesh/comments/1p2cxrn/imagine_being_truly_offline_at_2_am/",
  "hash": "218872d9460ce6910cacfaa4e55c7c72",
  "scraped_at": "2025-12-08T12:24:56.506631",
  "title": "Imagine being truly offline at 2 am",
  "description": "Suppose it's 2 am at night and you are no where near to sleep when,\nYou lost your phone yesterday, and with the month’s end approaching, buying a new phone isn’t something you can even think about right now. Your number is off you don't have any other device to use. The room is completely dark, and the only sound is your roommate’s quiet breathing after a long, exhausting day. He needs to wake up at 6 a.m. in the next morning, so turning on the light is not an option.\nIn that stillness, with no light, no distractions, and no way to reach anyone, what would you do in that moment?",
  "votes": "6",
  "comments": [
    {
      "text": "are you in that scenario right now? i'm sorry you're going through this if thats the case. but if i was in that scenario i'd probably just try to sleep to skip the night. i have gone through numerous nights without any phone or internet access. for me it's not pleasant at all, but i dont think its a very normal thing to be online all night either.",
      "votes": "1",
      "replies": []
    },
    {
      "text": "Gonna think about the decisions that leads me on that position",
      "votes": "1",
      "replies": []
    }
  ],
  "id": 242
}