{
  "url": "https://www.reddit.com/r/bangladesh/comments/1p2cnb3/thoughts_on_people_saying_that_this_was_staged/",
  "hash": "5ff90efeaf12b13ce5ecd086f78589d7",
  "scraped_at": "2025-12-08T12:25:11.861917",
  "title": "Thoughts on people saying that this was staged?",
  "description": null,
  "votes": "15",
  "comments": [
    {
      "text": "Nothing is surprising. The drama has started.",
      "votes": "9",
      "replies": []
    },
    {
      "text": "Staged houk or actual, english kopchano actress rafiar movie flopped.",
      "votes": "6",
      "replies": [
        {
          "text": "english kopchano actress rafiar movie flopped.\nThat doesn't fucking matter to her.",
          "votes": "2",
          "replies": [
            {
              "text": "English e bolse jehetu thiki bolse...",
              "votes": "1",
              "replies": []
            }
          ]
        }
      ]
    },
    {
      "text": "The perpetrators should be brought to justice. But some people are using this as an excuse to break another cult's holy site.",
      "votes": "3",
      "replies": []
    },
    {
      "text": "তাদের লজিক অনুযায়ী লীগ মাঠে নেই। তাহলে এটা কারা করবে? আর এরকম ফালতু এটাক আওয়ামী লীগের কর্মীরা করবে না। তারা করলে নিশ্চিতভাবেই তার ক্ষতি হতো।",
      "votes": "1",
      "replies": []
    },
    {
      "text": "শিবিরের হামলা নাকি?",
      "votes": "1",
      "replies": []
    },
    {
      "text": "Your post has been automatically put into the moderation queue for review, due to not meeting one (or more) of the subreddit rules. You can message the moderators and share the link to your post (mandatory) if you do not receive a response within a day or two.\nRule(s): Your account should have at least 5 karma points in order to submit a post.\nI am a bot, and this action was performed automatically. Please contact the moderators of this subreddit if you have any questions or concerns.",
      "votes": "0",
      "replies": []
    },
    {
      "text": "Source: https://www.instagram.com/p/DRR3oY7k5In/?igsh=czNjeDc5OHJoZ2xz",
      "votes": "0",
      "replies": []
    }
  ],
  "id": 243
}