{
  "url": "https://www.reddit.com/r/bangladesh/comments/1p2bhgo/will_the_caretaker_system_work_in_the_future/",
  "hash": "41eebfd7266e4f1eb3bacbe4f0e133af",
  "scraped_at": "2025-12-08T12:25:28.091140",
  "title": "Will the caretaker system work in the future?",
  "description": "The Supreme Court has reinstituted the caretaker government. The caretaker system didn’t function properly in the past. Will it work in the days to come?",
  "votes": "3",
  "comments": [
    {
      "text": "It depends on the intention. The 1st caretaker govt worked well overall. The last one was a disaster considering 9/11 and its longevity. But that was BNP’s failure basically.\nIf designed well with good intentions, it’ll definitely work. After all, it’s our only hope.\nAlso, it’s possible that the EC will takeover the administration and governance for 3 months and exit after holding the election. I’m assuming the EC will be independent, honest and transparent.",
      "votes": "2",
      "replies": []
    }
  ],
  "id": 244
}