{
  "url": "https://www.reddit.com/r/bangladesh/comments/1p2ap65/should_i_buy_iphone_13_rn/",
  "hash": "8c4ec2f889d3ead661513bb7c81155c8",
  "scraped_at": "2025-12-08T12:25:44.290102",
  "title": "Should I buy Iphone 13 rn?",
  "description": "Okhyy let me tell you something, i wanna buy a phone but i'm confused in should I buy Iphone 13 with 58k or just go with another one !! (I won't use any used or second hand phone)",
  "votes": "2",
  "comments": [
    {
      "text": "টাকার মায়া থাকলে 58k দিয়ে iPhone 13 কিনবেন না। ওই দামে iPhone 14 পাইলে কিনতে পারেন।\niPhone 13 isn't worth it in 2026.",
      "votes": "2",
      "replies": []
    },
    {
      "text": "Nope",
      "votes": "2",
      "replies": []
    },
    {
      "text": "Clear answer: No.\nIf you specifically want an iPhone, there's no debate. However, if you're looking for a better phone within that price range, there are many alternatives available.",
      "votes": "2",
      "replies": [
        {
          "text": "can you suggest some?",
          "votes": "1",
          "replies": []
        }
      ]
    },
    {
      "text": "i bought a 13pro second hand with 53 a few months ago , its a beast",
      "votes": "0",
      "replies": [
        {
          "text": "From where bruh?",
          "votes": "1",
          "replies": []
        }
      ]
    }
  ],
  "id": 245
}