{
  "url": "https://www.reddit.com/r/bangladesh/comments/1p27ief/%E0%A6%8F%E0%A6%A8%E0%A6%B8%E0%A6%AA%E0%A6%B0_%E0%A6%AE%E0%A6%A8%E0%A6%A8%E0%A7%9F%E0%A6%A8_%E0%A6%95%E0%A6%A8%E0%A6%B2%E0%A6%A8_%E0%A6%B8%E0%A6%87_%E0%A6%B0%E0%A6%95%E0%A6%B6%E0%A6%9A%E0%A6%B2%E0%A6%95_%E0%A6%B2%E0%A7%9C%E0%A6%AC%E0%A6%A8_%E0%A6%AF_%E0%A6%86%E0%A6%B8%E0%A6%A8_%E0%A6%A5%E0%A6%95/",
  "hash": "9d8cd069990e6a2236905d9289c4341c",
  "scraped_at": "2025-12-08T12:26:00.109276",
  "title": "এনসিপির মনোনয়ন কিনলেন সেই রিকশাচালক, লড়বেন যে আসন থেকে",
  "description": null,
  "votes": "2",
  "comments": [
    {
      "text": "এইসব ফাত্রামি শালারপো রা কেনো করতেসে T_T Whos gonna win against মির্জা আব্বাস",
      "votes": "1",
      "replies": [
        {
          "text": "এই ধরনের ক্যান্ডিডেট দরকার আছে , যদিও এনসিপির কর্মপন্থা নিয়ে সন্দিহান তবে এই ধরনের মানুষকে আইন সভায় নিয়ে যাবার দরকার আছে । জিততে না পারলেও চেষ্টা তো করা যাবে ।",
          "votes": "1",
          "replies": []
        }
      ]
    }
  ],
  "id": 246
}