{
  "url": "https://www.reddit.com/r/bangladesh/comments/1p23026/bangladesh_court_halts_arbitration_with_indias/",
  "hash": "2787f64ce47fcb6f3a6f2b619dda7971",
  "scraped_at": "2025-12-08T12:26:52.817563",
  "title": "Bangladesh court halts arbitration with India's Adani Power over dues",
  "description": "What's your opinion on this guy's?",
  "votes": "2",
  "comments": [
    {
      "text": "Adani Power appears confident about winning the arbitration, while the IG continues searching for irregularities such as potential bribery to cancel the deal, but has not succeeded so far. I think that we will have no choice but to comply with the contract in the end.",
      "votes": "-1",
      "replies": [
        {
          "text": "It’s Adani, there definitely will be proof of corruption.",
          "votes": "4",
          "replies": [
            {
              "text": "But you have to find it. Till then innocent until proven guilty.",
              "votes": "1",
              "replies": []
            }
          ]
        }
      ]
    },
    {
      "text": "Your post has been automatically put into the moderation queue for review, due to not meeting one (or more) of the subreddit rules. You can message the moderators and share the link to your post (mandatory) if you do not receive a response within a day or two.\nRule(s): Your account should have at least 5 karma points in order to submit a post.\nI am a bot, and this action was performed automatically. Please contact the moderators of this subreddit if you have any questions or concerns.",
      "votes": "1",
      "replies": []
    }
  ],
  "id": 249
}