{
  "url": "https://www.reddit.com/r/bangladesh/comments/1p20ve4/about_ssc_2026_examination/",
  "hash": "5ca2dffb48f7d5fe646bb8c914460d97",
  "scraped_at": "2025-12-08T12:27:08.577046",
  "title": "About SSC 2026 examination",
  "description": "Elections are starting with the start of February on 2026, the SSC 2026 examinations are supposed to be held at march. Is the elections going to have an effect on this date and cause a delay to the exam? Is there any notices regarding that to anyones knowledge? And I would also like personal opinions.",
  "votes": "3",
  "comments": [
    {
      "text": "Your post has been automatically put into the moderation queue for review, due to not meeting one (or more) of the subreddit rules. You can message the moderators and share the link to your post (mandatory) if you do not receive a response within a day or two.\nRule(s): Your account should have at least 5 karma points in order to submit a post.\nI am a bot, and this action was performed automatically. Please contact the moderators of this subreddit if you have any questions or concerns.",
      "votes": "1",
      "replies": []
    },
    {
      "text": "No, I dont think so. Kono delay hoile agei routine change kore dito. Ssc 25 e jemon Bangla 2nd shobar last e hoyechilo orokom",
      "votes": "1",
      "replies": []
    },
    {
      "text": "How can I get ssc papers?",
      "votes": "1",
      "replies": []
    }
  ],
  "id": 250
}