{
  "url": "https://www.reddit.com/r/bangladesh/comments/1pfqbms/suggestions_for_panchagor_dinajpur_tour/",
  "hash": "2e24010e39718c80af5d3aac9a28de37",
  "scraped_at": "2025-12-08T11:24:03.628514",
  "title": "Suggestions for Panchagor Dinajpur tour",
  "description": "Thinking of visiting the uttor bongo in this winter. I don’t have any friends or relatives there. So I was thinking is there any hotels in Tetulia? I know it’s not a fancy place to tour, but just for the sake of exploring we are doing this. We will be a 6 friends group, don’t have much expectation that we will be seeing some insane place there. So would you recommend any place that we should must consider to visit? And is it a good time to see Kanchanjongha?",
  "votes": "3",
  "comments": [
    {
      "text": "Panchargor e dekhar moto tmn kisu nai. Pahar dekhar possibility like 5%. oikhane kazi and kazi tea estate ase. oitate dhukte parle ektu ghurte parben, but otar jonno reference lagbe. Apart from that, ashe pashe kisu cha bagan ase, zero point ase . but egula omn ekta worth it na in my opinion.",
      "votes": "4",
      "replies": [
        {
          "text": "Kazi and Kazi er reference manage korar try kortesi. We know besi kisu nai, Still jaitesi amnei",
          "votes": "1",
          "replies": []
        }
      ]
    },
    {
      "text": "list of hotels in ponchogor\nMoynamoti Shahi Masjid (Boda)\nBhitargarh Fort\nCityChoto Monkosa & Boro Monkosa Zamindar Bari",
      "votes": "4",
      "replies": [
        {
          "text": "Thanks man. Appreciate your effort",
          "votes": "1",
          "replies": []
        }
      ]
    }
  ],
  "id": 29
}