{
  "url": "https://www.reddit.com/r/bangladesh/comments/1pfpijx/any_other_ovhagi_hsc_26_student_who_wasted_15/",
  "hash": "4e85282139a6c1c6a1c0c5700c037698",
  "scraped_at": "2025-12-08T11:24:19.276819",
  "title": "Any other “ovhagi” HSC 26 student who wasted 1.5 years and now wants to finish everything in 6 months?",
  "description": "is there anyone else in HSC 26 who basically wasted 1.5 years and is now trying to cover the whole syllabus in the last 6 months? am i alone?",
  "votes": "1",
  "comments": [
    {
      "text": "Your post has been automatically put into the moderation queue for review, due to not meeting one (or more) of the subreddit rules. You can message the moderators and share the link to your post (mandatory) if you do not receive a response within a day or two.\nRule(s): Your account should have at least 5 karma points in order to submit a post.\nI am a bot, and this action was performed automatically. Please contact the moderators of this subreddit if you have any questions or concerns.",
      "votes": "1",
      "replies": []
    }
  ],
  "id": 30
}