{
  "url": "https://www.reddit.com/r/bangladesh/comments/1pfovte/mobile_phone_traders_to_shut_shops_nationwide/",
  "hash": "06b15d3ddae61a0da95fea08b42237bc",
  "scraped_at": "2025-12-08T11:24:50.722710",
  "title": "Mobile phone traders to shut shops nationwide from tomorrow, announce BTRC siege",
  "description": null,
  "votes": "11",
  "comments": [
    {
      "text": "",
      "votes": "1",
      "replies": []
    },
    {
      "text": "Nobody wanna give tqx but everyone wants better service !!! Lala land",
      "votes": "1",
      "replies": [
        {
          "text": "",
          "votes": "1",
          "replies": []
        }
      ]
    },
    {
      "text": "Read more: https://www.tbsnews.net/bangladesh/mobile-phone-traders-shut-shops-nationwide-tomorrow-announce-btrc-siege-1303111",
      "votes": "1",
      "replies": []
    }
  ],
  "id": 32
}