{
  "url": "https://www.reddit.com/r/bangladesh/comments/1pfnzet/she_has_to_make_up_her_mind_jaishankar_on_sheikh/",
  "hash": "85dc6e5f1713e123de6780af5bfa1847",
  "scraped_at": "2025-12-08T11:25:06.769287",
  "title": "'She has to make up her mind': Jaishankar on Sheikh Hasina's stay in India",
  "description": null,
  "votes": "6",
  "comments": [
    {
      "text": "",
      "votes": "1",
      "replies": []
    },
    {
      "text": "Read more: https://www.tbsnews.net/bangladesh/she-has-make-her-mind-jaishankar-sheikh-hasinas-stay-india-1303036",
      "votes": "2",
      "replies": []
    }
  ],
  "id": 33
}