{
  "url": "https://www.reddit.com/r/bangladesh/comments/1pf71b3/%E0%A6%95_%E0%A6%85%E0%A6%AC%E0%A6%B8%E0%A6%A5%E0%A6%AF_%E0%A6%86%E0%A6%9B_%E0%A6%B9%E0%A6%9F%E0%A6%B9%E0%A6%9C%E0%A6%B0%E0%A6%B0_%E0%A6%AA%E0%A6%B0%E0%A6%A4%E0%A6%AF%E0%A6%95%E0%A6%A4_%E0%A6%AC%E0%A6%B0%E0%A6%9F%E0%A6%B6_%E0%A6%8F%E0%A6%AF%E0%A6%B0%E0%A6%AB%E0%A6%B2%E0%A6%A1/",
  "hash": "4df5c5afedff42472ae437e6972681a3",
  "scraped_at": "2025-12-08T11:26:12.616391",
  "title": "কী অবস্থায় আছে হাটহাজারীর পরিত্যক্ত ব্রিটিশ এয়ারফিল্ড?",
  "description": null,
  "votes": "2",
  "comments": [],
  "id": 37
}