{
  "url": "https://www.reddit.com/r/bangladesh/comments/1pf4p7a/daffodil_lecturer_recruitment/",
  "hash": "72c06b5f070971d59ad6bd08673e31b3",
  "scraped_at": "2025-12-08T11:26:27.508749",
  "title": "Daffodil lecturer recruitment.",
  "description": "Hello everyone. I have applied as a lecturer for the RME (robotics and mechatronics)dept of Daffodil University. I just wanted to know did any of you applied there as well and if so did you receive any email for the written exam/ interview anything. Actually quite a few days have passed since the deadline and I've heard that the SWE dept applicants have already received a call. So I was wondering if I wasn't selected or they just didn't start calling yet. TIA.",
  "votes": "1",
  "comments": [
    {
      "text": "Your post has been automatically put into the moderation queue for review, due to not meeting one (or more) of the subreddit rules. You can message the moderators and share the link to your post (mandatory) if you do not receive a response within a day or two.\nRule(s): Your account should have at least 5 karma points in order to submit a post.\nI am a bot, and this action was performed automatically. Please contact the moderators of this subreddit if you have any questions or concerns.",
      "votes": "1",
      "replies": []
    }
  ],
  "id": 38
}