{
  "url": "https://www.reddit.com/r/bangladesh/comments/1pgujdn/%E0%A6%95%E0%A6%B0_%E0%A6%AB%E0%A6%AF%E0%A6%B8%E0%A6%AC%E0%A6%A6_%E0%A6%86%E0%A6%B0_%E0%A6%95%E0%A6%B0_%E0%A6%A6%E0%A6%B6%E0%A6%B0_%E0%A6%B6%E0%A6%A4%E0%A6%B0/",
  "hash": "2c3249e84776583dd49769b1488e6dc0",
  "scraped_at": "2025-12-08T11:16:48.257144",
  "title": "কারা ফ্যাসিবাদী আর কারা দেশের শত্রু?",
  "description": "যে বাড়ী থেকে বাংলাদেশের স্বাধীনতা ঘোষণা করা হয় সেই বাড়ীটি যারা মাটির সাথে গুড়িয়ে দিয়েছে এবং যারা করতে সাহায্য করেছে তাদেরকে কি বাংলাদেশের ঘোরতর শত্রু বলবো নাকি সত্য তুলে ধরার জন্য বিবিসি বাংলাকে ফ্যাসিস্ট বলবো? বিবিসির নামে কেন এখনো মামলা হয়নি? অথবা বাংলাদেশের শত্রুরা এখনো দেশ ধ্বংস করার সুযোগ পাচ্ছে?",
  "votes": "3",
  "comments": [
    {
      "text": "",
      "votes": "1",
      "replies": []
    }
  ],
  "id": 4
}