{
  "url": "https://www.reddit.com/r/bangladesh/comments/1pexrj5/%E0%A6%B9%E0%A6%B0_%E0%A6%95%E0%A6%B7%E0%A6%A3_%E0%A6%B9%E0%A6%B0_%E0%A6%AC%E0%A6%B2_%E0%A6%A6%E0%A7%9C%E0%A6%AA%E0%A6%B2%E0%A6%B2_%E0%A6%9F%E0%A6%87%E0%A6%A8_%E0%A6%A4%E0%A6%B2_%E0%A6%AC%E0%A6%AF%E0%A6%A4%E0%A6%95%E0%A6%B0%E0%A6%AE_%E0%A6%B8%E0%A6%B2%E0%A6%97%E0%A6%A8_%E0%A6%9C%E0%A6%AE%E0%A7%9F%E0%A6%A4_%E0%A6%AA%E0%A6%B0%E0%A6%B0%E0%A6%A5/",
  "hash": "69072ec0539e40558c1ffd2d6e36a0eb",
  "scraped_at": "2025-12-08T11:26:58.268919",
  "title": "হরে কৃষ্ণ হরি বোল, দাঁড়িপাল্লা টাইনে তোল’: ব্যতিক্রমী স্লোগানে জামায়াত প্রার্থী কৃষ্ণ নন্দীর প্রচারণা শুরু",
  "description": null,
  "votes": "29",
  "comments": [
    {
      "text": "",
      "votes": "1",
      "replies": []
    },
    {
      "text": "This guy is standing for a party that used to do communal slogan like 'horey krishna horey ram,.... Baper naam.'",
      "votes": "14",
      "replies": []
    },
    {
      "text": "It's actually a nice slogan. But this is why you also don't trust snakes no matter how nice of a mask they put on.\nHere is a prime example. Checkout Shibir's CUCSU candidate Akash Das before the student election. He is a Hindu, he is blind, seems so down to earth, inclusive, and makes you wonder whether Shibir is really as bad as people say.\nNow check out a glimpse of the same Akash Das after the election here. Very noice, isn't it?",
      "votes": "13",
      "replies": []
    },
    {
      "text": "কই তুলতে বলতেসে? আর হরেকৃষ্ণর সাথে ইসলামী রাজনৈতিক একটা দলের সম্পর্ক কি?",
      "votes": "5",
      "replies": []
    },
    {
      "text": "ভাল লাগছে ভাল লাগছে",
      "votes": "4",
      "replies": []
    },
    {
      "text": "election joto kache ashbe ora aro desperate hobe they will do anything for votes (be prepared)",
      "votes": "3",
      "replies": []
    },
    {
      "text": "Source: https://www.tbsnews.net/bangla/bangladesh/news-details-422621",
      "votes": "2",
      "replies": []
    },
    {
      "text": "জামায়াত যে রাজনৈতিক দল সেইটা অনেককেই বলছি বিশ্বাস করে নাই। এখন তার রাজনীতি দেখাচ্ছে। দলের মধ্যে ইসলাম খোঁজার চেষ্টা করে লাভ নাই, দিন শেষে সবই রাজনীতির জন্য।",
      "votes": "1",
      "replies": []
    },
    {
      "text": "জয় বাংলা জয় আল্লাহ জয় জামাত",
      "votes": "1",
      "replies": []
    },
    {
      "text": "pretty neat slogan ngl",
      "votes": "3",
      "replies": []
    },
    {
      "text": "জামায়াত আর ভারতের বিজেপির রাজনীতি একদম আইডেন্টিক্যাল",
      "votes": "1",
      "replies": []
    },
    {
      "text": "",
      "votes": "-6",
      "replies": []
    },
    {
      "text": "খুবই ভালো শ্লোগান কিন্তু দাড়িপাল্লা টেনে তোলার পর এই কৃষ্ণ আর রাম যখন দৌড়ের উপর থাকবে তখন এইসব লোকগুলো কে কলকাতার রাস্তায় বিড়ি টানতে দেখা যাবে ।",
      "votes": "1",
      "replies": []
    }
  ],
  "id": 40
}