{
  "url": "https://www.reddit.com/r/bangladesh/comments/1peqnao/have_you_experienced_this_situation_with_a_korean/",
  "hash": "51240dedb8e7bcaca4b5aee66b55e296",
  "scraped_at": "2025-12-08T11:27:35.647175",
  "title": "Have you experienced this situation with a Korean company?",
  "description": "I’m curious if anyone else has gone through something like this.\nI spent about 4 months four rounds interviewing with a major international engineering company based in Korea. Multiple rounds, technical interviews — everything. In December 2024, I finally received and signed the official contract. It was even signed by one of their top executives. The job was global, with onboarding planned at their HQ in Seoul.\nBecause of embassy delays, my document attestation took a while, but I submitted everything in January 2025. After that, I expected things to move forward.\nInstead… nothing.\nAt first, the recruiter replied through WhatsApp, saying the company was undergoing “restructuring” and waiting for updates from the project team. But over time the messages became less frequent, and now I haven’t heard anything at all — no replies to emails, texts, or calls.\nSo now I’m stuck in this strange limbo: I have a signed contract, but no onboarding, no visa, and no official communication for months.\nHas anyone else ever faced this with a Korean company — long process, signed contract, then total silence? Would love to hear your experiences or advice.",
  "votes": "7",
  "comments": [
    {
      "text": "Recruiter replying through Whatsapp is a red flag. Use email to communicate professionally.\nReach out to the company via their official contact address to be sure if it was actually a legitimate offer.",
      "votes": "8",
      "replies": []
    }
  ],
  "id": 42
}