{
  "url": "https://www.reddit.com/r/bangladesh/comments/1pe8bcu/new_defination_of_muktijoddha/",
  "hash": "197c8c8ecee105ae2e8f03b5e6a1e504",
  "scraped_at": "2025-12-08T11:28:25.394891",
  "title": "New Defination of Muktijoddha",
  "description": "বিসিএসের লিখিত পরীক্ষার প্রশ্নপত্রে মুক্তিযুদ্ধকে ‘প্রতিরোধ যুদ্ধ’ এবং পাকিস্তানি বাহিনীর পরিবর্তে ‘দখলদার বাহিনী’ লেখা নিয়ে নানা পরিসরে সমালোচনা চলছে",
  "votes": "11",
  "comments": [
    {
      "text": "",
      "votes": "7",
      "replies": []
    },
    {
      "text": "বিজয়ের এই মাস কারও কারও জন্য পরাজয়ের মাস।",
      "votes": "5",
      "replies": []
    },
    {
      "text": "Eita e July spirit ✊",
      "votes": "6",
      "replies": [
        {
          "text": "জুলাই নামটা একদিন গালি হবে 🤐",
          "votes": "3",
          "replies": [
            {
              "text": "No doubt",
              "votes": "1",
              "replies": []
            }
          ]
        }
      ]
    },
    {
      "text": "Jamaat always scoring 6 - if people don’t get it we are lost.",
      "votes": "3",
      "replies": []
    },
    {
      "text": "সকল রাজাকারের বাচ্চাদের ডিসেম্বরীয় শুভেচ্ছা 😍😋",
      "votes": "2",
      "replies": []
    }
  ],
  "id": 45
}