{
  "url": "https://www.reddit.com/r/bangladesh/comments/1pe4ypp/%E0%A6%AC%E0%A6%B2%E0%A6%A6%E0%A6%B6_%E0%A6%95%E0%A6%A8_%E0%A6%9B%E0%A6%9F%E0%A6%9F_%E0%A6%9C%E0%A6%A8%E0%A6%B8%E0%A6%9F_%E0%A6%86%E0%A6%AA%E0%A6%A8%E0%A6%95_%E0%A6%B8%E0%A6%AC%E0%A6%9A%E0%A7%9F_%E0%A6%AC%E0%A6%B6_%E0%A6%AC%E0%A6%B0%E0%A6%95%E0%A6%A4_%E0%A6%95%E0%A6%B0/",
  "hash": "0a6285665f7da2408c1a90778f58a30e",
  "scraped_at": "2025-12-08T11:28:41.645798",
  "title": "বাংলাদেশে কোন ছোট্ট জিনিসটা আপনাকে সবচেয়ে বেশি বিরক্ত করে?",
  "description": "আমি তো দেখি প্রতিদিনই কোথাও না কোথাও অকারণে দেরি বা ঝামেলা। আপনারা কোন ঝামেলাটা সবচেয়ে বেশি ফেস করেন?",
  "votes": "2",
  "comments": [
    {
      "text": "Manush kichu holei arrogant hoye jay -eta",
      "votes": "1",
      "replies": []
    },
    {
      "text": "Arrogance, ignorance and ego.",
      "votes": "1",
      "replies": []
    },
    {
      "text": "The sheer lack of civic sense and a serious lack of enforcement of existing laws",
      "votes": "1",
      "replies": []
    }
  ],
  "id": 46
}