{
  "url": "https://www.reddit.com/r/bangladesh/comments/1pe4lhp/who_is_calling_shots_in_al_and_bnp/",
  "hash": "020b3f2ca8de64311f47f8a9f5294e88",
  "scraped_at": "2025-12-08T11:28:57.342407",
  "title": "Who is calling shots in AL and BNP?",
  "description": "Seems like power of the dynasties is waning.\nBNP: Seems like other stakeholders are winning in dominance over remote work leadership. Look at the nominations\nAL: Feels like retirement and tattoos won't help being cool",
  "votes": "5",
  "comments": [
    {
      "text": "Discard all candidates with dual citizenship to run for MP's seat in Bangladesh and then you will see who really run the country.",
      "votes": "1",
      "replies": [
        {
          "text": "bunch of them are nominated I agree",
          "votes": "2",
          "replies": []
        }
      ]
    }
  ],
  "id": 47
}