{
  "url": "https://www.reddit.com/r/bangladesh/comments/1pe4jq9/did_yunus_and_ji_succeed_implementing_minustwo/",
  "hash": "6f385580e7120a9e9229544ebd00f8d2",
  "scraped_at": "2025-12-08T11:29:12.785819",
  "title": "Did Yunus and JI succeed implementing minus-two formula finally?",
  "description": "Is it only my impression?",
  "votes": "3",
  "comments": [
    {
      "text": "How? I mean Hasina, and to lesser degree BNP, discredited themselves with a mixture of corruption and autocracy. It was not like Yunus or anyone else was encouraging them to be corrupt or rig elections.",
      "votes": "-2",
      "replies": [
        {
          "text": "I think minus two is much deeper than those symptom like aspects you mention",
          "votes": "6",
          "replies": [
            {
              "text": "Are there people who would like Hasina and Khaleda out of politics and even the country. Of course. Do they all want them out for the same reason? Probably not. Some might like more democracy within AL and BNP, some might like other parties to come up, some people would prefer a Singaporean style single partly government, some a Pakistani regime with military control, others an Islamic republic.\nBut just wanting Hasina and Khaleda gone does not make it happen, as it not happen the last time the army was in charge. The main reason it will happen is because Hasina discredited AL badly with her governance and BNP is lead by Tarique who wants to be the PM while staying in London.",
              "votes": "-4",
              "replies": []
            }
          ]
        }
      ]
    },
    {
      "text": "For the time being. If Khaleda Zia doesn’t get well, then minus one project will continue.",
      "votes": "1",
      "replies": []
    }
  ],
  "id": 48
}