{
  "url": "https://www.reddit.com/r/bangladesh/comments/1pe3n2l/zubaida_to_arrive_in_dhaka_tomorrow_morning_will/",
  "hash": "3c558f17d287f230881f5ad8f3a748d2",
  "scraped_at": "2025-12-08T11:29:28.147124",
  "title": "Zubaida to arrive in Dhaka tomorrow morning, will take Khaleda Zia to London",
  "description": null,
  "votes": "2",
  "comments": [
    {
      "text": "",
      "votes": "1",
      "replies": []
    },
    {
      "text": "Read more: https://www.tbsnews.net/bangladesh/zubaida-may-arrive-dhaka-tomorrow-morning-accompany-khaleda-london-tariques-adviser",
      "votes": "2",
      "replies": []
    },
    {
      "text": "আজকে?",
      "votes": "2",
      "replies": []
    },
    {
      "text": "\"My lord, Gandalf the Grey is coming. He is a herald of woe\". \" He is not welcome.\"\nGrima Wormtongue",
      "votes": "2",
      "replies": []
    }
  ],
  "id": 49
}