{
  "url": "https://www.reddit.com/r/bangladesh/comments/1pe34zj/ambulance_service_dhaka/",
  "hash": "67938ba327c2ef7f3c06dfd5a975885c",
  "scraped_at": "2025-12-08T11:29:44.046254",
  "title": "Ambulance Service Dhaka",
  "description": "Looking for reliable Ambulance Service in Dhaka? I found this helpful resource: findambulancebd.com",
  "votes": "2",
  "comments": [
    {
      "text": "Your post has been automatically put into the moderation queue for review, due to not meeting one (or more) of the subreddit rules. You can message the moderators and share the link to your post (mandatory) if you do not receive a response within a day or two.\nRule(s): Your account should have at least 5 karma points in order to submit a post.\nI am a bot, and this action was performed automatically. Please contact the moderators of this subreddit if you have any questions or concerns.",
      "votes": "1",
      "replies": []
    }
  ],
  "id": 50
}