{
  "url": "https://www.reddit.com/r/bangladesh/comments/1pe1var/%E0%A6%95%E0%A6%95%E0%A6%B8%E0%A6%AC%E0%A6%9C%E0%A6%B0_%E0%A6%A4%E0%A6%B9%E0%A6%A6_%E0%A6%9C%E0%A6%A8%E0%A6%A4%E0%A6%B0_%E0%A6%B9%E0%A6%AE%E0%A6%B2%E0%A7%9F_%E0%A6%A2%E0%A6%95%E0%A6%87%E0%A7%9F_%E0%A6%AE%E0%A6%B2_%E0%A6%AA%E0%A6%A3%E0%A6%A1/",
  "hash": "7c86c24ad94bc5be70e98c50c4a1d4ef",
  "scraped_at": "2025-12-08T11:29:59.311591",
  "title": "কক্সবাজারে তৌহিদী জনতার হামলায় ঢাকাইয়া মেলা পণ্ড",
  "description": null,
  "votes": "67",
  "comments": [
    {
      "text": "",
      "votes": "1",
      "replies": []
    },
    {
      "text": "Kichu bolle apnake islamaphobe banai dibe.",
      "votes": "44",
      "replies": []
    },
    {
      "text": "ইচ্ছাকৃতভাবে প্রশ্রয় দিয়েই এদের গত ১৪ মাসে মাথায় তুলছে। কিছুদিন পর তীব্র প্রতিবাদ করবে সরকার থেকে কিন্তু কোনো স্টেপ নিবে না ‌। এসব করার উদ্দেশ্য হলো প্রথমে মানুষের মনে ভয় ঢোকানো আর পরবর্তীতে পুরোপুরি উগ্রপন্থার দিকে দেশকে নিয়ে যাওয়া। নির্বাচন চুলায় যাক",
      "votes": "20",
      "replies": [
        {
          "text": "সবই ক্ষমতা ধরে রাখার পন্থা। বাংলাদেশের অধিকাংশ মানুষ মুসলমান তাই এইদেশে ক্ষমতায় যেতে হলে আপনাকে হয় এই মোল্লাদের সাপোর্ট লাগবে নয়তো এদের প্রতিপক্ষের(ভারত) সাপোর্ট লাগবে।",
          "votes": "9",
          "replies": [
            {
              "text": "This is the most bitter truth spoken in years. I can remember Hefajot was almost the B- team of Shamim Osman in Narayanganj.",
              "votes": "3",
              "replies": []
            }
          ]
        }
      ]
    },
    {
      "text": "Cox bazar er 5 star hotel gulote giye eishob koruk parle, Dekhi nunuvuti Dom koto tuko...pare to shudu choto khato kom ayer bebsahider opor ottachor korte",
      "votes": "17",
      "replies": []
    },
    {
      "text": "আজকে পড়লাম মাদ্রাসায় বেতন উঠতে গিয়ে শিক্ষিকাকে ধর্ষণ করল মাদ্রাসা কর্তৃপক্ষ।",
      "votes": "11",
      "replies": [
        {
          "text": "এইগুলো হালাল",
          "votes": "9",
          "replies": [
            {
              "text": "যেহেতু ৪ জন সাক্ষী প্রয়োজন ধর্ষণ প্রমাণ করার জন্য তাই ৪ জন মিলেই ধর্ষণ করলো । সাক্ষী আর রইল না। morbid",
              "votes": "12",
              "replies": []
            }
          ]
        }
      ]
    },
    {
      "text": "Abal gular shob kisu tei shomossha",
      "votes": "10",
      "replies": [
        {
          "text": "বাংগু মোলা বলে কথা",
          "votes": "6",
          "replies": []
        }
      ]
    },
    {
      "text": "ঝুমাকে ফোন দিয়ে জানলাম যে ঢাকাইয়া মেলা আমাদের কালচার না এটা ভারতীয় ফেসিবাদ তাই এটা পণ্ড করা উচিত হয়েছে।",
      "votes": "18",
      "replies": [
        {
          "text": "",
          "votes": "7",
          "replies": []
        }
      ]
    },
    {
      "text": "মাদ্রাসার শিশু ধর্ষণ করলে সমস্যা নাই। 🤡",
      "votes": "29",
      "replies": [
        {
          "text": "কিন্তু এসব বলতে গেলে পায়ুপ্রেমীদের সমস্যা আছে",
          "votes": "8",
          "replies": [
            {
              "text": "কথা ঠিক। বলবে মুমিনদের দোষ লুকানো সুন্নত।",
              "votes": "6",
              "replies": []
            }
          ]
        },
        {
          "text": "বাংগু মোল্লাদের প্রিয় জিনিস",
          "votes": "6",
          "replies": []
        }
      ]
    },
    {
      "text": "Man these beggars really know how to pass their time.",
      "votes": "6",
      "replies": []
    },
    {
      "text": "ঈদগাঁও থানার ভারপ্রাপ্ত কর্মকর্তা (ওসি) ফরিদা ইয়াসমিন সমকালকে বলেন, ‘এই মেলা পরিচালনার জন্য পুলিশের অনুমতি নেওয়া হয়নি। এর বেশি কিছু ফোনে বলতে চাই না।’",
      "votes": "6",
      "replies": []
    },
    {
      "text": "তেঁতুল হুজুরের এলাকায় এইসব বেদাতী কর্মকাণ্ড চলবে না। ঢাকাইয়া হইল হিন্দু সংস্কৃতি। চুম্মা - তেঁতুল জামানায় এইসব করার স্পর্ধা আসে কোত্থেকে। এইটা পরাজয়ের মাস, শোক পালন কর।",
      "votes": "5",
      "replies": []
    },
    {
      "text": "বিক্ষোভকারীদের অভিযোগ, মেলার আড়ালে জুয়া চলছিল। তাদের দাবি, উপজেলা ও থানা প্রশাসন এ বিষয়ে নীরব ছিল। মেলার পাশে আলমাছিয়া ফাজিল মাদ্রাসাসহ কয়েকটি শিক্ষাপ্রতিষ্ঠান রয়েছে। পরীক্ষার সময় যানজটে শিক্ষার্থী ও অভিভাবকদের ভোগান্তি হচ্ছিল।\nঈদগাঁও থানার ভারপ্রাপ্ত কর্মকর্তা (ওসি) ফরিদা ইয়াসমিন সমকালকে বলেন, ‘এই মেলা পরিচালনার জন্য পুলিশের অনুমতি নেওয়া হয়নি। এর বেশি কিছু ফোনে বলতে চাই না।’\nকক্সবাজারের অতিরিক্ত জেলা প্রশাসক (সার্বিক) ইমরান হোসাইন সজীব সমকালকে বলেন, ‘ঈদগাঁওতে মেলা পরিচালনার জন্য এ বছর জেলা প্রশাসনের কাছ থেকে কেউ অনুমতি নেয়নি। তবে শুনেছি, একটি মেলা শুরু হওয়ার পর স্থানীয় লোকজন তা ভেঙে দিয়েছে। এ মেলার আয়োজক কারা বা কারা ভেঙেছে– তার কিছুই জানি না।",
      "votes": "5",
      "replies": []
    },
    {
      "text": "তৌহিদী জনতার কাজ ই তো এগুলা।",
      "votes": "5",
      "replies": []
    },
    {
      "text": "islamic emirate of Banglastan",
      "votes": "4",
      "replies": []
    },
    {
      "text": "July fighter ra ja bolbey tai hoitey hobey.",
      "votes": "7",
      "replies": [
        {
          "text": "জুলাই ফাইটার আমার হে/ডা, ৫ আগস্টে কষা হইলেও ঝুলাই যুদ্দা বানায় দিসে বাটপার মুল্লার বাচ্চারা।",
          "votes": "5",
          "replies": []
        }
      ]
    },
    {
      "text": "This Touhidi Janata is servicing ( either consent or non-consent) the indian intelligence plan. I noticed the indian media is nicely framing to establish that Bangladesh is under the control of Islamists. But the actual fact is the Interim government is poor in managerial capacity due to the culprits politicians and administration.",
      "votes": "3",
      "replies": []
    },
    {
      "text": "আলহামদুলিল্লাহ কন খালি",
      "votes": "5",
      "replies": []
    },
    {
      "text": "দা ডিসেন্ট এটা ডিবাংক করবেনা ইসলামোফোবিয়া হিসেবে?",
      "votes": "3",
      "replies": []
    },
    {
      "text": "Mashallah, eisob celebration haram. /s",
      "votes": "2",
      "replies": []
    },
    {
      "text": "",
      "votes": "-5",
      "replies": [
        {
          "text": "Extremism reaching the apex , & it will keep soaring until you start reading QURAN in Bangla with authentic meaning\nIf they start to do this then extremism will increase lol",
          "votes": "3",
          "replies": []
        }
      ]
    }
  ],
  "id": 51
}