{
  "url": "https://www.reddit.com/r/bangladesh/comments/1pe1p5k/dmp_shuffles_50_ocs_ahead_of_national_polls/",
  "hash": "d5d62958ea9f652ef8089fdfce061c72",
  "scraped_at": "2025-12-08T11:30:19.276085",
  "title": "DMP shuffles 50 OCs ahead of national polls",
  "description": null,
  "votes": "14",
  "comments": [
    {
      "text": "",
      "votes": "1",
      "replies": []
    },
    {
      "text": "Read more: https://www.tbsnews.net/bangladesh/dmp-shuffles-50-ocs-ahead-polls-1301921",
      "votes": "1",
      "replies": []
    }
  ],
  "id": 52
}