{
  "url": "https://www.reddit.com/r/bangladesh/comments/1pdyjp5/looking_for_bangladeshi_pages_that_bring/",
  "hash": "ace2d980410c46da594bbd365ca2d268",
  "scraped_at": "2025-12-08T11:30:34.351186",
  "title": "Looking for Bangladeshi pages that bring cosmetics from India 🇮🇳➡️🇧🇩",
  "description": "Hi everyone!\nI’m looking to buy some cosmetics from India, and I’m hoping to find a Bangladeshi Facebook or Instagram page that brings products directly from India.\nIf you know any reliable page/group/shop that provides this service, please recommend them! Preferably pages you’ve personally ordered from or trust.",
  "votes": "2",
  "comments": [
    {
      "text": "Little usa india haul",
      "votes": "1",
      "replies": []
    }
  ],
  "id": 53
}