{
  "url": "https://www.reddit.com/r/bangladesh/comments/1pdxjre/looking_for_a_no_bs_pure_authentic_mindblowing/",
  "hash": "36d22edc34f566c1bc40805de5d51593",
  "scraped_at": "2025-12-08T11:30:49.668449",
  "title": "Looking for a no BS, pure, authentic, mind-blowing GHEE brand in or around Dhaka.",
  "description": "Amar obostha ekdom tragic — sob ghee ekhon same: plastic’r shaad . Every jar tastes like someone melted candle wax and whispered “original ghee” over it.\nI want that kid-days-level ghee. The one that used to hit your nostrils from 2 rooms away. The one that made bhaat, daal, dim-bhuna, everything taste like childhood was still useful.\nBut now?\n99% vejal olympics.\nPure ghee? More like “purified disappointment.”\nSo Reddit bhai-bon-ra…\nKon brand actually PURE?\nLike… jaw-dropping, mind-exploding, smells-like-gaon’er-goru level PURE?\nI’m talking the type of ghee that makes you doubt your own kitchen choices…\nThe type that makes your neighbors cry because they smell it and realize their entire life is a lie.\nPlease drop recommendations before I lose hope and start churning butter with my own sadness. 😭🧈",
  "votes": "5",
  "comments": [
    {
      "text": "Have you tried organic ghee or ghee from small food businesses or specialty food businesses on Daraz or by searching on Google (like keyword \"ghee Bangladesh\" which will show results of websites selling ghee with prices)?\nAre they better in quality and batches than the conventional brands?",
      "votes": "1",
      "replies": []
    }
  ],
  "id": 54
}