{
  "url": "https://www.reddit.com/r/bangladesh/comments/1pdvxgr/critically_ill_khaleda_zia_to_be_flown_to_london/",
  "hash": "36f23e9218e33b5413705a7fb69236a2",
  "scraped_at": "2025-12-08T11:31:23.959759",
  "title": "Critically ill Khaleda Zia to be flown to London after midnight or by early morning tomorrow",
  "description": null,
  "votes": "13",
  "comments": [
    {
      "text": "",
      "votes": "1",
      "replies": []
    },
    {
      "text": "She has 30 doctors for her and still fly her abroad, the length tareq will go not to return Bangladesh is astounding",
      "votes": "3",
      "replies": []
    },
    {
      "text": "Read more: https://www.tbsnews.net/bangladesh/politics/khaleda-be-taken-london-after-dr-zubaida-arrives-dhaka-bbc-bangla-1301736",
      "votes": "1",
      "replies": []
    },
    {
      "text": "So, doctors from bd, china, uk treating her right now. Still not enough.",
      "votes": "1",
      "replies": []
    }
  ],
  "id": 56
}