{
  "url": "https://www.reddit.com/r/bangladesh/comments/1pdth69/%E0%A6%93%E0%A6%AF%E0%A6%9C_%E0%A6%A8%E0%A6%AF_%E0%A6%AA%E0%A6%B0%E0%A6%B6%E0%A6%A8/",
  "hash": "13d2cab6c5e244471645bc1be6f8e760",
  "scraped_at": "2025-12-08T11:32:20.827545",
  "title": "ওয়াজ নিয়ে প্রশ্ন।",
  "description": "যখন বাংলাদেশে ওয়াজ বা জালসা হয়, তখন হুজুরদের \"চিল্লায় বলেন ঠিক কিনা?\" এর উত্তরে শ্রোতারা সবাই সম্মতি জানিয়ে চিৎকার করে বলে \"সেইইইইই\"\nএটার মানে কি?\nEdit: নানান ইনফর্মেশন খুঁজে যেটা বুঝলাম তা হল কথাটা \"সেইইইইই\" না, কথাটা \"সেম\" বা ইংরেজী শব্দ \"Shame অর্থাৎ লজ্জা\"।\nএর উৎপত্তি ওয়াজ মাহফিলে না, এটার উৎপত্তি নানান দেশের নানান আন্দোলনে, যেখানে সবাই \"shaaaame\" বলে ক্ষোভ, রাগ জানায়।\nএখন ওয়াজ মাহফিলে \"সেম বা shame\" থেকে \"সেইইইইই\" হয়েছে মানুষের কথা বা শোনার বিকৃতির উপরে, যাকে বলা হয় অপভ্রংশ।\nখানিকটা অন্ধভাবে বুলি আওড়ানো, আর কি।",
  "votes": "9",
  "comments": [
    {
      "text": "হুজুরের কথার সাথে একমত পোষণ করলাম ঠিক কি না ?",
      "votes": "11",
      "replies": [
        {
          "text": "ঠিক না বেঠিক?",
          "votes": "4",
          "replies": []
        }
      ]
    },
    {
      "text": "Confirming that they have the same lack of braincells like the Hujur",
      "votes": "16",
      "replies": []
    },
    {
      "text": "জোরে বলেন ঠিক কিনা!",
      "votes": "7",
      "replies": []
    },
    {
      "text": "Meanwhile Bangladeshi hujurs in Mexico: জালসার সাথে সালসা খাওয়া গেলে সেইইই হতো",
      "votes": "2",
      "replies": []
    },
    {
      "text": "",
      "votes": "2",
      "replies": []
    },
    {
      "text": "চিল্লায় বলেন ঠিক কিনা???!!!!",
      "votes": "2",
      "replies": []
    }
  ],
  "id": 59
}