{
  "url": "https://www.reddit.com/r/bangladesh/comments/1pdmhr4/advice/",
  "hash": "8b271f456ad58edf2dcb10d45c27d165",
  "scraped_at": "2025-12-08T11:32:55.480886",
  "title": "Advice",
  "description": "Hi all,\nBorn in America, Bangladeshi-American, parents were born in BD. I’ve amassed quite a fortune (over 20 crore net worth, 26 years old) and have contemplated if it makes sense to live in Bangladesh, even if it is part-time. I have my master’s and love teaching (particularly college and have experience as a part-time professor) and my work can be done all online. Thoughts?",
  "votes": "2",
  "comments": [
    {
      "text": "Yes it is.",
      "votes": "1",
      "replies": []
    },
    {
      "text": "Be a Nigerian prince and give your wealth away to strangers!\nJokes aside, maybe stick to the US and multiply your wealth.",
      "votes": "1",
      "replies": []
    }
  ],
  "id": 61
}