{
  "url": "https://www.reddit.com/r/bangladesh/comments/1pd78xm/misinterpretation_of_quran_brainwashed_policy/",
  "hash": "d2c96cf167b5fb542d3970054492dc16",
  "scraped_at": "2025-12-08T11:34:31.055366",
  "title": "Misinterpretation of Quran & Brainwashed policy.",
  "description": "",
  "votes": "19",
  "comments": [
    {
      "text": "এই দেশে দাড়ি-টুপিওয়ালা মানেই বাটপার",
      "votes": "17",
      "replies": [
        {
          "text": "কারণ ওটা এখন আঙ্গুর ফুলে কলাগাছ হবার সহজ উপায় , কোনো কম কাজ করা লাগে না , হেলিকপ্টারে করে ঘুরে বেড়াও আর একই কথারে রসিয়ে সোসিয়ে বল সমাজের মূর্খ অসহায় মানুষের কাছে। ঘন্টা প্রতি ৫ লাক , কোনো আমেরিকান নাসার বিজ্ঞানী এত সেলারি কিনা সন্দেহ !",
          "votes": "4",
          "replies": []
        }
      ]
    },
    {
      "text": "মোল্লারা বেশিরভাগই রিলিজিয়ন ব্যবসা ,লাভের জন্য অপরের ক্ষতির জন্য ব্যবহার করে।কিন্তু সত্যিকারের অনেক ভালো ও আছে যাদের জন্য আমার ভালোবাসা।",
      "votes": "9",
      "replies": []
    },
    {
      "text": "নামাজ পড়লে এদের কাছে সাত খুনও মাফ, হুজুরগুলাই যখন এইসব বলে তখন এদের দ্বারা সব অপরাধই সম্ভব:\nhttps://youtu.be/LLCWHCgaJA8",
      "votes": "4",
      "replies": []
    },
    {
      "text": "Misinterpretation diye religion ke weapon banale shesh porjonto shobai lose kore ekta generation fear ar guilt niye boro hoy ar onno dike real Islamic values justice critical thinking completely ignore hoye jay. Personally mone hoy Quran er naam use kore jodi kono policy ke question kora na jae or discussion bondho kore deya hoy oita faith na oita just power control",
      "votes": "3",
      "replies": []
    },
    {
      "text": "এসব বলে কি লাভ! এদেশে ধর্ম ব্যবসার অবস্থা রমরমা। সাধারণ মানুষ অতিরিক্ত ভোদাই। ধর্মের কথা বলে এদের যা খুশি তাই গেলানো যায়।",
      "votes": "2",
      "replies": []
    },
    {
      "text": "u/car\nএই মহাজ্ঞানীর কমেন্ট টি খুঁজে পাচ্ছিনা কেন ? ওনাকে জিজ্ঞাসা করতে পারছি না , আলেম শব্দের বাংলা অর্থ কি ?",
      "votes": "2",
      "replies": []
    },
    {
      "text": "NEWS source https://youtu.be/SEAR1viOg2g?si=FrBZsNjVuYJ3W8Dv",
      "votes": "3",
      "replies": []
    },
    {
      "text": "ধর্ম কে নিয়ে ব্যবসায়ীর সংখ্যা বেড়ে গেছে কিন্তু আপনার মত ভাষায় আক্রমণ করলে ওরা তো আরো বেশি উত্তেজিত হয়ে যাবে ।",
      "votes": "-4",
      "replies": [
        {
          "text": "তুলু তুলু করে বলতে হবে?",
          "votes": "7",
          "replies": [
            {
              "text": "জ্ঞানের ভাষা বলতে হবে ,ঘৃণার নয়",
              "votes": "-1",
              "replies": []
            }
          ]
        },
        {
          "text": "প্রথমত আমি আক্রমণ করি নাই , সত্য তুলে ধরেছি , ১২ বছর ধরে কুরআন রিসার্চ করি ,ওদের ধর্ম ব্যবসা আর ভুল বেখ্যা মেনে নেয়ার জন্য নাকি !!",
          "votes": "5",
          "replies": [
            {
              "text": "মেও মিও করে পালায় , চোরের বড় গলা এইসব শব্দ আসলে আক্রমণাত্বক । দেখবেন দুর্বল কুযুক্তির লোকেরা মূল টপিক বাদ দিয়ে এইসব শব্দ গুলো দিয়েই আলোচনার টপিক ঘুরিয়ে দেয় । ওদের সাথে তর্কে অবতীর্ণ হলে আক্রমনাত্মক শব্দ ব্যবহার বন্ধ করতে হবে ।",
              "votes": "0",
              "replies": []
            }
          ]
        }
      ]
    }
  ],
  "id": 66
}