{
  "url": "https://www.reddit.com/r/bangladesh/comments/1pczckq/silent_suffering_animal_cruelty_continues_to_rise/",
  "hash": "e819eb5d760c6184ab30d28cb6b80773",
  "scraped_at": "2025-12-08T11:35:26.711884",
  "title": "Silent suffering: Animal cruelty continues to rise while cases drag on",
  "description": null,
  "votes": "27",
  "comments": [
    {
      "text": "",
      "votes": "1",
      "replies": []
    },
    {
      "text": "মানুষেরই রেহাই নাই, আবার পশু 🤦‍♂️",
      "votes": "3",
      "replies": []
    },
    {
      "text": "Read more: https://www.tbsnews.net/analysis/silent-suffering-animal-cruelty-continues-rise-while-cases-drag-1244151",
      "votes": "0",
      "replies": []
    }
  ],
  "id": 69
}