{
  "url": "https://www.reddit.com/r/bangladesh/comments/1pgp4k5/about_gender_war_online/",
  "hash": "ad522214bbf24b1828d8d4dcba75fec0",
  "scraped_at": "2025-12-08T11:17:37.740873",
  "title": "About Gender War Online",
  "description": "Why is gender war so common in online, Specially In south Asian countries? But if you look at real life almost everyone got BF/GF, Married or Has crush on opposite gender. So why we see dual face of people in online and recent surge of Gender War? Marriage is not decreasing and so is dating. So why it's common thing in online?",
  "votes": "4",
  "comments": [
    {
      "text": "Online is full of incels",
      "votes": "6",
      "replies": [
        {
          "text": "not just online, my high school was full of them and it was the school that gets most numbers in board inside my city",
          "votes": "2",
          "replies": []
        }
      ]
    },
    {
      "text": "Because people don't get punched when they type shit online.... They feel safe behind a screen!",
      "votes": "3",
      "replies": []
    }
  ],
  "id": 7
}