{
  "url": "https://www.reddit.com/r/bangladesh/comments/1pcxcjk/does_tiktok_pay_in_bangladesh/",
  "hash": "c66e5cf0b68fe9d92c20a86f6127f823",
  "scraped_at": "2025-12-08T11:35:42.005415",
  "title": "Does tiktok pay in bangladesh?",
  "description": "Tiktok has a creator rewards program. I’m wondering whether it’s available in bangladesh? (I’m not in bangladesh so idk).",
  "votes": "3",
  "comments": [
    {
      "text": "Yes, TikTok does pay, but the payment is terrible compared to YouTube/Instagram.\nTikTokers make money in different ways, not just by getting paid for views.",
      "votes": "2",
      "replies": [
        {
          "text": "Instagram doesn’t pay. Facebook pays",
          "votes": "1",
          "replies": []
        }
      ]
    },
    {
      "text": "No",
      "votes": "1",
      "replies": []
    }
  ],
  "id": 70
}