{
  "url": "https://www.reddit.com/r/bangladesh/comments/1pcwvo0/paypal_bd/",
  "hash": "1426e648a20cb23ebdb32241ad9b5170",
  "scraped_at": "2025-12-08T11:35:57.280403",
  "title": "paypal BD",
  "description": "its coming homeeeee guyzzzz",
  "votes": "212",
  "comments": [
    {
      "text": "",
      "votes": "1",
      "replies": []
    },
    {
      "text": "After getting years of edging regarding PayPal, I'm no longer trusting any news like this unless I can download PayPal, legally open an account, and do at least 100tk transaction",
      "votes": "133",
      "replies": []
    },
    {
      "text": "Annual paypal edging in December",
      "votes": "99",
      "replies": []
    },
    {
      "text": "Paypal showed interest in launching in Bangladesh and Paypal is set to launch in Bangladesh are two very different things.\nRead what the news is actually saying and stop falling for clickbait.",
      "votes": "42",
      "replies": []
    },
    {
      "text": "I will believe it when i see it it has been said so many times before but never came into fruition",
      "votes": "26",
      "replies": []
    },
    {
      "text": "মূলা ঝুলানো নিউজ।",
      "votes": "15",
      "replies": []
    },
    {
      "text": "These clowns news portal with their misleading thumbnails.",
      "votes": "12",
      "replies": []
    },
    {
      "text": "Boycotting Coca-Cola for \"operating in Israel\" but begging for PayPal while it employs thousands of Israelis and bans Palestinians? Bro, your boycott has more holes than Gaza after an airstrike. Consistency or stfu.",
      "votes": "6",
      "replies": []
    },
    {
      "text": "What about the laws of our country ?",
      "votes": "9",
      "replies": []
    },
    {
      "text": "Stop trusting these kind of \"news portals\". They post the shittiest clickbaits.",
      "votes": "6",
      "replies": []
    },
    {
      "text": "PayPal is shit. Sure 10 years ago it was the only option out there but there are so many better options today. I don't know why everyone is so enamored by PayPal coming to Bangladesh. Those who have actual experience with online payments, freelance payments won't be using this crap.",
      "votes": "6",
      "replies": [
        {
          "text": "What do you use from Bangladesh for international payments?",
          "votes": "5",
          "replies": []
        }
      ]
    },
    {
      "text": "Official video source: https://youtu.be/fyZWyZ8854Y?si=6nq1mLfA4ZY8ivLT",
      "votes": "2",
      "replies": []
    },
    {
      "text": "Seriously?",
      "votes": "2",
      "replies": []
    },
    {
      "text": "jedin calu hobe oidin beliave korbo. They have been saying this shit over a decade",
      "votes": "2",
      "replies": []
    },
    {
      "text": "It’s fake, until it’s true",
      "votes": "2",
      "replies": []
    },
    {
      "text": "Lol even Elon Musk was coming to Bangladesh",
      "votes": "2",
      "replies": []
    },
    {
      "text": "Lol even Elon Musk was coming to Bangladesh",
      "votes": "2",
      "replies": []
    },
    {
      "text": "lol at these point we are the villagers and they are the liar cowboy",
      "votes": "2",
      "replies": []
    },
    {
      "text": "I am seeing here apolitical game , long before Tareq Rahman has told , after Election BNP will grant Paypal . btw , good luck to nation , to Bangladeshi nation , NO Rajakar , No Indian dalala, only BANGLADESH",
      "votes": "1",
      "replies": []
    },
    {
      "text": "FR????",
      "votes": "1",
      "replies": []
    },
    {
      "text": "",
      "votes": "-7",
      "replies": [
        {
          "text": "Common?",
          "votes": "12",
          "replies": [
            {
              "text": "Rare",
              "votes": "12",
              "replies": []
            }
          ]
        }
      ]
    },
    {
      "text": "",
      "votes": "-6",
      "replies": []
    },
    {
      "text": "",
      "votes": "-8",
      "replies": []
    },
    {
      "text": "",
      "votes": "-8",
      "replies": []
    },
    {
      "text": "0/10 rage bait",
      "votes": "1",
      "replies": []
    },
    {
      "text": "shotti asbe ?",
      "votes": "1",
      "replies": []
    },
    {
      "text": "We're closer to Paypal than ever for sure but I have trust issues so I'll keep my expectation low",
      "votes": "1",
      "replies": [
        {
          "text": "PayPal is one of the worst financial services I ever used. It’s intra exchange rate is shite.\nOnly time it is useful when you’re using some sketchy service or vendors to hold your funds as escrow accounts.",
          "votes": "2",
          "replies": []
        }
      ]
    },
    {
      "text": "",
      "votes": "1",
      "replies": []
    },
    {
      "text": "যখন দেখব আসছে, তখন বিশ্বাস করব",
      "votes": "1",
      "replies": []
    },
    {
      "text": "Trust me . It wont",
      "votes": "1",
      "replies": []
    }
  ],
  "id": 71
}