{
  "url": "https://www.reddit.com/r/bangladesh/comments/1pcvw7j/items_i_can_bring_and_sell/",
  "hash": "3f43bb6ee0f797a9064523a872e78eb0",
  "scraped_at": "2025-12-08T11:36:18.574186",
  "title": "Items I can bring and sell",
  "description": "I will be going to Dhaka soon. What can I bring and can sell easily in Dhaka? Any suggestion is welcome. ( not going to bring amy thing heavy or illegal things) .",
  "votes": "90608",
  "comments": [
    {
      "text": "Comin from where??",
      "votes": null,
      "replies": [
        {
          "text": "Canada",
          "votes": null,
          "replies": [
            {
              "text": "Check dm",
              "votes": null,
              "replies": []
            }
          ]
        }
      ]
    },
    {
      "text": "Alcohols, perfumes.",
      "votes": null,
      "replies": [
        {
          "text": "NO to alcohol. Perfumes are expensive. I wonder if people would pay 10000 or more for 100 mL. I am talking abt the good brand perfumes.",
          "votes": null,
          "replies": [
            {
              "text": "",
              "votes": null,
              "replies": []
            }
          ]
        }
      ]
    }
  ],
  "id": 72
}