{
  "url": "https://www.reddit.com/r/bangladesh/comments/1pcumcg/what_a_way_of_starting_the_victory_month/",
  "hash": "97670af0c3ee66c00fc6552d253f4220",
  "scraped_at": "2025-12-08T11:36:34.366648",
  "title": "What a way of starting the victory month",
  "description": null,
  "votes": "2",
  "comments": [
    {
      "text": "এরা বলে আওয়ামীলীগ নাকি ইতিহাস বিকৃতি করেছে",
      "votes": "0",
      "replies": []
    }
  ],
  "id": 73
}