{
  "url": "https://www.reddit.com/r/bangladesh/comments/1pcrsty/a_video_has_been_released_which_apparantly_shows/",
  "hash": "27b1f6b85afd7fd17c77c19754907604",
  "scraped_at": "2025-12-08T11:37:04.263397",
  "title": "A video has been released which apparantly shows Bengali members of the terrorist group Tehreek e Taliban Pakistan. These terrorists are getting out of hand.",
  "description": null,
  "votes": "22",
  "comments": [
    {
      "text": "",
      "votes": "1",
      "replies": []
    },
    {
      "text": "Looked very sus to me. A lot of things don't add up.\nWeirdly bangus love TTP whilst praising their military govt",
      "votes": "18",
      "replies": [
        {
          "text": "haven't seena nyone love TTP. I just discovered them recently and they seem similar to IS. who only believes in massacres. Soon we might see them with heavy weapons funded by shady people",
          "votes": "12",
          "replies": [
            {
              "text": "মৌলবাদের উত্থান এবং টিকে রাখার মূল বিষয় ই এগুলা।দেখতে থাকেন",
              "votes": "3",
              "replies": []
            }
          ]
        },
        {
          "text": "",
          "votes": "-7",
          "replies": []
        },
        {
          "text": "",
          "votes": "-8",
          "replies": [
            {
              "text": "Lol what",
              "votes": "3",
              "replies": []
            }
          ]
        }
      ]
    },
    {
      "text": "The only reason to re-established the direct flight between Bangladesh and Pakistan. Easy trained and export.",
      "votes": "7",
      "replies": []
    },
    {
      "text": "feels like bal/india funded drama",
      "votes": "14",
      "replies": [
        {
          "text": "ttp funded by india",
          "votes": "5",
          "replies": [
            {
              "text": "",
              "votes": "-5",
              "replies": []
            }
          ]
        }
      ]
    },
    {
      "text": "They are tehrik e R&AW",
      "votes": "4",
      "replies": []
    },
    {
      "text": "Kinda feels like a cheap script for a bollywood movie 🤡",
      "votes": "2",
      "replies": [
        {
          "text": "That is why even Bollywood is not selling these days.",
          "votes": "0",
          "replies": []
        }
      ]
    },
    {
      "text": "Indian soap opera",
      "votes": "1",
      "replies": []
    },
    {
      "text": "lol",
      "votes": "1",
      "replies": []
    },
    {
      "text": "পবিত্র কুরআনের মিস ইন্টারপ্রিটেশন এর ফসল এই জঙ্গিবাদ। বাংলায় কুরআন এর শুদ্ধ অনুবাদ করতে না পাড়ার ফল এই জঙ্গিরা। প্রথমত , আল্লাহর কোনো নির্দিষ্ট ধর্ম নেই , সমস্ত ধর্ম ই আল্লাহর ধর্ম। একটা জ্বলন্ত উদারহণ হল সূরা আল ইমরানের ১৯ নাম্বার আয়াত in-nad-dii-na i~-dal-laa-hil-is-laam ''Indeed, the religion in the sight of Allāh is Islām''. ,,,এখানে বিশ্বব্যাপী যে চালাকিটা করা হয়েছে সেটা হল পুরা আয়াতের বাংলা বা ইং বা অন্য ভাষার অনুবাদ করা হয় শুধু ইসলাম শব্দের অনুবাদ করা হয় না !!! ইসলাম কি এখানে ,,,, NOUN or Adjective",
      "votes": "0",
      "replies": []
    },
    {
      "text": null,
      "votes": "1",
      "replies": []
    },
    {
      "text": "must be cold out there",
      "votes": "1",
      "replies": []
    },
    {
      "text": "no way they are the real deal",
      "votes": "1",
      "replies": []
    }
  ],
  "id": 75
}