{
  "url": "https://www.reddit.com/r/bangladesh/comments/1pcjnmc/%E0%A6%96%E0%A6%B2%E0%A6%A6_%E0%A6%9C%E0%A7%9F_%E0%A6%AE%E0%A6%A4%E0%A6%AF_%E0%A6%AA%E0%A6%B0%E0%A6%AC%E0%A6%B0%E0%A6%A4_bnp/",
  "hash": "5ef729e89d045244ead68bec68abc66d",
  "scraped_at": "2025-12-08T11:37:22.435816",
  "title": "খালেদা জিয়া মৃত্যু পরবর্তী BNP",
  "description": "আমার ব্যাক্তিগত মতামত অনুযায়ী খালেদা জিয়া এই মুহুর্তে মারা গেলে তারেক জিয়ার রাজনীতির জন্য খারাপ হবে। উনাকে উনার দলের লোক থেকেই উনার তখন ক্ষতি হওয়ার সম্ভাবনা বেশি৷",
  "votes": "3",
  "comments": [
    {
      "text": "৫ তারিখ কি কিছু হবে?",
      "votes": "2",
      "replies": [
        {
          "text": "কিছু হওয়ার কথা?",
          "votes": "2",
          "replies": [
            {
              "text": "সবাই গ্রামে চলে যাচ্ছে।",
              "votes": "2",
              "replies": []
            }
          ]
        }
      ]
    }
  ],
  "id": 76
}