{
  "url": "https://www.reddit.com/r/bangladesh/comments/1pcjkrp/new_harse_reality_about_1971_war/",
  "hash": "0958e0b48a563b7ee3cc97246ba60b22",
  "scraped_at": "2025-12-08T11:37:38.199023",
  "title": "New Harse Reality about 1971 War",
  "description": "ডিসেম্বর এলেই আগে চিহ্নিত স্বাধীনতা বিরোধীরা গর্তে লুকিয়ে থাকত, ক্যামেরার সামনে আসার সাহস পেত না। এখন উল্টো মিডিয়া নিজেরাই তাদের ডাকছে, যেন মুক্তিযুদ্ধকে বিতর্কিত করাই এক ধরনের ব্যবসায়িক কৌশল। টেলিভিশনের টকশোতে হঠাৎ গজিয়ে ওঠা বিতর্কিত অতিথিদের এনে ‘ভিউ ব্যবসা’ বাড়ানো হচ্ছে, যারা কারণ-অকারণে মুক্তিযোদ্ধাদের অপমান করে কথা বলে।\nএখন ওরা গর্ত থেকে বের হয়ে বিহারী হত্যার বিচার চাইছে- যেন হঠাৎ মানবতার ফেরিওয়ালা বনে গেছে। মুক্তিযুদ্ধে নিহত শহীদদের সংখ্যা নিয় তর্ক করছে। মহিলা মুক্তিযোদ্ধা ও বীরঙ্গনাদের নিয়ে অবমাননাকর কথা বলছে। মুক্তিযোদ্ধার গলায় জুতা পরানো- সেটা তো এখন ‘পুরনো’ বিষয়।\nওরা কাওয়ালী গানের আসর করে, ‘পাকিস্তান জিন্দাবাদ’ স্লোগান দেয়। ‘জয় বাংলা’ বললে মানুষকে পেটায়। টকশোতে গিয়ে বঙ্গবন্ধুকে নিয়ে অপমানজনক কথা বলছে, মুক্তিযুদ্ধে ভারতের ভূমিকাকে কটাক্ষ করছে। কেউ যদি রাজাকারদের অপছন্দ করে ‘ভারতীয় দালাল’ ট্যাগ লাগিয়ে দিচ্ছে।\nইউনূস জামানায় এভাবেই 'রিসেট বাটন' টিপে মুক্তিযুদ্ধকে মুছে ফেলার চেষ্টা চলছে, স্বাধীনতা ২.০ নামে নতুন বয়ান বানিয়ে এই দেশের বীর মুক্তিযোদ্ধাদের মানসিক নির্যাতন করছে। চব্বিশের অর্জনও একইভাবে বিতর্কিত করার পথ তৈরি হচ্ছে।\nওরা ভুলে গেছে, সত্য সাময়িক চাপা পড়ে থাকতে পারে, কিন্তু পরাজিত হয় না। by 𝘼𝙣𝙞𝙨 𝘼𝙡𝙖𝙢𝙜𝙞𝙧",
  "votes": "35",
  "comments": [
    {
      "text": "আমি আগে থেকেই বলে আসছিলাম যে জুলাই আন্দোলন আদতে জামাতের মাস্টারপ্লে, মাঝখান দিয়ে সাধারণ মানুষদের আবেগ ব্যবহার করে নিজেরা ব্যাকফুটে থেকে সুচারু ভাবে তারা খেলে গিয়েছে, জুলাই যোদ্ধাদের তাদের আর এখন দরকার নেই, এখন তারা বাঁধাহীন ভাবে তাদের মূল উদ্দেশ্য হাসিল করবে, কারন তাদেরকে থামানোর মতো কোনো রাজনৈতিক শক্তি অবশিষ্ট আছে বলে মনে হয় না।",
      "votes": "15",
      "replies": [
        {
          "text": "Ain't no way July Movement was a master play of Jamaat.",
          "votes": "-1",
          "replies": [
            {
              "text": "কাদের মাস্টারপ্লে ছিল তাইলে?",
              "votes": "2",
              "replies": []
            }
          ]
        }
      ]
    },
    {
      "text": "চূড়ান্ত ভাবে জামাত শিবির আবার ধরা খাবে। কারণ গ্রামের সুবিধাবঞ্চিত ছেলেদের ব্রেইনওয়াশ করে শিবির বানানো যায় কিছু শহরের ছেলেদের ও বানানো যায় হয়তো , কিন্তু একটা অঞ্চলের সমস্ত মানুষ কে শিবির বানানো , বা ব্রেইনওয়াশ করা সম্ভব না",
      "votes": "5",
      "replies": []
    },
    {
      "text": "চব্বিশের অর্জনও একইভাবে বিতর্কিত করার পথ তৈরি হচ্ছে।\nএই বাক্যের উপরে যা যা লিখলেন, সেগুলিই ছিল \"চব্বিশের লক্ষ্য\" আর \"চব্বিশের অর্জন\"। \"চব্বিশের অর্জন\" বলতে আলাদা কিছু নাই। হাসিনাকে সরানো ছিল শুধু এটার by-product.",
      "votes": "8",
      "replies": []
    },
    {
      "text": "এই “harse” reality পড়ে harsh হয়ে গেলাম",
      "votes": "4",
      "replies": [
        {
          "text": "Typo",
          "votes": "1",
          "replies": []
        }
      ]
    },
    {
      "text": "এই সাবের মডারেটরাও ওদেরই অংশ",
      "votes": "2",
      "replies": []
    },
    {
      "text": "",
      "votes": "1",
      "replies": []
    },
    {
      "text": "মিথ্যা ইতিহাস গিলে রাজনীতি আর জনগণ খায় না। আওয়ামীলীগের আর্তনাদ এখন বিনোদন ছাড়া কিছুই না। আওয়ামীলীগ মুক্তিযুদ্ধের দালাল/ব্যবসায়ী, পক্ষের শক্তি না, তাই পাবলিক ধরে ধরে পিটায় যেন চোর।\nএসব শুনতেও ঘেউ ঘেউ লাগে",
      "votes": "-1",
      "replies": []
    },
    {
      "text": "আচ্ছা ৭১ নিয়ে এতো দরদ কেন? জানতেন না বুঝি পুরো আন্দোলন জামাত চালাচ্ছে? আমি নিজেও টের পেয়ে গিয়েছিলাম কিন্তু সাপোর্ট করেছিলাম কারন হাসিনাকে খেদাইতে চেয়েছিলাম। ২৪ হয়েছিলোই তো ৭১ অপ্রাসঙ্গিক হয়ে উঠেছিল সেই জন্য! নাইলে তো কেউ গর্বের সাথে রাজাকার রাজাকার বলত না! এখন যা হচ্ছে সবই ২৪ এর ফসল। খারাপ লাগলেও আমি মেনে নিয়েছি এবং সকলেরই মেনে নেওয়া উচিত।",
      "votes": "-1",
      "replies": []
    }
  ],
  "id": 77
}