{
  "url": "https://www.reddit.com/r/bangladesh/comments/1pcis9l/%E0%A6%86%E0%A6%AE_%E0%A6%AC%E0%A6%AF%E0%A6%A4%E0%A6%95%E0%A6%B0%E0%A6%AE_%E0%A6%B8%E0%A6%B0%E0%A6%B2_%E0%A6%B8%E0%A6%97%E0%A6%A4_%E0%A6%B6%E0%A6%A8%E0%A6%A4_%E0%A6%AA%E0%A6%9B%E0%A6%A8%E0%A6%A6_%E0%A6%95%E0%A6%B0_%E0%A6%86%E0%A6%AE%E0%A6%B0_%E0%A6%AE%E0%A6%A4_%E0%A6%95_%E0%A6%95%E0%A6%89_%E0%A6%86%E0%A6%9B/",
  "hash": "3061525fde37415c36e144110ba9b13a",
  "scraped_at": "2025-12-08T11:37:55.387532",
  "title": "আমি ব্যাতিক্রমি সূরেলা সংগীত শুনতে পছন্দ করি। আমার মতো কি কেউ আছো?",
  "description": "আমি অনেকদিন যাবত, এই জাতীয় সূরেলা মিউজিক শুন্তেছি। তবে কখনো কাউকে বলিনি এরকম মিউজিক আমি শুন্তেছি। হয়তো কিছুটা লোক লজ্জা হয়তো কাজ করে কারণ এগুলো mainstream কোন গান নয়। তবে যে উদাহরণ দিলাম, এই রকম গীত কি কারো পছন্দ?",
  "votes": "2",
  "comments": [
    {
      "text": "Your post has been automatically put into the moderation queue for review, due to not meeting one (or more) of the subreddit rules. You can message the moderators and share the link to your post (mandatory) if you do not receive a response within a day or two.\nRule(s): Your account should have at least 5 karma points in order to submit a post.\nI am a bot, and this action was performed automatically. Please contact the moderators of this subreddit if you have any questions or concerns.",
      "votes": "1",
      "replies": []
    }
  ],
  "id": 78
}