{
  "url": "https://www.reddit.com/r/bangladesh/comments/1pcftw8/need_power/",
  "hash": "4de4ae789ba94eb80167b7c2ff843168",
  "scraped_at": "2025-12-08T11:38:10.601779",
  "title": "Need POWER",
  "description": "সমস্যা, ১) রিটায়ার্ড পুলিশ অফিসারকে দেয়া টাকা উদ্ধার করা। সকল প্রমান আছ। ২) ঢাকায় পুলিশের দখল করা জমি উদ্ধার। কেস চলছে আদালতে কিন্তু আজও রায় হয় নাই। তারিখ আসে আর যায়। সকল প্রমান আমাদের পক্ষেই।\nআমি সাধারণ অধম মানুষের এত টাকা বা ক্ষমতা নাই এদের কাছ থেকে উদ্ধারের। যদি কারো ক্ষমতা থাকে জানায়েন। এখন কিছু না পারি উদ্ধারের পর হাতে টাকা আসবে দিতে পারব।",
  "votes": "1",
  "comments": [
    {
      "text": "Your post has been automatically put into the moderation queue for review, due to not meeting one (or more) of the subreddit rules. You can message the moderators and share the link to your post (mandatory) if you do not receive a response within a day or two.\nRule(s): Your account should have at least 5 karma points in order to submit a post.\nI am a bot, and this action was performed automatically. Please contact the moderators of this subreddit if you have any questions or concerns.",
      "votes": "1",
      "replies": []
    },
    {
      "text": "probably i can help you ,but you have to clarify every single details .",
      "votes": "1",
      "replies": [
        {
          "text": "Please Ask what I need to clarify?",
          "votes": "2",
          "replies": [
            {
              "text": "DM me the details, let me understand the whole situation .pls",
              "votes": "1",
              "replies": []
            }
          ]
        }
      ]
    }
  ],
  "id": 79
}