{
  "url": "https://www.reddit.com/r/bangladesh/comments/1pgouvx/after_so_many_days_scrolling_through_fb_in_this/",
  "hash": "60e0f7e95b131bac64a80fa6cb693552",
  "scraped_at": "2025-12-08T11:17:55.354460",
  "title": "After so many days, scrolling through fb in this Month of Victory… the news from BD feels far from commendable as usual...Everything feels so bizarre.",
  "description": "Originally created, but not certain how to add source mods.",
  "votes": "3",
  "comments": [
    {
      "text": "",
      "votes": "1",
      "replies": []
    }
  ],
  "id": 8
}