{
  "url": "https://www.reddit.com/r/bangladesh/comments/1pc9o9u/which_budget_pen_available_to_use_with_xiaomi_pad/",
  "hash": "e0de5f2898646aad5f8af8f3f1e56f39",
  "scraped_at": "2025-12-08T11:38:41.969554",
  "title": "Which budget pen available to use with Xiaomi Pad 6 in Bangladesh?",
  "description": "Official xiaomi pen is pretty expensive around 8-10k BDT. Is there cheaper options like from baseus or other brands within 2-3k?",
  "votes": "3",
  "comments": [
    {
      "text": "The capacitive stylus are available pretty cheap, but they won't be as accurate. Or aupport palm rejection.",
      "votes": "2",
      "replies": []
    },
    {
      "text": "Ok can anyone suggest where I can buy the m-pencul and huwai matepad 11.5 cover.",
      "votes": "1",
      "replies": []
    }
  ],
  "id": 81
}