{
  "url": "https://www.reddit.com/r/bangladesh/comments/1pc5sdi/is_dot_a_problem_in_passport/",
  "hash": "67a6e2b551441a9936612a39c7455481",
  "scraped_at": "2025-12-08T11:38:57.654858",
  "title": "Is dot a problem in passport?",
  "description": "All my academics certificates and passport got a dot after MD but my birth certificate doesn't have one. if I'm applying for abroad study will I face any problem",
  "votes": "4",
  "comments": [
    {
      "text": "Usually DOT is not used in passport.",
      "votes": "2",
      "replies": [
        {
          "text": "My passport has one",
          "votes": "1",
          "replies": []
        }
      ]
    },
    {
      "text": "I also want to know. If someone knows please help.",
      "votes": "1",
      "replies": [
        {
          "text": "Please Let me know if you get the answer from anywhere else",
          "votes": "1",
          "replies": [
            {
              "text": "Actually my certificates do have a dot. But I digitalized my birth certificates few months ago, it doesn't have any dot. Even though all the information I provided had dots. I don't have an NID yet. I'm pretty tensed about what's gonna happen. I'm in university now, so if anything goes wrong, I'll have to fix hell amount of papers.",
              "votes": "1",
              "replies": []
            }
          ]
        }
      ]
    },
    {
      "text": "You can use ‘Md Name’ and exclude the dot in passport",
      "votes": "1",
      "replies": []
    }
  ],
  "id": 82
}