{
  "url": "https://www.reddit.com/r/bangladesh/comments/1pc3yvj/%E0%A6%97%E0%A6%A8_%E0%A6%9B%E0%A7%9C_%E0%A6%AD%E0%A6%95%E0%A6%B7%E0%A6%B0_%E0%A6%A8%E0%A6%B0%E0%A6%A6%E0%A6%B6_%E0%A7%AC_%E0%A6%A6%E0%A6%A8_%E0%A6%AA%E0%A6%B0_%E0%A6%AB%E0%A6%B0_%E0%A6%97%E0%A6%A8_%E0%A6%97%E0%A6%87%E0%A6%B2%E0%A6%A8_%E0%A6%85%E0%A6%A8%E0%A6%A7_%E0%A6%B9%E0%A6%B2%E0%A6%B2/",
  "hash": "d028c332b101d613e0dfcc38c8039f97",
  "scraped_at": "2025-12-08T11:39:13.469636",
  "title": "গান ছেড়ে ভিক্ষার ‘নির্দেশ’: ৬ দিন পর ফের গান গাইলেন অন্ধ হেলাল।",
  "description": "We live in a society where disabled people are forced to beg instead of earning their own livelihood.",
  "votes": "77",
  "comments": [
    {
      "text": "",
      "votes": "1",
      "replies": []
    },
    {
      "text": "মোল্লারা তো ভিক্ষা , দান খয়রাত খায়। ৫৫ বছর ধরে আল্লাহর নাম দান খয়রাত জাকাত ফেতরা খেয়ে ফেলেছে কয়ে শত বিলিয়ন ডলার। এখন সেই ব্যেবসা কে আরো রাষ্ট্রীয় পর্যায়ে নিতে চাচ্ছে। ধর্ম ব্যবস্যা কে পাকাপোক্ত করতে চাচ্ছে। জঙ্গিবাদী মোল্লা মুক্ত সমাজ গড়তে মাদ্রাসায় জাকাত আর গরুর চামড়া দেয়া বন্ধ করে সরাসরি গরিব কে দিতে হবে। রাষ্ট্রীয় ফান্ডে দেয়া আরো ভাল।",
      "votes": "24",
      "replies": [
        {
          "text": "This ain’t the full Gemini response buddy. Really shows how weak your statement is",
          "votes": "0",
          "replies": [
            {
              "text": "well, bring your strong statement over my weak argument. show us how much zaqat collected from 1971 & allocated to madrasa ,! i am waiting to see your strongest statement .",
              "votes": "3",
              "replies": []
            }
          ]
        }
      ]
    },
    {
      "text": "কিন্তু ইসলামে তো গান বাজনা হারাম।",
      "votes": "2",
      "replies": [
        {
          "text": "You know what else is haram? Anything that depicts life. Your reddit avatar is haram. So shut it.",
          "votes": "13",
          "replies": [
            {
              "text": "আমাকে বলছেন কেন? আমি শুধু বললাম ইসলামে গান বাজনা হারাম। এটা তো আর মিথ্যা নয়। কিন্তু অনেক মুসলমানদের দেখি গান করতে আবার গান বাজনা কে হারাম বলতে। দেশ ইসলামিক হলে এসব গায়ক গায়িকা, নায়ক নায়িকাদের হয় মব করে মারবে নাহয় জেলে পুরবে।",
              "votes": "8",
              "replies": []
            }
          ]
        },
        {
          "text": "''this is not true '' GAN BAZNA haram , this is wahbi ahlehadis lie",
          "votes": "-1",
          "replies": [
            {
              "text": "Well well, look who is here,...barelvi murid🤡",
              "votes": "-1",
              "replies": []
            }
          ]
        }
      ]
    }
  ],
  "id": 83
}