{
  "url": "https://www.reddit.com/r/bangladesh/comments/1pbzwft/%E0%A6%AE%E0%A6%B0%E0%A6%96_%E0%A6%AE%E0%A6%B2%E0%A6%B2%E0%A6%B0_%E0%A6%9C%E0%A6%AC%E0%A6%AC/",
  "hash": "e76133be5836b390d7d62105cfd0d8e7",
  "scraped_at": "2025-12-08T11:40:25.905407",
  "title": "মূর্খ মোল্লার জবাব",
  "description": "বিদেশে পড়াশোনার সময় আমার বেশিরভাগ বন্ধু ছিল পাকিস্তানী আফগানী। পাঠান , পাঠান মূলত কারা ? সমস্ত পোস্টু ভাষী পাকিস্তানী- আফগানী পাঠান। সমস্ত তালিবান ই পাঠান কিন্তু সমস্ত পাঠান তালিবান না। আমার পাঠান বন্ধুরা বলতো , হ্যাম পেহলে পাঠান উস্ক বাদ মুসলিম ওর পাকিস্তানী।\nকেউ যদি চায় ও আগে মুসলিম পরে পাঠান বা বাঙালি হবে তবুও সেটা হওয়া সম্বভ না। কোনো ভাবেই সম্ভব না , তবুও আমাদের একটা তরুণ প্রজন্ম এই ব্রেইনওয়াশ-টি হচ্ছে। কারণ আমরা যে বাঙালি সেটা তো আমাদের Demography -Geography কারণে , আমাদের গঠন , খাদ্যাভ্যাস , গায়ের রং , খাবার রুচি , শরীরের গড়ন সব ই তো এই ডেমোগ্রাফিকে কেন্দ্র করে। সেখানে ধর্মের আলাপ কথা থেকে এল ! যদি তাই হয় , তাহলে তো ইন্দোনেশিয়ার, পাকিস্তানী , ইরানি , আফ্রিকা আমেরিকা ইত্যাদি মুসলিমদের আর পাসপোর্ট থাকা চলবে না। বরফের দেশের মুসলিম দেড় আরবের মরুভূমির পোশাক পরে হাটতে হবে। !\nএখন ধর্মের ছদ্মবেশে যে লড়াই টি শুরু হয়েছে , সেটা মূলত শিক্ষার সাথে কুশিক্ষার লড়াই",
  "votes": "129",
  "comments": [
    {
      "text": "",
      "votes": "1",
      "replies": []
    },
    {
      "text": "Ei post er comment onek kom! Karon thothakothito shibir bashi ra kono jukti khuje pacchena",
      "votes": "28",
      "replies": []
    },
    {
      "text": "এই ইজাহার তো মূর্খ মোল্লা না। ও একটা ইস্লামিস্ট জংগী।",
      "votes": "25",
      "replies": [
        {
          "text": "এরা মূর্খের থেকে ও অধম। যদিও সে নিজেরে শিক্ষিত দাবি করে। প্রকারান্তে এরা ভীষণ চালাক , হাসিনার থেকে কয়েক শত কোটি টাকা , দীঘি বুঝে নিয়ে কওমি জননী উপাধি দিয়েছিল। এছাড়া বাংলাদেশের যে অনার্স মাস্টার্স এগুলা খুব নিন্ম মানের। কোনো থিসিস নাই , আসে পাশের দেশে ঢাবির অনার্স কে ডিপ্লোমা হিসেবে কাউন্ট করে",
          "votes": "6",
          "replies": []
        }
      ]
    },
    {
      "text": "we must stop funding zaqat, Cowhide to madrasa & directly give it to poor , who are real Owner of it ! & removing poverty is the true purpose of zaqat not funding relig^ious terro^rism .",
      "votes": "17",
      "replies": [
        {
          "text": "By this logic the socio-religious structures as Madrasha are influenced by the CIA? Damn that logic!",
          "votes": "1",
          "replies": []
        }
      ]
    },
    {
      "text": "এই ধর্মীয় লেবাসধারী মূর্খদেরকে যতদিন পর্যন্ত ধরে ধরে রাস্তার মধ্যে ফেলে কতল করা না হচ্ছে ততদিন পর্যন্ত দেশের মধ্যে শান্তি ফিরিয়ে আনা সম্ভব না।\nওরা হয়তো ভুলে গেছে যে ওদের পূর্ব পুরুষেরাও সনাতনী অথবা অন্য কোন ধর্মের ছিল। আমাদের এই উপমহাদেশের মধ্যে ইসলামের আবির্ভাব কত বছর আগে হইছে সেই ইতিহাস মনে হয় ওরা জানে না।\nআমি নিজেও একজন মুসলমান কিন্তু এইভাবে চিন্তা ভাবনা করি না। কারণ এরকম চিন্তা ভাবনা করলে তো রায়ট লাগবে আবার।\nএখানে আসলে শয়তান হিসেবে দ্বিতীয় একজন পক্ষ কাজ করছে যারা সনাতুনি আর মুসলমানদের মধ্যে একটা দাঙ্গাবা দিয়ে নিজেদের স্বার্থ হাসিল করে নেবে।\nসুতরাং আমরা যারা মুসলমান সনাতনী বা অন্যান্য ধর্মাবলম্বী যারা যারা আছি তারা প্লিজ এইসব উস্কানিমূলক কথায় কোন পথ না করে স্বাভাবিক জীবনযাত্রা অব্যাহত রাখি শুধু শুধু ঝগড়া বিবাদ করে নিজেদের জীবন বিপন্ন করার কোন দরকার নাই।",
      "votes": "6",
      "replies": []
    },
    {
      "text": "মোল্লারা আগে শিশু ধর্ষক না আগে মুসলমান?\nমাদ্রাসায় ১৫ মাসে ধর্ষণের শিকার ৬২ ছেলেশিশু, মৃত্যু ৩ https://samakal.com/bangladesh/article/58399/%E0%A6%AE%E0%A6%BE%E0%A6%A6%E0%A7%8D%E0%A6%B0%E0%A6%BE%E0%A6%B8%E0%A6%BE%E0%A7%9F-%E0%A7%A7%E0%A7%AB-%E0%A6%AE%E0%A6%BE%E0%A6%B8%E0%A7%87-%E0%A6%A7%E0%A6%B0%E0%A7%8D%E0%A6%B7%E0%A6%A3%E0%A7%87%E0%A6%B0-%E0%A6%B6%E0%A6%BF%E0%A6%95%E0%A6%BE%E0%A6%B0-%E0%A7%AC%E0%A7%A8-%E0%A6%9B%E0%A7%87%E0%A6%B2%E0%A7%87%E0%A6%B6%E0%A6%BF%E0%A6%B6%E0%A7%81-%E0%A6%AE%E0%A7%83%E0%A6%A4%E0%A7%8D%E0%A6%AF%E0%A7%81-%E0%A7%A9\nhttps://bangla.bdnews24.com/samagrabangladesh/4cd00c7701ee\nhttps://www.jugantor.com/country-news/955802\nhttps://www.prothomalo.com/bangladesh/district/06nyi8d53y",
      "votes": "11",
      "replies": [
        {
          "text": "ইসলামিক বলাৎকার 🙏",
          "votes": "1",
          "replies": []
        },
        {
          "text": "Is there a report for school, college, university as well or is it just the Madrasha targeting agenda?\nSo I can ask Teachers are what at the beginning!",
          "votes": "0",
          "replies": [
            {
              "text": "মাদ্রাসার হুজুর ইসলাম ধর্মের শিক্ষা ও বয়ান দেন, ধর্মের সবক দেন, পাপ করলে সৃষ্টিকর্তা কি সাজা দিবেন সেই কথা শুনান, কুকর্ম থেকে দূরে থাকতে বলেন, সেই হুজুর যখন রেপ করে আর স্কুল কলেজের কেউ রেপ করে, সেটা কি এক হোলো? ধর্ষক সবাই খারাপ, এর মধ্যে নিকৃষ্টতম তারা, যারা মুখে ধর্মের বুলি আউড়ায়, অথচ ধর্মীয় লেবাসের আড়ালে বাচ্চাদের রেপ করে বেড়ায়।",
              "votes": "2",
              "replies": []
            },
            {
              "text": "According to Bangladeshi ''view \" Madrasa is a such place , where people go to study religion not skills ? So in anyway crime of madrasa & schools are not comparable ?? however sex is a very natural phenomena if it happen with consent . but bi-sex is not .In Abrahemic religion Bi-sex is not crime but Sin .",
              "votes": "1",
              "replies": []
            }
          ]
        }
      ]
    },
    {
      "text": "Anyone saying they are x y z first and then Muslim later are racist. Those pathan Pakistani are racist.\nBeing a Muslim means not separating anyone based on ethnicity or color or any features. Separating means not treating differently. Probably many people who say they are Muslim first are also racist.\nYes, Islam separates Muslim and non Muslim and also recognizes every ethnicity. But being Muslim means not treating any one person above all and helping the Muslims and non Muslims in just cause or if they are being oppressed.",
      "votes": "2",
      "replies": []
    },
    {
      "text": "",
      "votes": "2",
      "replies": []
    },
    {
      "text": "Unfortunately this simple understanding is lost in this generation.",
      "votes": "1",
      "replies": []
    },
    {
      "text": "তাহলে তো ইন্দোনেশিয়ার, পাকিস্তানী , ইরানি , আফ্রিকা আমেরিকা ইত্যাদি মুসলিমদের আর পাসপোর্ট থাকা চলবে না। বরফের দেশের মুসলিম দেড় আরবের মরুভূমির পোশাক পরে হাটতে হবে। !\nএখানে আরব মরুভূমির কথা আনা হল কেন! মুসলিম মানে কি আরব সংস্কৃতি ? মুসলিম হিসেবে আপনে যা ইচ্ছে পরতে পারেন as long as it’s allowed under Islamic rulings.\nIslam does not support nationalism as a primary identity or ideology. সো, এখানে উনার কথায় ঠিক। ইসলাম এর রীতি নীতির চেয়ে অন্য যেকোন কিছুকে প্রাধান্য দেওয়ায় কুফরী। বিশ্বাস না করলে at least, LLM (gpt/gemini...) use করে verify করতে পারেন।\nA Muslim is a person who willingly submits himself or herself completely to the will and commands of Allah (God) as revealed in the Qur’an and exemplified by the Prophet Muhammad.\nজাতিগত ভাবে, আপনে আরব, তুর্কি, বাঙ্গালি ইত্যাদি হতে পারেন, মুসলিম হিসেবে নিজেকে মানলে আপনার প্রত্যেকটি কাজে ইসলাম কে বিবেচনা করতে হবে, এখানে কে কি ভাবলো বা কে কি করতেছে বা করলো এসব কিছুই যায় আসে না।",
      "votes": "1",
      "replies": []
    },
    {
      "text": "These terrorists tryna use this ideology and turn Bangladesh into Afghanistan and Pakistan",
      "votes": "0",
      "replies": []
    },
    {
      "text": "source:https://youtu.be/edVEWDR-E5I?si=AuX9d1m8ps0vPPlv",
      "votes": "0",
      "replies": []
    },
    {
      "text": "আস্তাগফিরুল্লা৷ নন ইসলামিক",
      "votes": "0",
      "replies": []
    },
    {
      "text": "Anyone who understands Islam would know an individual has give priority to his Muslim identity. No compromise is allowed. Good thing this Hujaifa and the users in this sub can spread their garbage in Bangladesh. Common people would not allow it.",
      "votes": "-2",
      "replies": []
    },
    {
      "text": "Our brothers and sisters who have already been brainwashed and misinterpreted OF Quran by mullas . The best way to bring them back is research-based education? For example, the mullahs say that the Taliban is the party of Allah carrying the black flag of Islam, but this movement was created by America and Pakistan to stop communism! Until 1990, the word Taliban did not exist in the world. So we have to study history.",
      "votes": "1",
      "replies": []
    },
    {
      "text": "Generally I hate muftis like harun izhar they smell of kharijism.\nBut as a Muslim you need to put your religious identity over everything else. Not only is it bcoz Allah created everything including every atom that becomes Bangladesh\nalso that's the identity that we carry after death and if my national values conflict with my religious identity I'll toss the national values for the religious one. It's that simple.\nBefore anyone starts shouting shibir. I would eat vomit than have anything to do with them",
      "votes": "1",
      "replies": []
    },
    {
      "text": "কোরাতে কেউ একজন প্রশ্ন করেছিল: আপনি আগে মুসলিম, না বাঙালি, না বাংলাদেশি?\nআমার উত্তর হচ্ছে এটা: এগুলো আলাদা আলাদা পরিচয়। এগুলো যথাক্রমে ধর্ম, নৃগোষ্ঠী, এবং জাতীয়তা+নাগরিকত্বের পরিচিতি। আমি তিনটাই। আগে-পরের কোনো বিষয় নেই, এবং আমি এর মধ্যে কোনো যুক্তিও খুঁজে পাই না। একজন বাঙালি বাঙালিই; একজন মুসলিম মুসলিমই; একজন বাংলাদেশি বাংলাদেশিই।\nধর্ম মানুষের বিশ্বাসের উপর ভিত্তি করে তৈরি। তাই কেউ যদি আমাকে জিজ্ঞাসা করে আমি কোন ধর্মে বিশ্বাসী, স্বাভাবিকভাবেই আমি বলব যে আমি ইসলামে বিশ্বাস করি। ধর্মের সাথে নৃগোষ্ঠীর বা কোনো জাতির কোনো সম্পর্ক নেই এবং জাতির ধর্ম (religion of nation) বলে কিছু হয় না।\nবাঙালি হওয়ার জন্য বাংলাদেশি হওয়ার প্রয়োজন নেই। বাংলা ভাষা, বাংলার সংস্কৃতি নিজের আত্মার সাথে মিশিয়ে নিতে পারলেই সে বাঙালি। তার জন্য স্টেট-লেভেল বা গড-লেভেল সার্টিফিকেশনের কোনো প্রয়োজনীয়তা নেই।\nআর কোনো ব্যক্তি অবাঙালি হলেও বাংলাদেশের জাতীয়তা ও নাগরিকত্ব নিয়ে পারে। এটা স্টেট-লেভেল আইডেন্টিটি বা রাষ্ট্র-পর্যায়ের পরিচয়।\nআপনি কি মনে করেন যে আপনি যে প্রশ্ন করেছেন, সেটা কি যৌক্তিক?",
      "votes": "1",
      "replies": []
    }
  ],
  "id": 87
}