{
  "url": "https://www.reddit.com/r/bangladesh/comments/1pbyxwh/%E0%A6%AA%E0%A7%9C%E0%A6%B6%E0%A6%A8_%E0%A6%95%E0%A6%B0_%E0%A6%85%E0%A6%AC%E0%A6%B8%E0%A6%A5%E0%A6%AF_%E0%A6%87%E0%A6%A8%E0%A6%95%E0%A6%AE_%E0%A6%95%E0%A6%B0_%E0%A6%AF%E0%A6%AF_%E0%A6%95%E0%A6%AD%E0%A6%AC/",
  "hash": "240b0fa1c9c1f91a8e6a919ccc92e667",
  "scraped_at": "2025-12-08T11:40:45.723875",
  "title": "পড়াশোনা করা অবস্থায় ইনকাম করা যায় কিভাবে",
  "description": "আমি বর্তমানে বিবিএ দ্বিতীয় বর্ষের ছাত্র, টিউশনি করানোর পূর্ব কোন অভিজ্ঞতা নেই, অনলাইন কিংবা পার্টটাইম কোন জবের আইডিয়া থাকলে জানাবেন। হাতখরচ চালানোর মতো টাকা পাইলেই হবে।বর্তমানে টাকা ইনকাম খুব জরুরি হয়ে গেছে",
  "votes": "6",
  "comments": [
    {
      "text": "onk way ase .",
      "votes": "3",
      "replies": [
        {
          "text": "বলেন কয়েকটা",
          "votes": "2",
          "replies": [
            {
              "text": "BBA student , soto khato business niyei vaba uchit",
              "votes": "4",
              "replies": []
            },
            {
              "text": "100+ type codding ase ,",
              "votes": "3",
              "replies": []
            },
            {
              "text": "I manage my own expenses . If you want, I can help you for this",
              "votes": "2",
              "replies": []
            }
          ]
        }
      ]
    }
  ],
  "id": 88
}