{
  "url": "https://www.reddit.com/r/bangladesh/comments/1pby1g4/tarique_to_return_home_soon_salahuddin/",
  "hash": "839dc7a1cba6112c5d4d0c5715a28639",
  "scraped_at": "2025-12-08T11:41:01.483184",
  "title": "Tarique to return home soon: Salahuddin",
  "description": null,
  "votes": "8",
  "comments": [
    {
      "text": "",
      "votes": "1",
      "replies": []
    },
    {
      "text": "Fker has been mumbling that since stone age.",
      "votes": "5",
      "replies": []
    },
    {
      "text": "and then will go back to his present home nation. he'll not participate in the election otherwise his citizenship will be voided.",
      "votes": "0",
      "replies": []
    },
    {
      "text": "Read more: https://www.tbsnews.net/bangladesh/politics/tarique-return-home-soon-salahuddin-1299781",
      "votes": "1",
      "replies": []
    },
    {
      "text": "I love how they worded it so vaguely with the word \"soon\". Clearly not serious people.  It could mean tomorrow or three weeks later or end of the month.",
      "votes": "1",
      "replies": []
    }
  ],
  "id": 89
}