{
  "url": "https://www.reddit.com/r/bangladesh/comments/1pboijz/korail_fire_are_slum_dwellers_in_dhaka_just/",
  "hash": "6bca4aace299c1e96776292c7c34eed0",
  "scraped_at": "2025-12-08T11:42:06.837757",
  "title": "KORAIL FIRE are slum dwellers in Dhaka just “collateral damage” of urban growth? 🏙️🔥",
  "description": "Last week’s fire in Korail slum — one of Dhaka’s largest and most densely populated informal settlements — destroyed more than 1,500 shanties and left thousands homeless overnight. AP News+1\nMany of these residents are climate refugees or people who moved from rural regions hoping to find dignity and opportunity in the city. AP News Their lives are already precarious — now the fire has torn away shelters, memories, and safety nets.\nBut here’s the thing: this isn’t just an “accident.” Narrow alleys, haphazard housing, lack of fire-safety measures — these are part of a broken urban system that keeps neglecting the people who built this city from the bottom up.\nIf we call ourselves a “growing city,” then we must ask: as Dhaka expands, who pays the price for that growth? Who protects people whose housing is informal — but whose lives matter no less than anyone else’s?\nI think this tragedy highlights deep structural inequality: the slum residents are the backbone of city life (servants, rickshaw drivers, cleaners, workers...) yet get the least protection, the least voice, the least support.\nWe need real urban-planning reforms, affordable housing, better emergency response in slum zones — and public recognition that these vulnerable communities are part of Dhaka, not outside of it.\nWhat do you all think: does the government / city planning care about slum-dwellers at all? Or are disasters like the Korail fire just a reminder that we need bigger social changes?",
  "votes": "5",
  "comments": [
    {
      "text": "Your post has been automatically put into the moderation queue for review, due to not meeting one (or more) of the subreddit rules. You can message the moderators and share the link to your post (mandatory) if you do not receive a response within a day or two.\nRule(s): Your account should have at least 5 karma points in order to submit a post.\nI am a bot, and this action was performed automatically. Please contact the moderators of this subreddit if you have any questions or concerns.",
      "votes": "1",
      "replies": []
    }
  ],
  "id": 93
}