{
  "url": "https://www.reddit.com/r/bangladesh/comments/1pblr2e/%E0%A6%86%E0%A6%AC%E0%A6%B0_%E0%A6%AD%E0%A6%AE%E0%A6%95%E0%A6%AE%E0%A6%AA/",
  "hash": "72dac5800eeccb897ffa58d0a12385cf",
  "scraped_at": "2025-12-08T11:42:22.562579",
  "title": "আবার ভূমিকম্প",
  "description": "এই মাত্র (১২:৫৬ am) আবার ও সিলেটে ভূমিকম্প হলো। আমি বিছানায় শুয়ে শুয়ে ফোন স্ক্রল করছিলাম, হঠাৎ just 1 sec এর জন্য বিছানা কেঁপে উঠল 😭😭😭😭😭 এই কয়েকদিনের মধ্যে দুইবার অনুভব করলাম। এখন সত্যিই অনেক ভয় করছে। সামনে হয়তো বড় কোনো ধরনের ভূমিকম্প অপেক্ষা করছে 😭 সৃষ্টিকর্তা সবাইকে রক্ষা করুক 🙏",
  "votes": "10",
  "comments": [
    {
      "text": "Nope. I see nothing on this anywhere.\nMaybe it's just paranoia? I keep feeling like this too, but it's not real\nUpdate: hold on, I saw a post just now. Location not mentioned. My earthquake tracker app shows nothing tho",
      "votes": "4",
      "replies": []
    },
    {
      "text": "day 10001 of asking for the decentralization",
      "votes": "2",
      "replies": []
    },
    {
      "text": "Your post has been automatically put into the moderation queue for review, due to not meeting one (or more) of the subreddit rules. You can message the moderators and share the link to your post (mandatory) if you do not receive a response within a day or two.\nRule(s): Your account should have at least 5 karma points in order to submit a post.\nI am a bot, and this action was performed automatically. Please contact the moderators of this subreddit if you have any questions or concerns.",
      "votes": "1",
      "replies": []
    },
    {
      "text": "Didn't feel anything",
      "votes": "1",
      "replies": []
    },
    {
      "text": "It's in the Indo- Burma subduction zone. It had quite less intensity (4.90). Hence, we wouldn't feel much or anything. Yet, one of my friends messaged me afterwards saying that he saw water inside the bottle shaking on its own and got the earthquake alert. Also, he became a bit panicked.",
      "votes": "1",
      "replies": []
    },
    {
      "text": "",
      "votes": "1",
      "replies": []
    },
    {
      "text": "আমিও টের পেয়েছি, চট্টগ্রাম থেকে",
      "votes": "1",
      "replies": []
    },
    {
      "text": "bujhte pari nai",
      "votes": "1",
      "replies": []
    }
  ],
  "id": 94
}