{
  "url": "https://www.reddit.com/r/bangladesh/comments/1pbhbz8/%E0%A6%AE%E0%A6%AE_%E0%A6%93_%E0%A6%95%E0%A6%B0%E0%A6%9F%E0%A6%A8_%E0%A6%AC%E0%A6%A8%E0%A6%A8%E0%A6%B0_%E0%A6%85%E0%A6%AA%E0%A6%B0%E0%A6%A7_%E0%A7%AB%E0%A6%9F_%E0%A6%AE%E0%A6%AE_%E0%A6%AA%E0%A6%9C_%E0%A6%8F%E0%A6%AC_%E0%A7%A7%E0%A6%9F_%E0%A6%95%E0%A6%B0%E0%A6%9F%E0%A6%A8_%E0%A6%AA%E0%A6%9C%E0%A6%B0_%E0%A6%AC%E0%A6%B0%E0%A6%A6%E0%A6%A7/",
  "hash": "9b56740e5a943a284e46ad578a73ff60",
  "scraped_at": "2025-12-08T11:42:38.902264",
  "title": "মিম ও কার্টুন বানানোর অপরাধে ৫টি মিম পেজ এবং ১টি কার্টুন পেজের বিরুদ্ধে মামলা করলো ডাকসু ভিপি সাদিক কায়েম",
  "description": null,
  "votes": "67",
  "comments": [
    {
      "text": "",
      "votes": "1",
      "replies": []
    },
    {
      "text": "কোন মিম বানানোর জন্য মামলা করছে ঐগুলা একটু শেয়ার করেন কেউ।",
      "votes": "32",
      "replies": [
        {
          "text": "",
          "votes": "10",
          "replies": [
            {
              "text": "I just wanted to see some meme. 😭",
              "votes": "5",
              "replies": []
            },
            {
              "text": "It was different previously I think but after some backlash they changed some of it, I'm not too sure.",
              "votes": "3",
              "replies": []
            }
          ]
        },
        {
          "text": "Bangladesh name itself insulting for them , becoz Rajakar is a most high slang in BD & as long as Bangladesh will exist -The rajakar will remain .",
          "votes": "6",
          "replies": []
        }
      ]
    },
    {
      "text": "",
      "votes": "34",
      "replies": [
        {
          "text": "আলহামদুলিল্লাহ ইসলামিক",
          "votes": "6",
          "replies": []
        }
      ]
    },
    {
      "text": "আমি এক্কেবারে কনফার্ম রাজাকারদের সাথে একটা বড় ঝামেলা আবার হবে ! কারণ তারা ৭১ আর সংবিধান ধামাচাপা দেয়ার জন্য শট কোটি টাকা আর চেষ্টা করে ব্যর্থ , এখন একটা যুদ্ধ লাগাতে চাইবে , ভারতের সাথে , বা দেশের ভিতরে",
      "votes": "31",
      "replies": [
        {
          "text": "এরা চায় দেশে গৃহযুদ্ধ হোক আর এই মাঝখানে ফুস করে পাকিস্তানের সাথে আবার মিলে যাবে। এরা literally চায় আর একটা বিশ্বযুদ্ধ হোক কারণ আরেকটা বিশ্বযুদ্ধ হলেই নাকি মুসলমানরা জিতে যাবে আর পুরা পৃথিবী ওদের শাসন কায়েম হবে‌ আর ওরা একজন পুরুষের আন্ডারে শত শত নারী গণিমতের মাল হিসেবে পাবে ।",
          "votes": "7",
          "replies": [
            {
              "text": "পাকিস্তানের সাথে স্বপ্ন অবাস্তব ও মাতলামি। আর ধর্মের নাম রাষ্ট্র Ignorance !",
              "votes": "15",
              "replies": []
            }
          ]
        }
      ]
    },
    {
      "text": "যত দিন যায়, হাসিনা তত সঠিক হয় 😒",
      "votes": "17",
      "replies": [
        {
          "text": "not agree ! Hasina was a psychopath . but she was right about Shibir .",
          "votes": "1",
          "replies": [
            {
              "text": "Psyco only for Jamat shibirs.",
              "votes": "2",
              "replies": []
            }
          ]
        },
        {
          "text": "এই দেশের জন্য হাসিনাই ঠিক ছিলো।",
          "votes": "-1",
          "replies": []
        }
      ]
    },
    {
      "text": "জাপা, আপা, ম্যাডাম এক হচ্ছে। এই শালাদের কচু কাটা করতে আসছে।",
      "votes": "2",
      "replies": [
        {
          "text": "ভারত সাথে আসবে না?",
          "votes": "1",
          "replies": []
        }
      ]
    },
    {
      "text": "Source: https://www.facebook.com/bongograph/posts/pfbid0JnHpZHGYkwpJEyDMzMcWk978WTp5QKKe2rMbtpRMDtT1X85HZYLNn2DjNfgqsaFql",
      "votes": "2",
      "replies": []
    },
    {
      "text": "আলহামদুলিল্লাহ ইসলামিক ফ্যাসিবাদ",
      "votes": "2",
      "replies": []
    },
    {
      "text": "from when putting a court case on any basis became such a big deal! You guys have suffered Bakshal, this is democracy.",
      "votes": "-4",
      "replies": []
    },
    {
      "text": "ইদানীং মিমস বানানোর লিমিটও ক্রমশ ব্যক্তিগত টার্গেটে পরিনত হইতেছে। এসব চলতে থাকলে সামাজিক বিশৃঙ্খলা আরও বাড়তে থাকবে। কেউ জানেন মিমস এর কনটেন্ট এ কি ছিলো যে এর জন্য মামলা করতে হলো। অশ্লীল মিমসের বিরুদ্ধে আইন হওয়ার দরকার।",
      "votes": "-1",
      "replies": []
    },
    {
      "text": "I'm not completely against this cause these days the memes & cartoons some people makes are pathetic.",
      "votes": "-2",
      "replies": []
    }
  ],
  "id": 95
}