{
  "url": "https://www.reddit.com/r/bangladesh/comments/1pbee2f/planning_a_34_day_chittagong_trip_in_december/",
  "hash": "8d7b125c614d746c681006c629ea8b68",
  "scraped_at": "2025-12-08T11:42:57.564230",
  "title": "Planning a 3–4 Day Chittagong Trip in December — Need Tips!",
  "description": "Hey everyone! Me and my family (group of 9) are planning a 3–4 day trip to Chittagong this December, and we’re looking for suggestions to make the plan solid.\nWe’re mainly looking for help with:\nA 4-day itinerary (transportation + hotel suggestions + places to visit + activities)\nBest area to stay for a group — budget-friendly and safe\nRecommendations for Mezbani beef + seafood spots 🍽️🔥\nMust-visit cafes, viewpoints, or hidden gems\nWe don’t want a packed or rushed trip — just good views, relaxing time, and great food.\nIf you’ve done a similar visit or live in Chittagong, any advice or recommendations would be super helpful. 🙌",
  "votes": "90608",
  "comments": [
    {
      "text": "3-4 days in Chittagong is a waste of time.",
      "votes": null,
      "replies": [
        {
          "text": "What do you suggest?",
          "votes": null,
          "replies": []
        }
      ]
    },
    {
      "text": "Your post has been automatically put into the moderation queue for review, due to not meeting one (or more) of the subreddit rules. You can message the moderators and share the link to your post (mandatory) if you do not receive a response within a day or two.\nRule(s): Your account should have at least 5 karma points in order to submit a post.\nI am a bot, and this action was performed automatically. Please contact the moderators of this subreddit if you have any questions or concerns.",
      "votes": null,
      "replies": []
    }
  ],
  "id": 96
}