{
  "url": "https://www.reddit.com/r/bangladesh/comments/1pbaup3/khulna_erupts_in_controversy_over_islamist/",
  "hash": "f9b96cbadf3c0a9377b440e158db8549",
  "scraped_at": "2025-12-08T11:43:13.320652",
  "title": "Khulna Erupts in Controversy Over Islamist Alliance’s ‘Babri Square’ Nomenclature",
  "description": null,
  "votes": "39",
  "comments": [
    {
      "text": "যেহেতু ইসলামে সবকিছু ঢেকে রাখার কথা বলা হয়েছে, তাই খুলনার নাম পরিবর্তন করে ঢাকনা রাখার জোর দাবি জানাচ্ছি।",
      "votes": "53",
      "replies": [
        {
          "text": "haha react er ovabbodh korteci reddit e.",
          "votes": "9",
          "replies": []
        }
      ]
    },
    {
      "text": "পারলে ওরা বাংলা ভাষায় ব্যাবহার করা বাদ দেবে, আর নাম তো দূরের কথা।",
      "votes": "15",
      "replies": []
    },
    {
      "text": "চত্বর বানান ভুল।\nদিছে ঠিক আছে। অশিক্ষিত ছোটলোক তো, দুনিয়াব্যাপী দুচা খায়। তাই একটু লিফলেটে চামে বাবরি চত্ত্বর দিয়া নিজের হ্যাডম দেখাইতে চাইছে। মাফ করে দেন।\nবাই দ্য ওয়ে, এইটা তো বিশাল হবে! হুজুরে ৫০১, ডিডি আমির আর হাতপাখা এক মঞ্চে। ঐতিহাসিক কিছু হবে।",
      "votes": "4",
      "replies": [
        {
          "text": "বাবরি বানানেও ী আসবে না। আমির, ইসলামি এসবও ি হয়। ১ এর পরে 'লা' দিতে হয়ে তারিখবাচক বুঝাতে",
          "votes": "1",
          "replies": []
        }
      ]
    },
    {
      "text": "আমি আগাীকাল ১০ টা রিকশাওয়ালাকে জিগাবো যে বাব্রি চত্তর চলেন। দেখি চেনে কিনা। লল। ২ টা পসিবল আউটকাম, ১। রিকশাওয়ালা চিনে বলবে চলেন, ২। রিকশাওয়ালা হয়ে যাবে কনফিউজড উংগা বুংগা ।",
      "votes": "10",
      "replies": [
        {
          "text": "খুলনার শিববাড়ি তো আইকনিক এলাকা, হালারা সবকিছু নষ্ট করতে চায়",
          "votes": "8",
          "replies": []
        },
        {
          "text": "Update: 9 rickshawala became confused unga bunga. One actually got it but laughed. He actually saw some posters and slogans or something like that.",
          "votes": "3",
          "replies": []
        }
      ]
    },
    {
      "text": "বাংলাদেশ নাম বদলে পশ্চিম পাকিস্তান নামকরণ এর দাবি জানাই...",
      "votes": "8",
      "replies": []
    },
    {
      "text": "Source: https://gonotaar.com/2025/11/30/khulna-erupts-in-controversy-over-islamist-alliances-babri-square-nomenclature/",
      "votes": "0",
      "replies": []
    },
    {
      "text": "These idiots are destroying harmony. They're being patronized by the government.",
      "votes": "1",
      "replies": []
    }
  ],
  "id": 97
}