{
  "url": "https://www.reddit.com/r/bangladesh/comments/1pgc0cp/beginners_guide_to_exploring_the_wilderness_in/",
  "hash": "27abbcee5c2610c6522a223850c09453",
  "scraped_at": "2025-12-08T19:27:44.689966",
  "title": "Beginners guide to exploring the wilderness in Bangladesh-any advice)",
  "description": "My homegirl and I are planning for a trip in the mountains(Either Sylhet but preferably CTG). And I know it might be a little bit risky, considering we are still very young in our 20s, and have never been out in the woods-but see it as a sort of existential awakening.\nWe don't wish to spend an exuberant amount of money on transportation and high five hotels and generally the plan is to reconnect with nature as much and taking as much pictures. We also want to go for places that aren't heavily commercialised. But given that I've never been around,specially not in such off grid places,I'm a little clueless as to where to go, what do to and what precautions and timings to keep in mind. I have plans to Hike and camp in trails but unsure if it's widely plausible and done in Bangladesh or if it's safe for 2 lonely women,but hey,I'd like to know regardless.\nI'd love you thoughts and opinions,love you",
  "votes": "1",
  "comments": [
    {
      "text": "Your post has been automatically put into the moderation queue for review, due to not meeting one (or more) of the subreddit rules. You can message the moderators and share the link to your post (mandatory) if you do not receive a response within a day or two.\nRule(s): Your account should have at least 5 karma points in order to submit a post.\nI am a bot, and this action was performed automatically. Please contact the moderators of this subreddit if you have any questions or concerns.",
      "votes": "1",
      "replies": []
    }
  ],
  "id": 10
}