{
  "url": "https://www.reddit.com/r/bangladesh/comments/1p346zr/is_the_news_of_bangladeshi_exodus_from_india_true/",
  "hash": "e8c5e3e778f413f1e5ea420ff578af1c",
  "scraped_at": "2025-12-08T19:56:22.972299",
  "title": "Is the news of Bangladeshi exodus from India true ?",
  "description": "Most major news channels are displaying this news and its also followed by interviews and apparently the flow is too large that they have to wait for days until they pass Is this true ? Or propaganda ?",
  "votes": "4",
  "comments": [
    {
      "text": "",
      "votes": "1",
      "replies": []
    }
  ],
  "id": 100
}