{
  "url": "https://www.reddit.com/r/bangladesh/comments/1p30009/whats_the_fact/",
  "hash": "ee869f8c184a6939ff70807befccfad7",
  "scraped_at": "2025-12-08T19:56:39.306852",
  "title": "Whats the Fact?",
  "description": "বন্দর চুক্তির মত এত গুরুত্বপূর্ণ একটা চুক্তি যেটা দেশের কল্যানের জন্যই করা হচ্ছে,সেটা এতো গোপনে করার কি মানে?",
  "votes": "18",
  "comments": [
    {
      "text": "জামাত শিবিরের মতে এসব প্রশ্ন করা যাবে না, আপনাকে লীগের দালাল ট্যাগ দিয়ে দিবে।",
      "votes": "13",
      "replies": [
        {
          "text": "Who cares? মুক্তিযুদ্ধ যে মানেনা তারা এই মাটিতে কোনদিন টিকে থাকতে পারবেনা। দেশে হাজার হাজার মাদ্রাসা বানিয়ে দেশকে আইসিস এর ঘাটি বানিয়ে ফেলেছে",
          "votes": "16",
          "replies": [
            {
              "text": "ট্রু। আওয়ামী লীগের ওই কারণেই ভাগা লাগসে। এন্টি-বাংলাদেশ কোন ফোর্সকে বাংলাদেশ দীর্ঘমেয়াদে মেনে নেবে না। জামাত-শিবির ওই পথে হাটলে তাদেরও টেনে হিচড়ে নামাবে জনগণ।",
              "votes": "7",
              "replies": []
            }
          ]
        }
      ]
    },
    {
      "text": "NDA on leasing? Source?",
      "votes": "2",
      "replies": []
    },
    {
      "text": "আমরা জানি। এটাও জানি যে ১৬ বিলিয়ন ডলার পাচারের ব্যাপারটাও আরব্য রজনীর কাহিনির মতো সত্য।\nআমি চিনিগো চিনি তোমারে ওগো বিদেশিনী তুমি থাকো হাডসন পাড়ে ওগো বিদেশিনী",
      "votes": "2",
      "replies": []
    },
    {
      "text": "অন দ্য আদার হ্যান্ড, পুরা প্রকল্প জনগনের ট্যাক্সের টাকায় করায়া হইতেসে না যে জনগনের জানতেই হইবো। তাইলে আজকে চিলক্সরে গিয়া ধরেন যে তাদের সসের সিক্রেট কি। মব ও করতে পারেন ওদের হেড কোয়ার্টারের সামনে।",
      "votes": "1",
      "replies": [
        {
          "text": "Desh ta jonogoner shompotti, yunus ba kono pvt organization er na!!",
          "votes": "3",
          "replies": [
            {
              "text": "সম্পত্তি দিয়া দিতাসে না তো বস।",
              "votes": "0",
              "replies": []
            }
          ]
        },
        {
          "text": "মাথা ঠান্ডা রাখেন শায়েক 🫣",
          "votes": "3",
          "replies": []
        }
      ]
    },
    {
      "text": "এই দোচনের আলাপ দেখতে দেখতে শেষ আমি। ভাই একটু মাথা খাটায়ে গুগল করেন প্লিজ। এনডিএ সাইন করা হইসে কারণ আপনি প্রাইভেট কোম্পানির সাথে ব্যবসা করতেসেন যেখানে কিছু জিনিস সিক্রেট থাকে যেন কম্পেটিটররা ওইগুলা কপি কইরে তাদের ব্যবসায় লস করাইতে না পারে। আপনারে এনডিএ কেন করা হইসে একটা ছোট উদাহরন দেই। আপনি জোরে সোরে ঘোষনা দিলেন যে আপনি পোর্ট বানাইবেন, আরেক ফেলো রেডিটর কইলো এত বড় প্ল্যান একটু চিন্তা ভাবনা করা উচিত, ফাস্ট হওয়া উচিত না হ্যান ত্যান। আপনি দুই বছর ধইরা দোচাইলেন। তারপর প্ল্যানের শুরুতে ল্যান্ড একুইজেশন করতে গিয়া দেখলেন টানা দুই বছর দোচানোর কারনে মানুষ ল্যান্ডে বাড়ি বানায়ে বইসা আছে ইচ্ছা কইরা যেন কোম্পানি ল্যান্ড কিনতে গিয়া দশ গুন দাম দিয়া কিনে। তারপর আপনি কার্গো হ্যান্ডলিং এর ডিজাইন কয়া দিলেন, লোকজন ধুমায়া স্মাগলিং করবো। আপনার জানার দরকার পয়সা পাতি পামু কি না, ট্যাকা কত দিবো এইসব। ট্যাকার হিসাব দেইখা যদি প্রশ্ন তুলেন সেইটা হইবো সঠিক। বাকি সব কিউরিওসিটি দূরে রাখেন। ব্যবসা করতে দেন।",
      "votes": "0",
      "replies": [
        {
          "text": "সেই চুক্তি সম্পাদন হইলো হাসিনার ফাসির রায়ের দিনেই,যায়ে সব চোদনা গুলো এবং মিড়িয়া সেটা নিয়েই মেতে থাকে। ইউনুসের অনেক পুরাতন খায়েস এটা।",
          "votes": "4",
          "replies": [
            {
              "text": "এইযে, পেপার কাটিং গ্রুপ আইছে আবার। ছবি দিয়া বুঝায়ে দিলো কত বড় আলেম। আপনে আদৌ বাংলা পড়তে পারেন? না পারলে বলেন। বুঝায়ে দেই। ইউনুস হালায় চট্টগ্রাম বন্দর খুলে দেওয়ার মানে কইসে যে এইটা যেন উন্মুক্ত বানিজ্য হয়। দেশ বিদেশের সবাই যেন ব্যবসা করতে পারে ওইটা কইসে। পুরা লেখায় কোথাও কয় নাই যে বিদেশিদের দিতে হইবো অথবা অন্য কিছু। কইসে এইটা ১০০ গুন বড় করতে হইবো যেন ভারতীয়, চীনা সবাই ব্যবসা করতে পারে। খুলে দেওয়ার অর্থ উন্মুক্ত ব্যবসা করার সু্যোগ দেওয়া। দেশের একটা বন্দররে যদি আপনি ওয়ার্ল্ড ক্লাস বানায়ে সাউথ এশিয়াতে একটা জাংশন ক্রিয়েট করতে পারেন যেখানে সবাই ব্যবসা করবো, এই কারনে যদি আমি কই খুইলা দেন সবার কাছে, এইটা ২০ বছর পরে যায়া আমার দোষ হইব?\nএই লন পেপার কাটিং এর লিংক\nআমি ব্যক্তিগতভাবে চাই হোক যেন ব্যবসা কইরা দেশে টাকা আইনা এডুকেশন ফ্রি করা হোক, যেন বাংলা পড়তে পারে মানুষ ঠিকঠাক।",
              "votes": "1",
              "replies": []
            },
            {
              "text": "আরেক দোচন হইতেসে কন্সপিরেসি থিওরি। স্মরনকালের দ্রুততম চুক্তি এইটা, ডেট একদিন আগে পরে হইলে কইতেন হাসিনার রায়ের পরের দিনই কেন? আগের দিনই কেন? এক সপ্তাহ আগে কেন? লালদিয়া যে এপিএম এর হাতে দিবো এইটা অনেক আগেই ফাইনাল হইসে, পেপার ওয়ার্ক শেষ কইরা ওইদিন। এর লগে হাসিনা মিলায়ে লাভ নাই। আর লালদিয়া পোর্ট বানাইবো বিদেশীরা, টাকা দিবো বিদেশিরা। সমস্যাটা কোন জায়গায়?",
              "votes": "-1",
              "replies": []
            }
          ]
        }
      ]
    },
    {
      "text": "Maersk এ ইউনুস সাহেবের শেয়ার আছে শুনলাম। ওনার আবার অনেক বয়স, এই বয়সে টাকার একদমই লোভ নেই 😋",
      "votes": "-1",
      "replies": [
        {
          "text": "আসা মাত্র গ্রামিণ ব্যাংকের কর মাফ 😀😀\nঅলি আউলিয়া মানুষ ইনুস ষাড",
          "votes": "3",
          "replies": [
            {
              "text": "জয় ইনুস ষাঁড়ের জয় 🔥",
              "votes": "3",
              "replies": []
            },
            {
              "text": "গ্রামীণ ব্যাংককের উপর কর আরোপ হবেই বা কেন?",
              "votes": "0",
              "replies": []
            }
          ]
        }
      ]
    },
    {
      "text": "How was it secret? It's been talked about for long time and many details are shared. There's been an NDA. Having concern is totally right. Tho ndas are not something only happened in Bangladesh. It's common in various cases including port deals.",
      "votes": "-2",
      "replies": []
    },
    {
      "text": "গোপনে কেমনে করলো!? এইসব কি চাইলেও গোপনে করা যায়!? আর চুক্তি নিয়া আলোচনা কি ১/২দিন এ শেষ করছে !?",
      "votes": "-2",
      "replies": []
    }
  ],
  "id": 101
}