{
  "url": "https://www.reddit.com/r/bangladesh/comments/1p2vdwg/if_you_get_the_chance_to_settle_in_any_country_in/",
  "hash": "f1fef9cd44ce7912f3d2c781c237dd90",
  "scraped_at": "2025-12-08T19:56:58.020670",
  "title": "If you get the chance to settle in any country in the world.(imagine). Which country would you choose and why?",
  "description": "I think I would go for Qatar or Saudi Arabia. If not then Malaysia",
  "votes": "8",
  "comments": [
    {
      "text": "I’ll still probably choose Bangladesh. But if it has to be any other country other than Bangladesh, then probably Tuvalu.",
      "votes": "12",
      "replies": [
        {
          "text": "W",
          "votes": "3",
          "replies": []
        }
      ]
    },
    {
      "text": "Chose Sweden, never regretted it. I might as well go for another passport in the USA as I want to work for NASA.",
      "votes": "6",
      "replies": []
    },
    {
      "text": "Malaysia, all the facilities of 1st world with a hand shower in toilet.",
      "votes": "6",
      "replies": []
    },
    {
      "text": "Somewhere very peaceful, so like Switzerland or something",
      "votes": "10",
      "replies": []
    },
    {
      "text": "Iceland. Just for them beautiful landscapes and sunsets.",
      "votes": "10",
      "replies": []
    },
    {
      "text": "নিউজিল্যান্ড",
      "votes": "4",
      "replies": []
    },
    {
      "text": "Switzerland or Luxembourg ig?",
      "votes": "2",
      "replies": []
    },
    {
      "text": "Some remote suburb in Hokkaido or something. Quiet and peaceful.",
      "votes": "3",
      "replies": []
    },
    {
      "text": "Germany. for their mixed economic system.",
      "votes": "3",
      "replies": []
    },
    {
      "text": "Nightmare for workers tho While Japan is attractive for tourists, living there is an entirely different case. Their culture supports certain bad practices that basically removes the life from work-life balance, resulting in death from overwork in some cases.",
      "votes": "7",
      "replies": [
        {
          "text": "Nightmare for workers tho While Japan is attractive for tourists, living there is an entirely different case. Their culture supports certain bad practices that basically removes the life from work-life balance, resulting in death from overwork in some cases.",
          "votes": "7",
          "replies": []
        }
      ]
    },
    {
      "text": "Saudi Arabia, near Kaba. Safest place, Allahr ghor ar nobijir desh. ajaan, hajj n all. Basically peace everywhere. Ta chara sekhane dajjal ashar possibility o nai.\nDream bhai! :’)",
      "votes": "-2",
      "replies": [
        {
          "text": "Bro, they literally call Bangladeshis “miskeen.” Imagine how much racism you’d have to deal with. 🤦🏻‍♂️🤦🏻‍♂️🤦🏻‍♂️🤦🏻‍♂️🤦🏻‍♂️",
          "votes": "18",
          "replies": [
            {
              "text": "",
              "votes": "-6",
              "replies": []
            }
          ]
        },
        {
          "text": "Jei username disen, dhukte parben? :P",
          "votes": "8",
          "replies": [
            {
              "text": "imposter me😎",
              "votes": "1",
              "replies": []
            }
          ]
        },
        {
          "text": "I have no idea if this is sarcastic or genuine.",
          "votes": "4",
          "replies": [
            {
              "text": "genuine :')",
              "votes": "2",
              "replies": []
            }
          ]
        },
        {
          "text": "Bro honestly don't let these shitty replies downplay you. Sounds like a really good place and honestly would be the best in the end maybe.",
          "votes": "4",
          "replies": []
        },
        {
          "text": "Climate sucks though",
          "votes": "1",
          "replies": []
        }
      ]
    },
    {
      "text": "Japan",
      "votes": "0",
      "replies": []
    },
    {
      "text": "New Zealand",
      "votes": "0",
      "replies": []
    }
  ],
  "id": 102
}