{
  "url": "https://www.reddit.com/r/bangladesh/comments/1p2u5ab/%E0%A7%AE%E0%A7%A7%E0%A7%A8_%E0%A6%98%E0%A6%A3%E0%A6%9F_%E0%A6%9C%E0%A6%AC_%E0%A6%95%E0%A6%B0_%E0%A6%B8%E0%A7%9F%E0%A6%A8%E0%A6%B8_%E0%A6%B8%E0%A6%AC%E0%A6%9C%E0%A6%95%E0%A6%9F_%E0%A6%85%E0%A6%A8%E0%A6%B0%E0%A6%B8_%E0%A6%95%E0%A6%B0_%E0%A6%95_%E0%A6%AC%E0%A6%B8%E0%A6%A4%E0%A6%AC%E0%A6%87_%E0%A6%B8%E0%A6%AE%E0%A6%AD%E0%A6%AC_%E0%A6%AF%E0%A6%A6%E0%A6%B0/",
  "hash": "3fd21ae7bad2f29bdfa5dd8ea4abdf2c",
  "scraped_at": "2025-12-08T19:57:16.849738",
  "title": "৮–১২ ঘণ্টা জব করে সায়েন্স সাবজেক্টে অনার্স করা কি বাস্তবেই সম্ভব? যাদের অভিজ্ঞতা আছে, প্লিজ সাহায্য করুন!",
  "description": "আমি প্রতিদিন অনেক লম্বা সময় (৮–১২ ঘণ্টা) কাজ করি। কিন্তু তারপরও চিন্তা করছি ফিজিক্স বা কেমিস্ট্রি নিয়ে অনার্স করার।\nতাই r/bangladesh–এর সিনিয়রদের কাছে কিছু রিয়েল অভিজ্ঞতা জানতে চাই:\nএই রকম ব্যস্ত শিডিউল রেখে সায়েন্স সাবজেক্টে অনার্স করা কি বাস্তবে সম্ভব?\nনিয়মিত ক্লাস, ল্যাব, প্র্যাকটিক্যাল—এসব কি জবের পাশাপাশি ম্যানেজ করা যায়?\nযদি সায়েন্স নেওয়া খুব কঠিন হয়, তাহলে কোন সাবজেক্টটা জব–ফ্রেন্ডলি এবং রিয়েলিস্টিক হবে?\nযারা আগে এই ধরনের সিচুয়েশনে ছিলেন বা এখন পড়ছেন—আপনাদের অভিজ্ঞতা আমার জন্য খুব helpful হবে।\nসত্যি কথা বললে, সবাইকে জিজ্ঞেস করার মতো কেউ নেই, তাই আপনাদের রিয়েল পরামর্শ চাই। ধন্যবাদ।",
  "votes": "7",
  "comments": [
    {
      "text": "8-12 hour job korle apni class korben kokhon? Jodi class mandatory na hoy, tahole somvob. Just motivation ta 4 year thakte hobe ar 4 year extra porisrom Korte hobe.\nBest of luck.",
      "votes": "7",
      "replies": [
        {
          "text": "Lab/practical এগুলাই তো প্রব্লেম।",
          "votes": "2",
          "replies": []
        }
      ]
    },
    {
      "text": "Well I am doing a bachelor in Cybersecurity. Week a avg 40h work load thake amar. But not in Bangladesh",
      "votes": "2",
      "replies": []
    }
  ],
  "id": 103
}