{
  "url": "https://www.reddit.com/r/bangladesh/comments/1pg48pl/basketball/",
  "hash": "6ff2a4803c36d99154587ed0289b6417",
  "scraped_at": "2025-12-08T19:28:00.524798",
  "title": "Basketball",
  "description": "Is there a place near Bashundhara R A where my 14 y/o brother who is very passionate about playing basketball can practice or learn? Appreciate your help!",
  "votes": "4",
  "comments": [
    {
      "text": "Your post has been automatically put into the moderation queue for review, due to not meeting one (or more) of the subreddit rules. You can message the moderators and share the link to your post (mandatory) if you do not receive a response within a day or two.\nRule(s): Your account should have at least 5 karma points in order to submit a post.\nI am a bot, and this action was performed automatically. Please contact the moderators of this subreddit if you have any questions or concerns.",
      "votes": "1",
      "replies": []
    }
  ],
  "id": 11
}