{
  "url": "https://www.reddit.com/r/bangladesh/comments/1pfzxi9/what_is_the_best_warehouse_management_system_for/",
  "hash": "e090a5192f290f4cbdeaec7216309d8c",
  "scraped_at": "2025-12-08T19:28:16.169079",
  "title": "What is the best warehouse management system for bangladesh?",
  "description": "I am soon starting an online business and looking for a warehouse management system that would work in Bangladesh. Something simple, mainly to add products, create orders, and simply track from packed, to shipped till delivered. Maybe generate invoices for the order. Something simple.\nIs there anything like that? Maybe some of you guys are using something similar. If you are, please let me know what you guys are using.\nI've checked at Zoho Inventory, but it's not suitable for me as it adds too many layers.",
  "votes": "2",
  "comments": [
    {
      "text": "You could try asking in this entrepreneurial community https://discord.gg/F3kNUSBFYt there are also engineer where you would hire someone to build for your need an all in one community just to connect bridge betweeen entrepreneurs and skilled people",
      "votes": "2",
      "replies": [
        {
          "text": "Invalid link, but I am looking for a ready made product, not looking to hire someone to build one. Way too expensive for a business that I am simply starting. Would’ve done it if it was a mature business",
          "votes": "1",
          "replies": []
        }
      ]
    },
    {
      "text": "Oracle এর ই বিজনেস সুইট অনেক বড় কোম্পানি কে ব্যবহার করতে দেখেছি ।",
      "votes": "1",
      "replies": []
    },
    {
      "text": "Hi, we are leading software development company we can provide a better solution for your requirement, please check the DM",
      "votes": "1",
      "replies": []
    }
  ],
  "id": 12
}