{
  "url": "https://www.reddit.com/r/bangladesh/comments/1pftu07/how_long_is_the_immigration_line_for_us_citizens/",
  "hash": "78570bfc26b6e5fc3a98a2223bcc8f86",
  "scraped_at": "2025-12-08T19:28:33.014930",
  "title": "How long is the immigration line for US citizens at Dhaka Airport (DAC)?",
  "description": "Hi everyone,\nI’m visiting Bangladesh soon and had a quick question. I’ll be landing in Dhaka (DAC) from Dubai on Emirates around 8:20 AM — but realistically, if there’s a delay, maybe closer to 9:00 AM.\nI have a US-Bangla domestic flight at 11:40 AM from Dhaka to my hometown.\nWould 2.5–3 hours be enough time to clear immigration, collect baggage, and catch my domestic flight? Any tips or recent experiences would be really appreciated!",
  "votes": "1",
  "comments": [
    {
      "text": "Your problem is the baggage dropout, immigration is always chill",
      "votes": "4",
      "replies": [
        {
          "text": "Oh man 😭",
          "votes": "1",
          "replies": []
        },
        {
          "text": "Flight arrived 7:20am in DAC , was at the domestic terminal at 8:45, it all depends on the number of foreign passports arriving at that time , and also the baggage unloading like others have mentioned.",
          "votes": "1",
          "replies": []
        }
      ]
    },
    {
      "text": "At this time don't leave USA if u can u never know what happens",
      "votes": "1",
      "replies": []
    }
  ],
  "id": 13
}