{
  "url": "https://www.reddit.com/r/bangladesh/comments/1pfs6q3/%E0%A6%AD%E0%A6%B0%E0%A6%A4%E0%A6%AF_%E0%A6%89%E0%A6%AA%E0%A6%AE%E0%A6%B9%E0%A6%A6%E0%A6%B6%E0%A6%AF_%E0%A6%B0%E0%A6%B7%E0%A6%9F%E0%A6%B0%E0%A6%97%E0%A6%B2%E0%A6%B0_%E0%A6%A8%E0%A6%B0_%E0%A6%B0%E0%A6%9C%E0%A6%A8%E0%A6%A4%E0%A6%B0_%E0%A6%89%E0%A6%AA%E0%A6%B0_%E0%A6%95%E0%A6%9B_%E0%A6%AC%E0%A6%87_%E0%A6%93_%E0%A6%86%E0%A6%B0%E0%A6%9F%E0%A6%95%E0%A6%B2/",
  "hash": "f64ee51a357cd9124660875036e8191a",
  "scraped_at": "2025-12-08T19:29:07.481877",
  "title": "ভারতীয় উপমহাদেশীয় রাষ্ট্রগুলোর নোংরা রাজনীতির উপর কিছু বই ও আর্টিকেল সাজেস্ট করতে পারবেন?",
  "description": "যেখানে লেখা আছে এই রাষ্ট্রগুলোর, অর্থাৎ, ভারত, বাংলাদেশ, নেপাল, পাকিস্তানের নোংরা রাজনীতি একচুয়ালি কেমন, কিভাবে কাজ করে, ওই জগতে কি কি কি হয় ইত্যাদি। বিশেষ করে সেই সমস্ত বই ও আর্টিকেল যা ইন্টারনেটে সার্চ করলে পাওয়া যাবে না, কিন্তু গুরুত্বপূর্ণ।",
  "votes": "6",
  "comments": [
    {
      "text": "Amar dekha rajnitir 50 bochor. India wins freedom.",
      "votes": "2",
      "replies": []
    }
  ],
  "id": 15
}