{
  "url": "https://www.reddit.com/r/bangladesh/comments/1pfrvwg/dubai_to_chittagong_cargo/",
  "hash": "7610dd69f55513ad7aec2f5f146c90f7",
  "scraped_at": "2025-12-08T19:29:24.298238",
  "title": "Dubai to Chittagong Cargo",
  "description": "Hello there!\nI want to know if it’s possible to find a service that can take a package 1-5kg for me from Dubai to Chittagong with the door to door service. Is any service like that available? I can’t seem to find any online and the ones I’ve reached out overcharge or don’t send to Bangladesh. Some go as far as 30kg. If someone can suggest me a service that’s trustworthy, I would appreciate it.",
  "votes": "3",
  "comments": [],
  "id": 16
}