{
  "url": "https://www.reddit.com/r/bangladesh/comments/1pflqpj/how_to_meet_new_people_in_this_country/",
  "hash": "714085e9bb6a797aae596f71ed1a34b2",
  "scraped_at": "2025-12-08T19:29:41.631534",
  "title": "How to meet new people in this country",
  "description": "M20 living in dhaka. I go to uni and I work a job too. But the loneliness of having friends is still here. How can I meet new people or make new friends in this city (making uni friends is not an option unfortunately)",
  "votes": "2",
  "comments": [
    {
      "text": "Welcome to adulthood, where friends are hard to make and impossible to keep. Let me know if anyone got a solution",
      "votes": "3",
      "replies": []
    },
    {
      "text": "come",
      "votes": "1",
      "replies": [
        {
          "text": "Where :p",
          "votes": "1",
          "replies": []
        }
      ]
    },
    {
      "text": "I think you just started uni, leaving your school friends, which causes some difficulties to meet new people in a whole new culture.",
      "votes": "1",
      "replies": [
        {
          "text": "2nd year e pori Bhai Ja bondhu banaisilam shob chole gese",
          "votes": "1",
          "replies": [
            {
              "text": "Let me guess? Open credit?",
              "votes": "1",
              "replies": []
            }
          ]
        }
      ]
    },
    {
      "text": "Just approach",
      "votes": "1",
      "replies": [
        {
          "text": "Giye bolbo \"Bhai amar bondhu Hoben?\"🤔🤔",
          "votes": "1",
          "replies": [
            {
              "text": "Lol thats how I meet new people fr...if they dont reply back just back off. Dont be shy thats it.",
              "votes": "1",
              "replies": []
            }
          ]
        }
      ]
    },
    {
      "text": "Join a club in your university.",
      "votes": "2",
      "replies": []
    },
    {
      "text": "What job do you do ? Maybe you can make friend with your colleages.",
      "votes": "1",
      "replies": [
        {
          "text": "Online stuff so no colleagues",
          "votes": "1",
          "replies": []
        }
      ]
    }
  ],
  "id": 17
}