{
  "url": "https://www.reddit.com/r/bangladesh/comments/1peyiyr/if_this_happens_in_our_dhaka_metro_rail_3_3/",
  "hash": "f81ff9b1d3e98445cc6c81fba4d38a52",
  "scraped_at": "2025-12-08T19:29:58.830397",
  "title": "if this happens in our Dhaka metro rail...... :3 :3",
  "description": null,
  "votes": "58K",
  "comments": [
    {
      "text": "",
      "votes": "1",
      "replies": []
    },
    {
      "text": "🗣️\"maiya manush amer upre haat tullo, koto boro sahosh heh\"",
      "votes": "11",
      "replies": [
        {
          "text": "Then Touhidi Janata will destroy the station",
          "votes": "5",
          "replies": [
            {
              "text": "just wait a month or two then you will see kabooms everywhere",
              "votes": "2",
              "replies": []
            }
          ]
        }
      ]
    },
    {
      "text": "BD man would slap the female officers instead.. And next day mullas would give them \"foler mala\".. cz they hate women..",
      "votes": "32",
      "replies": [
        {
          "text": "Right bro.",
          "votes": "3",
          "replies": []
        },
        {
          "text": "",
          "votes": "-8",
          "replies": [
            {
              "text": "I think whatever i said is 100%.true.. They hate women..",
              "votes": "7",
              "replies": []
            }
          ]
        }
      ]
    },
    {
      "text": "But I've never seen men on the women carriage on the metro rail...",
      "votes": "2",
      "replies": []
    },
    {
      "text": "im not dhakaiya but is this common in your mrt?",
      "votes": "3",
      "replies": [
        {
          "text": "NO. People have mistakenly tried but other women warn them. I think dhaka women are vocal enough to prevent this. Idk why they're trash talking when They don't even allow boy teenagers",
          "votes": "15",
          "replies": []
        },
        {
          "text": "Of course no.. its in India. Where its prolly warranted..",
          "votes": "5",
          "replies": []
        },
        {
          "text": "Not common like this yet. Mostly 2-3 guys accidentally or in a hurry do this, but it is not massive like India.",
          "votes": "3",
          "replies": []
        }
      ]
    },
    {
      "text": "BASED INDIA?!",
      "votes": "1",
      "replies": []
    },
    {
      "text": "Those days are over. Skipping the railways Bangladesh will rapidly advance to flying cars soon. Cyber Bangladesh 2077. #MakeBanglaGreatAgain.",
      "votes": "0",
      "replies": []
    },
    {
      "text": "Hahah they deserve the slaps",
      "votes": "1",
      "replies": []
    },
    {
      "text": "There hasn't been any recorded cases of men entering female cart epidemic in Dhaka metro.",
      "votes": "1",
      "replies": []
    }
  ],
  "id": 18
}