{
  "url": "https://www.reddit.com/r/bangladesh/comments/1pevoua/where_to_buy_mechanical_keyboards_online/",
  "hash": "e71e36c6f7d38f2512bf0d6968851840",
  "scraped_at": "2025-12-08T19:30:16.496737",
  "title": "Where to Buy Mechanical Keyboards online!!?",
  "description": "Is this website/Company authentic to buy Online for Mechanical Keyboards preferably MCHOSE Products (Did anyone buy products from this company) or would you suggest any other company!!!",
  "votes": "3",
  "comments": [
    {
      "text": "Buy from Startech.",
      "votes": "1",
      "replies": []
    },
    {
      "text": "Techdiversity, Gadget Nova, Blisstyle etc good shops. Traditional shops(Techland, Startech) usually overcharge. Plus Techdiversity is the official distributor of Mchose gear in bd i believe.",
      "votes": "1",
      "replies": [
        {
          "text": "I bought my Mchose L7 Ultra from techdiversity",
          "votes": "1",
          "replies": [
            {
              "text": "Right now the Keyboard colour I want is out of stock,\nAny Idea when they will Restock!?\nWhen do they keep their sales like during which Months!?\nAs I don't stay in Dhaka and in a different city, how good is their delivery service!!!\nThankyou!!!",
              "votes": "1",
              "replies": []
            }
          ]
        }
      ]
    }
  ],
  "id": 19
}