{
  "url": "https://www.reddit.com/r/bangladesh/comments/1ph0vg4/%E0%A6%AD%E0%A6%AE_%E0%A6%85%E0%A6%AB%E0%A6%B8_%E0%A6%AA%E0%A6%B0%E0%A6%B6%E0%A6%A8/",
  "hash": "59bfc3ed11352aa9e17a8cc786fefc5e",
  "scraped_at": "2025-12-08T19:25:37.966704",
  "title": "ভূমি অফিস প্রশ্ন",
  "description": "বসুন্ধরার কাছে ইউনাইটেড এর জায়গা অথবা বাড়ির জন্য খাজনা দিতে কোন ভূমি অফিসে যাওয়া প্রয়োজন? ধন্যবাদ",
  "votes": "1",
  "comments": [],
  "id": 2
}