{
  "url": "https://www.reddit.com/r/bangladesh/comments/1per8m5/would_buying_a_desktop_very_starter_be_more/",
  "hash": "f95c1a26844a2a22929f091ca318d87d",
  "scraped_at": "2025-12-08T19:30:34.390769",
  "title": "Would buying a desktop (very starter) be more durable than a used laptop?",
  "description": null,
  "votes": "6",
  "comments": [
    {
      "text": "Desktops last way longer than laptops. Plus you could change a component of desktop anytime. For me there is no good reason to use laptop other than carrying it.",
      "votes": "2",
      "replies": [
        {
          "text": "Yeah…. Totally, thanks :)",
          "votes": "1",
          "replies": []
        }
      ]
    },
    {
      "text": "Yes because laptops are overpriced and non-modular.",
      "votes": "2",
      "replies": [
        {
          "text": "Agreed, I suppose mobility comes with its price….",
          "votes": "1",
          "replies": []
        }
      ]
    }
  ],
  "id": 20
}