{
  "url": "https://www.reddit.com/r/bangladesh/comments/1pe9w68/the_sunlight_creating_such_a_magical_image_in/",
  "hash": "082bb15a4dab287eeb41670177cb01f2",
  "scraped_at": "2025-12-08T19:31:10.446973",
  "title": "The sunlight creating such a magical image in this early winter morning. Anyone can guess the place?",
  "description": null,
  "votes": "90634",
  "comments": [
    {
      "text": "",
      "votes": null,
      "replies": []
    },
    {
      "text": "সিআরবি?",
      "votes": null,
      "replies": [
        {
          "text": "Tiger Pass",
          "votes": null,
          "replies": []
        }
      ]
    },
    {
      "text": "its CRB road.",
      "votes": null,
      "replies": []
    },
    {
      "text": "It's CRB in Chittagong.",
      "votes": null,
      "replies": []
    }
  ],
  "id": 22
}