{
  "url": "https://www.reddit.com/r/bangladesh/comments/1pe5zf1/where_can_i_find_realistic_silicon_face_mask_in/",
  "hash": "a3513ea4c743b444b1dfcf4486e4eb87",
  "scraped_at": "2025-12-08T19:31:27.237112",
  "title": "Where can I find realistic silicon face mask in offline in Dhaka.",
  "description": "I am doing a content which needs a different character. I don't want to take other people. I want to use a realistic silicon face mask. But I couldn't find any place to buy these. I don't want to trust those online sites. I want to buy those offline and test also. Where can I find those on offline in around Dhaka . If anyone knows please lemme know in dms.",
  "votes": "2",
  "comments": [
    {
      "text": "You know what's funny, many famous people and celebrities are rumoured to use such kind of lifelike mask.\nI'm sure you may remember Joe Biden wearing one (that's why his chin looked like it was fatty and floating) and Elon Musk wearing one (the neck area was the sign it was mask and not real, with the strange skin texture and colour difference, and the hooded eyelids from the mask eyeholes).\nI wonder why Tarique from BNP doesn't wear one like these people do for their safety and anonymity since he's so worried about danger.",
      "votes": "1",
      "replies": []
    }
  ],
  "id": 23
}