{
  "url": "https://www.reddit.com/r/bangladesh/comments/1pdqt4m/which_churches_in_bangladesh_conduct_marriages/",
  "hash": "9b146d2232f415ef1ade8098a1d70a50",
  "scraped_at": "2025-12-08T19:31:58.696600",
  "title": "Which churches in Bangladesh conduct marriages without requiring a baptism certificate?",
  "description": "Basically, my friend is a non-returning Bangladeshi who wants to marry in Bangladesh because his family is there. He wants a church wedding for cultural reasons. He was raised as a Christian but is no longer religious and has no baptism certificate. His relatives claim a baptism certificate is mandatory for a Christian marriage in Bangladesh. Is that true? He does not want to get baptized solely to meet that requirement. His family is not Catholic (I am not sure of their exact denomination). He wants to know which churches (regardless of denomination) or if any specific priests in Bangladesh perform Christian marriages without requiring proof of baptism. His to-be bride also has no baptism certificate. Any info on this is appreciated!",
  "votes": "8",
  "comments": [
    {
      "text": "Your post has been automatically put into the moderation queue for review, due to not meeting one (or more) of the subreddit rules. You can message the moderators and share the link to your post (mandatory) if you do not receive a response within a day or two.\nRule(s): Your account should have at least 5 karma points in order to submit a post.\nI am a bot, and this action was performed automatically. Please contact the moderators of this subreddit if you have any questions or concerns.",
      "votes": "1",
      "replies": []
    },
    {
      "text": "He could look around for a baptist church. One of my friends, catholic, married a pahari baptist.",
      "votes": "1",
      "replies": []
    }
  ],
  "id": 25
}