{
  "url": "https://www.reddit.com/r/bangladesh/comments/1pcreki/a_question_to_bankers/",
  "hash": "413c5b79afa5653b1f75f873ce919db4",
  "scraped_at": "2025-12-08T19:33:36.526093",
  "title": "A Question to Bankers",
  "description": "it was my believe that Banks keeps paper trail of each thing, that has been my experience with EBL.\nBut yesterday I went to open a bank account to a very well known bank they did not keep most of the papers and as it seem they are neglecting one simple paper they filled.\nNow my questions to any Bankers what is the norm?\nNOTE: I don’t trust BDs (public and private sec cloud infrastructure resilience , security and integrity , that is why my fear.",
  "votes": "1",
  "comments": [],
  "id": 29
}