{
  "url": "https://www.reddit.com/r/bangladesh/comments/1pgysoo/is_there_wifi_on_biman_7879_dreamliner/",
  "hash": "04eccb3f3606fe408fb10b4c947fdc1d",
  "scraped_at": "2025-12-08T19:25:53.780979",
  "title": "Is there Wifi on Biman 787-9 Dreamliner?",
  "description": "Hello guys, I looking to visit Dhaka in the upcoming March, and I have booked my flight from Toronto-Dhaka as a direct flight.\nWill Wifi be provided on the plane? And tell me any other experiences you have had, thanks!",
  "votes": "1",
  "comments": [
    {
      "text": "There is wifi available for purchase",
      "votes": "1",
      "replies": []
    }
  ],
  "id": 3
}