{
  "url": "https://www.reddit.com/r/bangladesh/comments/1pcfro9/wedding_photographer_chittagong/",
  "hash": "37642bd2ecf24e38a046c457e5af4065",
  "scraped_at": "2025-12-08T19:34:19.004334",
  "title": "Wedding Photographer Chittagong",
  "description": "Hello,\nI am looking for wedding photographers based on Chittagong. So far, as i have looked into photographers with beautiful portfolio, most of them are based in Dhaka. In those cases, if I add transportation and accommodation cost, it will double my expenses. So, I am asking for your recommendations for photographers based on Chittagong.\nMy Preferences for photography is a bit classic/natural, not too colorful/over saturated pictures.",
  "votes": "2",
  "comments": [
    {
      "text": "Your post has been automatically put into the moderation queue for review, due to not meeting one (or more) of the subreddit rules. You can message the moderators and share the link to your post (mandatory) if you do not receive a response within a day or two.\nRule(s): Your account should have at least 5 karma points in order to submit a post.\nI am a bot, and this action was performed automatically. Please contact the moderators of this subreddit if you have any questions or concerns.",
      "votes": "1",
      "replies": []
    }
  ],
  "id": 31
}