{
  "url": "https://www.reddit.com/r/bangladesh/comments/1pc5kob/suspicious_ads_in_youtube/",
  "hash": "0efabcf4fbfe32322b725355009f14ad",
  "scraped_at": "2025-12-08T19:34:41.935336",
  "title": "Suspicious ads in YouTube",
  "description": "So I was watching YouTube video. That moment I saw this ad on my feed. It was my reaction was lake may but one is so that daily star and the 500000 taka type of shit .My reaction was like \"suspicious\" Can any of you confirm that they star has ever released after post or in source of info on this matter ?",
  "votes": "12",
  "comments": [
    {
      "text": "",
      "votes": "1",
      "replies": []
    },
    {
      "text": "Obviously but not for my lotai patai cousin.",
      "votes": "1",
      "replies": [
        {
          "text": "Obviously but not for my lotai patai cousin.",
          "votes": "1",
          "replies": []
        }
      ]
    },
    {
      "text": "oh you are watching that one minute guy. love him",
      "votes": "1",
      "replies": []
    }
  ],
  "id": 32
}