{
  "url": "https://www.reddit.com/r/bangladesh/comments/1pc3rxy/bangladeshi_diasporas_in_obscure_countries/",
  "hash": "c6773b634df06eebda7a5b68027fc947",
  "scraped_at": "2025-12-08T19:34:59.874688",
  "title": "Bangladeshi diaspora's in obscure countries.",
  "description": "Hi, I'm pretty new to this subreddit, but i have wanted to ask something that's been bugging me out for a while.\nFor context; I was born in Bangladesh, moved to Germany with my parents when i was 1 year old, and when i was 3 years old we settled in Norway where I've basically grown up here for 15 years. It is VERY rare for me to randomly meet a Bengali that i do not know of unless if it's someone that my family know of (I.e. If there's another family that's inviting us over).\nSo my question is, are there any Bengalis that are in the same boat as me or know anyone that live in countries where the Bangladeshi population isn't that big?",
  "votes": "7",
  "comments": [
    {
      "text": "r/Bideshi_Deshi.\nTry posting the question there.",
      "votes": "3",
      "replies": []
    },
    {
      "text": "Feel free to ask r/abcdesis There’s many Bangladeshis born aboard, in that forum :)",
      "votes": "3",
      "replies": [
        {
          "text": "Fair. Thanks for that",
          "votes": "2",
          "replies": []
        }
      ]
    },
    {
      "text": "I'm from the U.S., but I moved to a state where there are no Bengali people, ever. I am right there with you.",
      "votes": "2",
      "replies": []
    },
    {
      "text": "hei fra Sverige.",
      "votes": "1",
      "replies": [
        {
          "text": "HALLO SJEF",
          "votes": "2",
          "replies": []
        },
        {
          "text": "Where are you guys located in Sweden?! I’ve visited many many times but there are barely any Bengalis, let alone Pakistanis or Indians. Wish I could find a small local community and businesses owned by Bengalis too so I can support them. 🫶",
          "votes": "1",
          "replies": [
            {
              "text": "I am from Stockholm Region. The Bangladeshi diaspora is probably one twentieth of London or NYC diaspora. And now current government is anti-immigrant. So, numbers might decrease later.",
              "votes": "1",
              "replies": []
            }
          ]
        }
      ]
    }
  ],
  "id": 33
}