{
  "url": "https://www.reddit.com/r/bangladesh/comments/1pc34b6/dubai_tourist_visas/",
  "hash": "60229400884893108f464ee4febb62c6",
  "scraped_at": "2025-12-08T19:35:17.613682",
  "title": "Dubai tourist visas.",
  "description": "I have some very urgent work in Dubai. But I currently don’t have a tourist visa.\nI heard that currently it’s almost impossible to get one. But I really really need it. Please let me know if yall know about any travel agencies that can help.\nI was thinking of the emirates emergency visa. But I’m under 21 😢.\nPlease help if you can. It’s hard having a Bangladeshi passport at times like this. 😓",
  "votes": "3",
  "comments": [
    {
      "text": "they are giving transit visas if you are travelling to north america or europe i believe! otherwise pretty much not possible",
      "votes": "3",
      "replies": [
        {
          "text": "I’m travelling to the US later but someone told me there’s an age limitation for transit visas or smh. But I found nothing about it online.",
          "votes": "1",
          "replies": []
        }
      ]
    },
    {
      "text": "Do you understand that visa is always issued by the competent government authority of that country? How can any travel agency help you if the authority doesn't want to approve your visa?",
      "votes": "3",
      "replies": []
    }
  ],
  "id": 34
}