{
  "url": "https://www.reddit.com/r/bangladesh/comments/1pc2tqb/looking_for_recommendations/",
  "hash": "0a464c37cfffc91ab0b024d3ce1aab78",
  "scraped_at": "2025-12-08T19:35:32.900794",
  "title": "Looking for recommendations!",
  "description": "I’m a complete beginner and want to join an offline Chinese language course in Chittagong as soon as possible. If you know any good institutes or teachers (beginner-friendly, reliable), please comment or inbox.\nThanks in advance!",
  "votes": "3",
  "comments": [],
  "id": 35
}