{
  "url": "https://www.reddit.com/r/bangladesh/comments/1pbile1/%E0%A6%AD%E0%A6%97%E0%A6%AF%E0%A6%B0_%E0%A6%95_%E0%A6%A8%E0%A6%B0%E0%A6%AE%E0%A6%AE_%E0%A6%AA%E0%A6%B0%E0%A6%B9%E0%A6%B8/",
  "hash": "9b01e96f135d6d94e46daad0f44752c9",
  "scraped_at": "2025-12-08T19:36:34.193575",
  "title": "ভাগ্যের কি নির্মম পরিহাস!",
  "description": "যেই বিএনপি গত ১৬ মাসে জনগনের মাথা চিবিয়ে খেয়ে ফেলেছে নির্বাচন নির্বাচন করতে করতে, \"বিপ্লবী\"-দের বিরাগভাজন হয়েছে \"সংস্কারে\" বাঁধা দিয়ে নির্বাচনে গুরুত্ব দিতে গিয়ে, আজ ত্রয়োদশ জাতীয় সংসদ নির্বাচনের মাত্র ২ মাস আগে সেই জাতীয়তাবাদী দলকেই সবচেয়ে অগুছালো ও অপ্রস্তুত লাগছে! তাদের চেয়ারপার্সন জীবন মৃত্যুর সন্ধিক্ষণে। ভারপ্রাপ্ত চেয়ারম্যান আসবেন আসবেন বলে আর আসলেনই না! এদিকে জামায়াত ধরে নিয়েছে লীগের ভোট পেয়ে যদি কোনোভাবে ১৫১টা আসন পাওয়া যায়! ন্যাশনাল চিলড্রেন পার্টি পর্যন্ত বিএনপির সাথে মিশতে নারাজ! কেমন জানি নিস্তব্ধতা! নির্বাচনের ট্র্যাডিশনাল আমেজ পাচ্ছিনা! সেই হাসিনা আমলের ভুয়া নির্বাচনের মতই দমবন্ধ লাগছে!\nতারেক ভাইয়ার ভাষায়ই যদি বলতে হয়, \"এমনটা তো হবার কথা ছিলনা\"!",
  "votes": "3",
  "comments": [
    {
      "text": "The indians in this subreddit should definitely have some solutions for us 👀",
      "votes": "2",
      "replies": [
        {
          "text": "Yeah they definitely have. Downvote.",
          "votes": "-1",
          "replies": []
        }
      ]
    },
    {
      "text": "কেন মাথামোটা মানুষ বিশ্বাস করে যে জামাত আওয়ামী ভোট পাওয়ার জন্য ওকালতি করছে?\nস্বাধীনতার আওয়ামী ভ্রান্ত বয়ান কি জামাত বুলায় নাকি BNP? কট্টর ইসলামবিদ্বেষীদের পক্ষ্যে সমর্থন কে করছে জামাত নাকি BNP?\nজামাত বরং BNPর মধ্যে ভারত বিদ্বেষী আর কট্টর মুসলিমদের ভোট পাওয়ার চেষ্টা করছে।",
      "votes": "2",
      "replies": []
    },
    {
      "text": "এই সাবরেডিটের মানুষের জামাতের উপর যে কনফিডেন্স, জামাতের নিজের পার্টির লোকদেরও ততটা নাই।\nভাই রে, জামাত এর ভোট হইতেছে 70 সালের ইলেকশনের সেই ভোটগুলো যেগুলো আওয়ামী লীগ পায় নাই। 27 পার্সেন্ট। আগে এই ভোট গুলো স্প্লিট হইতো বিএনপি এর সাথে। এবার স্প্লিট হইলেও অধিকাংশ জামাত পাবে আর বিএনপি সেখানে অল্প কিছু পাবে নিজেদের পলিসির জন্য।\nজামাত যদি 50 এর বেশি আসন পায়, তখন এখানে রিপ্লাই দিয়েন ভাই। জামাত রে ওভারএস্টিমেট না কইরা দেশের রিয়েল প্রবলেম নিয়ে কথা বলেন। দেশের ইতিহাসে প্রথম টিএফআর বাড়তেছে, সামনে দেশে চাকরির আকাল, ডেমোগ্রাফিক ডিভিডেন্ড আছে কিন্ত দেশে কল কারখানা নাই; এসব নিয়ে কথা বলেন। জামাত যতটুকু আলোচনা ডিজার্ভ করে, তার থেকে বেশি লাইমলাইট আপনারাই দেন এরে।",
      "votes": "1",
      "replies": []
    }
  ],
  "id": 38
}