{
  "url": "https://www.reddit.com/r/bangladesh/comments/1pbbtvi/dhaka_to_ctg/",
  "hash": "5633e9e81cd4439c1e9d3f3f35491328",
  "scraped_at": "2025-12-08T19:36:57.528365",
  "title": "Dhaka to Ctg",
  "description": "ঢাকা থেকে চট্টগ্রামে সব থেকে কম খরচে যাওয়ার উপায় কি?",
  "votes": "1",
  "comments": [
    {
      "text": "সম্ভবত ট্রেন , মেইল ট্রেন চলে কিনা আমি জানিনা কারণ আমি ওদিকে যাই নি তবে চললে মেইল ট্রেন এ সবচেয়ে কম খরচ হবার কথা ।",
      "votes": "2",
      "replies": []
    },
    {
      "text": "walk",
      "votes": "1",
      "replies": [
        {
          "text": "এইটাতে আরো বেশি খরচ , পানি লাগবে খাওন লাগবে হেঁটে যেতে অন্তত তিনদিন তো লাগবেই তাহলে দুই রাতের হোটেল খরচ 😁",
          "votes": "2",
          "replies": []
        }
      ]
    }
  ],
  "id": 39
}