{
  "url": "https://www.reddit.com/r/bangladesh/comments/1pgrmrc/best_bangladeshi_newspaper_for_politics_business/",
  "hash": "9c82a5c49793df0f3d0b9b298dde015c",
  "scraped_at": "2025-12-08T19:26:09.030483",
  "title": "Best Bangladeshi Newspaper for Politics & Business?",
  "description": "Hey everyone, I’m trying to pick a reliable Bangladeshi newspaper that offers strong coverage of politics, the economy, and business news. There are so many options, so I’d love to hear your recommendations. Which newspaper do you think is the most trustworthy and informative in these areas?\nThanks in advance!",
  "votes": "5",
  "comments": [
    {
      "text": "It's difficult to suggest a single source. Usually newspapers which has a print version and a large subscription has better reporting quality.\nShameless plug, but I built a news aggregator to see the news from different sources.\nhttps://bangladesh-news.pages.dev/",
      "votes": "3",
      "replies": []
    },
    {
      "text": "Hey everyone, I’m trying to pick a reliable Bangladeshi newspaper that offers strong coverage of politics, the economy, and business news\nNone.",
      "votes": "2",
      "replies": []
    },
    {
      "text": "i think i like banik barta",
      "votes": "1",
      "replies": []
    }
  ],
  "id": 4
}