{
  "url": "https://www.reddit.com/r/bangladesh/comments/1pbbdtw/christianity_in_bangladesh/",
  "hash": "fb6c632a74660b7e04b76f7c5dd8d0b7",
  "scraped_at": "2025-12-08T19:37:14.619439",
  "title": "Christianity in Bangladesh",
  "description": "so, a few weeks ago, i was in Bangladesh. CTG to be specific. i met lots of Muslim people. Some Hindu people, and even some people from Buddhism. but not a single Christian. i didn't even see a single church, either. so, where are they? do they even exist in BD? i have a lot of friends from BD, and most of them are Muslim. i also have Christian friends from Canada, but not a single one from bd. I've never met a Christian from bd either😑. i wanna know about their culture in bd. i wanna know how they celebrate Christmas or Halloween. so, anyone wanna answer my question here?btw, im a non believer 👀",
  "votes": "23",
  "comments": [
    {
      "text": "They do exist but are an extremely small minority. It is to the point that you have to search for them to find them otherwise you never will. Most of them live in Dhaka. I live near a Christian school in bashundhara (Dhaka) and just the other day found out there is a church besides IUB sports ground. Both are very concealed in nature. Also festivals like Halloween aren't really Christian in nature but small activities do happen (in elite and privileged circles only). Christmas decor stuff happens in churches but that's about it.",
      "votes": "22",
      "replies": []
    },
    {
      "text": "You don't notice Christian's because most of us has Bengali name, looks exactly like everyone, dress exactly like everyone. Lot's of people who are not catholic even have normal Bangladeshi surnames like Majumdar, Das, Mondol blah blah blah.\nHalloween isn't celebrated, maybe some people who live in Dhaka do that, but that's definitely not a religious festival.\nUnlike most I have a westernized Middle Eastern name, lot's of people still assume I'm Muslim.\n(Even though I refereed Christians as `us`, I myself is not believer for a long time.)",
      "votes": "20",
      "replies": [
        {
          "text": "ironically enough, i am a catholic bengali with a last name D’Rozario. My family says it’s from the portugese colonizing a small village of us i believe. My whole family has portugese sounding last names -Gomes,Dias,D’Costa. Really rare in the grand scheme of BD, But our little community runs deep. The church in my village is from the 1800s and still has the same architecture. I was raised in the U.S so growing up i thought it was fairly normal. But nowadays everytime i tell someone I’m bengali catholic they get super shocked lol.",
          "votes": "2",
          "replies": []
        }
      ]
    },
    {
      "text": "They mostly live near farmgate, kaligonj, nawabgonj in bulk.",
      "votes": "10",
      "replies": []
    },
    {
      "text": "The part of Chittagong my grew up in has a huge church. I met a few Christian Bengalis here in America but not there.",
      "votes": "9",
      "replies": []
    },
    {
      "text": "well you seem to have met one here! i'm a catholic christian from chittagong. yes i am 100% bengali and so are my ancestors. my grandpa is a convert from hinduism (he was not forced to convert). i have a quite unique name and ive been quite questioned if im from here or not and about my ethnicity. also, us christians are not being persecuted in bangladesh its just misled by foreign media. roman catholicism is the most influential denomination of christianity here (as a roman catholic). there is also an equal proportion of protestants here aswell. the most popular subdenomination of protestant is baptists and methodists. the areas with densely populated christians in chittagong are patharghata, firingi bazaar, alkaran, chandgaon, north kattali. there are 4 major catholic churches in chittagong: (archdiocese of chittagong) the cathedral of our lady of holy rosary in patharghata, st marys church in jamal khan, pahartali church, and st teresa the little flower church in chandgaon. in dhaka theyre found in tejgaon and its adjacent areas and muhammadpur. there are christians everywhere in bangladesh but its hard to find.",
      "votes": "9",
      "replies": []
    },
    {
      "text": "I have so many Christian friends. There's way more Christians in BD than you think. The reason why you probably don't know what they are Christian is because they have Bengali names, a lot of Christians in BD don't really have western names, some do.",
      "votes": "7",
      "replies": []
    },
    {
      "text": "𝙲𝚝𝚐 𝚙𝚊𝚝𝚑𝚘𝚛𝚐𝚑𝚊𝚝𝚊 𝚊𝚗𝚍 𝚌𝚑𝚊𝚠𝚔𝚋𝚊𝚣𝚊 𝚑𝚊𝚟𝚎 𝚊 𝚌𝚑𝚞𝚛𝚌𝚑",
      "votes": "3",
      "replies": []
    },
    {
      "text": "A lot of christians moved to the west cause they have a easier visa pathway or something. The rest live near farmgate and nakhalpara etc.",
      "votes": "4",
      "replies": [
        {
          "text": "If it's true then I'm on my way to become christians but unfortunately their visa pathway isn't easier than us.",
          "votes": "6",
          "replies": []
        },
        {
          "text": "Fam you are wrong as hell.",
          "votes": "3",
          "replies": []
        }
      ]
    },
    {
      "text": "They’re mostly in Dhaka and they do celebrate Christmas. I knew quite a few growing up and they’re still there. A lot of them go to missionary schools like Saint Francis Xavier’s Greenherald. Also Halloween is in no way a Christian celebration lol",
      "votes": "2",
      "replies": []
    },
    {
      "text": "I had some classmates from school who were Christian. My brother's best friend also is a Christian. And one of my ex colleagues was Christian too. So, they are not that much rare in Dhaka.",
      "votes": "2",
      "replies": []
    },
    {
      "text": "There are christians but very small in terms of number. Few tribal communities and few in Dhaka. If you want to meet them look for churches near your area and usually you'll find the community over there.",
      "votes": "2",
      "replies": []
    },
    {
      "text": "I live in the US. True practicing Christians don't celebrate Halloween. Halloween is known pagan holiday and basically something only Americans celebrate. If other countries celebrate it, they just adopted American customs.\nAs far as Christians in Bangladesh, the percentage is very low and they tend to be concentrated in urban areas. You can just search Google maps for a church and you would see that they exist.",
      "votes": "3",
      "replies": []
    },
    {
      "text": "I had my higher secondary education from a Christian missionary college of Dhaka city. You can find a lot of christian communities in old Dhaka and areas adjacent to Dhaka city.",
      "votes": "2",
      "replies": []
    },
    {
      "text": "I can count on one hand the number of Bangladeshi Christians I’ve met. All of them were tribal",
      "votes": "0",
      "replies": []
    },
    {
      "text": "I have never visited a country and for once thought- oh I need to meet one person from each religion. Are you ok? There's plenty of churches, most of them with long prestigious history. Google it.",
      "votes": "0",
      "replies": []
    },
    {
      "text": "Yes they are there. In fact in CHT areas most of the tribal people were converted to Christianity by the missionaries in last few decades",
      "votes": "1",
      "replies": []
    },
    {
      "text": "Okay christians do exist in Bangladesh... In Mirpur 10 area and also in savar...and also in other areas....and yes there are churches in Bangladesh... U can visit the armenian church in dhaka....again its not like that's all there is.... Its only the ones that i personally know of.... I worked as a special education teacher in a christian missionary school specialising for blind students....\nAnd Christmas yes it is celebrated well...but it doesnt have the sheer cultural and social vibrance like in the west....in the west Christmas is huge....the economics surrounding it....the snowfall...the santa and his reindeers.....the gifts....specially the gifts.... Im used to seeing videos of kids getting their favourite toy for gift in christmas in the west....that doesnt quite happen here....\nIts more about being happy that jesus christ was born... Praying to him for whatever people want love and care about....\nAs far as halloween goes...that is more like a cosplay event... Only done by rich kids mostly.....neither Muslims nor christians see it as something to be celebrated.....the overall fabric of our society is still quite conservative....\nGood thing u didnt ask about hey why u dont guys have thanksgiving?.... Are yall ungrateful?.... Do u pardon the turkey or not?? Lol\nEdit: **Also just remembered there are a lot of tribal people in Chittagong who are christians...",
      "votes": "1",
      "replies": []
    },
    {
      "text": "No idea about Halloween, but they celebrate Christmas with due diligence. I had both Catholic and Protestant classmates (the later one is actually a very good friend). But the traditional dishes of Christmas have been replaced with South Asian festive dishes.",
      "votes": "1",
      "replies": []
    },
    {
      "text": "May be where you had visited that place have less Cristin. Church are not much available but they are available in big city or zila city. It's just a coincidence you couldn't meet anyone.",
      "votes": "1",
      "replies": []
    },
    {
      "text": "Most of them follow Muslim,Hindu(especially) and christian culture equally. Like I had a christian uncle, he used to come to our house in Eid and other festivals. In his wedding I noticed they followed the same tradition as Hindus e.g Sidur deyar, mala porano and other stuffs. That's it",
      "votes": "1",
      "replies": []
    },
    {
      "text": "I am a doctor. I practice in kaligonj, Gazipur. Here u can see a big Christian community. & there are Hindu Muslim communities as well. I really like this religious diversity of this area. People are great & living peacefully together.",
      "votes": "1",
      "replies": []
    },
    {
      "text": "My friend studied in one of the best Catholic colleges in the country he said that most of the teachers were of Hindu names but they were actually Catholic.",
      "votes": "1",
      "replies": []
    },
    {
      "text": "Had christian friends in school. Nothing special they just dont celebrate muslim holidays",
      "votes": "2",
      "replies": []
    },
    {
      "text": "In ctg...there are two famous church at Zamalkhan.",
      "votes": "1",
      "replies": []
    },
    {
      "text": "There are lots of christians and churches in both in Mohammadpur and farmgate. You have to find them. I know a couple of christians , and one of them was very close to our family and they moved to another place. Whenver they came to our loaclity, they paid a visit to us.",
      "votes": "1",
      "replies": []
    },
    {
      "text": "I went to North Bengal a few days back and saw so many Churches and Christian People",
      "votes": "1",
      "replies": []
    },
    {
      "text": "",
      "votes": "1",
      "replies": []
    },
    {
      "text": "",
      "votes": "1",
      "replies": []
    },
    {
      "text": "I am from narayanganj and I used to go to get seats for my Birds there was a Baptist Church beside the bird shop father from there he is a good guy",
      "votes": "1",
      "replies": []
    }
  ],
  "id": 40
}