{
  "url": "https://www.reddit.com/r/bangladesh/comments/1pb14md/%E0%A6%A6%E0%A6%B0%E0%A6%B6%E0%A6%A8_%E0%A6%8F%E0%A6%AC_%E0%A6%9C%E0%A6%AC%E0%A6%A8_%E0%A6%A8%E0%A6%AF_%E0%A6%86%E0%A6%B2%E0%A6%9A%E0%A6%A8_%E0%A6%95%E0%A6%B0_%E0%A6%8F%E0%A6%AE%E0%A6%A8_%E0%A6%95%E0%A6%A8_%E0%A6%95%E0%A6%AE%E0%A6%89%E0%A6%A8%E0%A6%9F_%E0%A6%95%E0%A6%89_%E0%A6%B8%E0%A6%9C%E0%A6%B8%E0%A6%9F_%E0%A6%95%E0%A6%B0%E0%A6%AC%E0%A6%A8/",
  "hash": "027ba36b70947608c826657ae0009348",
  "scraped_at": "2025-12-08T19:37:38.434300",
  "title": "দর্শন এবং জীবন নিয়ে আলোচনা করে এমন কোন কমিউনিটি কেউ সাজেস্ট করবেন ?",
  "description": "আমি ফেসবুক কে বিদায় জানিয়েছি কারণ ওখানে আলোচনা তর্ক করার কোন পরিবেশ ছিল না , আমি কোন ভালো কমিউনিটি খুঁজে পাই নি যেখানে আমার জ্ঞান ক্ষুদা নিবৃত্তি হবে । সব ছেড়ে ছুঁড়ে এখানে এসে খানিকটা স্বস্তি পেয়েছি তবে এখানে দর্শন বিষয়ক সাবরেডিট গুলো বেশিরভাগই ইংরেজি ,বাংলায় আলোচনা হয় তর্ক হয় এমন কোন কমিউনিটি এখানে অথবা ডিস্কর্ডে কিংবা whatsapp এ কেউ সাজেস্ট করতে পারবেন ? ( এই কমিউনিটি তেও আমি আলোচনা এনজয় করি কিন্তু মাঝে মাঝে প্রচুর রাজনৈতিক পোস্ট বিষন্ন করে দেয় )",
  "votes": "10",
  "comments": [
    {
      "text": "Why shouldn’t we create something like this? কি বলেন সবাই? দর্শন আমার অত্যধিক পছন্দ। even i’m graduated in philosophy and politics from LSE. If everyone agree then we can open a group here.",
      "votes": "8",
      "replies": [
        {
          "text": "চলেন শুরু করি",
          "votes": "2",
          "replies": [
            {
              "text": "Sure? Should we open a subreddit? Dekhi r kichu vote pore ki nah",
              "votes": "1",
              "replies": []
            }
          ]
        },
        {
          "text": "আমি আছি🖐️",
          "votes": "1",
          "replies": []
        },
        {
          "text": "I'm in",
          "votes": "1",
          "replies": [
            {
              "text": "🖐️",
              "votes": "1",
              "replies": []
            }
          ]
        },
        {
          "text": "Im really interested Im in",
          "votes": "1",
          "replies": []
        }
      ]
    },
    {
      "text": "Alex O'Connor এর ভিডিও দেখতে পারেন, আমার কাছে thought provoking মনে হয়েছে।\nhttps://www.youtube.com/@CosmicSkeptic",
      "votes": "4",
      "replies": []
    },
    {
      "text": "fb group দর্শনের স্কুল",
      "votes": "2",
      "replies": [
        {
          "text": "ব্রো আমি ফেসবুক ডিলিট করে দিয়েছি ডিএক্টিভ নয় এবং এই ইহ জীবনে আর ফেসবুকে ফিরে যাবার ইচ্ছে নেই। সুতরাং ফেসবুকের গ্রুপ অ্যাক্সেস করার সক্ষমতা আমার আপাতত নেই মানসিক অবস্থাও নেই কারণ এই ফেসবুক আমার জীবন থেকে প্রচুর সময় নিয়েছে অথচ দিয়েছে খুবই অল্প।",
          "votes": "10",
          "replies": [
            {
              "text": "my fb gone for 2.5 year & thn my true self developed .",
              "votes": "3",
              "replies": []
            }
          ]
        },
        {
          "text": "eikhane ekhon dorshoner theke gala gali hoy beshi.",
          "votes": "2",
          "replies": []
        },
        {
          "text": "অনির্বাণ আরিফ বিদেশে চলে যাবার পর এই গ্রুপটা মরে গেছে।",
          "votes": "1",
          "replies": [
            {
              "text": "i kno him , he is also madrasa student but not so profound .",
              "votes": "1",
              "replies": []
            }
          ]
        }
      ]
    },
    {
      "text": "Good philosophical discussions are always in English. You can check these subreddits\nr/philosophy r/changemyview",
      "votes": "1",
      "replies": [
        {
          "text": "ধন্যবাদ , জয়েন করেছি । একটাতে তো আগে থেকেই আছি দ্বিতীয় টাই জয়েন করলাম",
          "votes": "1",
          "replies": []
        }
      ]
    },
    {
      "text": "Let’s open one together!",
      "votes": "1",
      "replies": [
        {
          "text": "We can open one for BD. We can write in both languages. Any discussion with good language should be open but abusive language will be prohibited.",
          "votes": "3",
          "replies": [
            {
              "text": "চলেন শুরু করি ..",
              "votes": "2",
              "replies": []
            }
          ]
        }
      ]
    },
    {
      "text": "ইংরেজি অথবা অন্য কোন ভাষা তো জানি না ,একমাত্র ভাষা জানি বাংলা ,ইংরেজি বুঝতে পারি খানিকটা কিন্তু বলতে গেলে দাঁত ভেঙে যায় লিখতে গেলে কলম ভাঙ্গে । ফিলোসফি নিয়ে ইংরেজি সাব রেডিটে আমি বহুদিন থেকে আছি কিন্তু সেখানে আলোচনা বুঝতে পারলেও অনেক ক্ষেত্রেই অংশ নিতে পারি না",
      "votes": "1",
      "replies": [
        {
          "text": "ইংরেজি অথবা অন্য কোন ভাষা তো জানি না ,একমাত্র ভাষা জানি বাংলা ,ইংরেজি বুঝতে পারি খানিকটা কিন্তু বলতে গেলে দাঁত ভেঙে যায় লিখতে গেলে কলম ভাঙ্গে । ফিলোসফি নিয়ে ইংরেজি সাব রেডিটে আমি বহুদিন থেকে আছি কিন্তু সেখানে আলোচনা বুঝতে পারলেও অনেক ক্ষেত্রেই অংশ নিতে পারি না",
          "votes": "1",
          "replies": [
            {
              "text": null,
              "votes": "1",
              "replies": []
            }
          ]
        }
      ]
    },
    {
      "text": "Comment the subreddit if some of you guys open.",
      "votes": "1",
      "replies": []
    }
  ],
  "id": 41
}