{
  "url": "https://www.reddit.com/r/bangladesh/comments/1paia6z/who_is_this_guy/",
  "hash": "35b6adf4f0dc2f7537f10ac699930b90",
  "scraped_at": "2025-12-08T19:38:18.784069",
  "title": "Who is this guy",
  "description": "Pic from a magazine from 2011-2012. I have no idea who took the pic but could y’all help me find who it is?",
  "votes": "3",
  "comments": [
    {
      "text": "",
      "votes": "1",
      "replies": []
    },
    {
      "text": "That's Arthur Director.",
      "votes": "2",
      "replies": []
    }
  ],
  "id": 43
}