{
  "url": "https://www.reddit.com/r/bangladesh/comments/1pag93c/i_need_a_small_vacation/",
  "hash": "b90c7573bcb2589e71731cf42a686f5f",
  "scraped_at": "2025-12-08T19:39:09.203959",
  "title": "I need a small vacation",
  "description": "I took a long time off of office and in the blink of any eye, some of it is gone.\nI need a lil bit of a refresher and want to go somewhere for maybe 2-3 Days.\nAny suggestions folks?\nI'd love to go somewhere that's serene and chill out. Don't say Cox Bazar as I don't want that bus commute and train tickets are not available atm.\nI have heard good stuff about Sreemangal but the roads are apparently ass.\nAnyhoo, for me it'd be a solo trip I guess. Budget would be around 10k or more if needed.\nAny and all suggestions are appreciated.\nThank you!",
  "votes": "2",
  "comments": [
    {
      "text": "Went to rajshahi couple of days back! It was really nice tbh! Roamed around rajshahi university, rajshahi college, tbad, puthia rajbari and missed the varendra musuem since it was closed.\nI did take a flight and stayed at a ngo training center! However train tix are 800. Puthia rajbari is a little far and not sure abt the transport fix (we drove)",
      "votes": "2",
      "replies": [
        {
          "text": "Did you go alone? Was it for a task or just to roam around?\nI have been to Rajshahi back in 2016 and it was a wonderful experience. Beautiful town. But idk what I'd do for 2 days just sitting at the town.",
          "votes": "1",
          "replies": [
            {
              "text": "Actually my husband and I went for a trip! We spent one! night! Stayed at poba! Day 1 we walked around poba and puthia bari! Day 2 explored the city and took the last flight to dhaka",
              "votes": "1",
              "replies": []
            }
          ]
        }
      ]
    }
  ],
  "id": 45
}