{
  "url": "https://www.reddit.com/r/bangladesh/comments/1p9yr24/can_i_take_nicotine_pouches_through_airport/",
  "hash": "cb4faf2205020671641bdd649dbb4312",
  "scraped_at": "2025-12-08T19:40:04.341953",
  "title": "Can I take nicotine pouches through airport security",
  "description": "I’m taking a small amount ( 2 packs for personal use) is this allowed?",
  "votes": "3",
  "comments": [
    {
      "text": "Where do you buy them from ?",
      "votes": "1",
      "replies": [
        {
          "text": "UK",
          "votes": "1",
          "replies": []
        }
      ]
    },
    {
      "text": "Nicotine pouches are okay to carry. I brought from India & passed airport security easily. No worries.",
      "votes": "1",
      "replies": []
    }
  ],
  "id": 48
}