{
  "url": "https://www.reddit.com/r/bangladesh/comments/1p9t9wk/is_the_movie_poran_2022_available_anywhere_online/",
  "hash": "0d9d229e1e6efea49b8eeb8819e3e161",
  "scraped_at": "2025-12-08T19:41:06.040175",
  "title": "Is the movie Poran (2022) available anywhere online or OTT?",
  "description": "I haven't watched it since I live in abroad and I have been trying to watch this movie for a long time. Help 😭",
  "votes": "3",
  "comments": [
    {
      "text": "Your post has been automatically put into the moderation queue for review, due to not meeting one (or more) of the subreddit rules. You can message the moderators and share the link to your post (mandatory) if you do not receive a response within a day or two.\nRule(s): Your account should have at least 5 karma points in order to submit a post.\nI am a bot, and this action was performed automatically. Please contact the moderators of this subreddit if you have any questions or concerns.",
      "votes": "1",
      "replies": []
    }
  ],
  "id": 51
}