{
  "url": "https://www.reddit.com/r/bangladesh/comments/1p93z7u/how_to_deal_nights_at_the_hospital/",
  "hash": "f862dee6af04c9039d538fe0ec44b0cb",
  "scraped_at": "2025-12-08T19:42:19.840110",
  "title": "how to deal nights at the hospital",
  "description": "Hey ya'll so i've staying at a hospital as an attendee.. Most of the time there is nothing to do. Apart from being concern and overthinking how else i can spend my time? Sleep ain't happening. Don't tell that.",
  "votes": "3",
  "comments": [
    {
      "text": "If you are adventurous and your patient does not need full time attention move around the building, visit each floor. Lots of stories unfold before your eyes. Bonus if it is any govt hospitals because they got people from all walks of life.",
      "votes": "2",
      "replies": [
        {
          "text": "Try to get your 10000 daily steps!",
          "votes": "1",
          "replies": []
        }
      ]
    },
    {
      "text": "I had to spend 8 full days in hospital this year as an attendee. I walked on the roads, spent time in the ground floor lounge, smoked outside, ate food in canteens or in Tasty Treat, read books and newspapers. (Can't roam in all floors as it's a private hospital)\nThere's not much else to do tbh but it really gave me time for inner reflection as I was in a very bad situation personally. I hope you get lpast this.",
      "votes": "2",
      "replies": []
    },
    {
      "text": "",
      "votes": "-6",
      "replies": [
        {
          "text": "Sorry i don't think it works like that.",
          "votes": "1",
          "replies": [
            {
              "text": "What I mean is to chat with the nurse. Because they are also very bored working night shifts.",
              "votes": "1",
              "replies": []
            }
          ]
        }
      ]
    }
  ],
  "id": 55
}