{
  "url": "https://www.reddit.com/r/bangladesh/comments/1p8xbc2/where_can_i_fix_wrinkled_leather_jackets_in/",
  "hash": "1a99c1d495f7ad4d0309bdb6330d382e",
  "scraped_at": "2025-12-08T19:42:40.534497",
  "title": "Where can i fix wrinkled leather jackets in chittagong? Need recommendations.",
  "description": "I have several thrifted leather jackets that are wrinkled and need to be properly fixed. I’m looking for a place in Chittagong that can handle leather jackets safely and make them look clean and presentable again.\nIf you know any spot in ctg that provides this service at a reasonable price, please share the location and approximate cost per piece.\nLooking for real recommendations from people who’ve done it before. Thanks.",
  "votes": "1",
  "comments": [
    {
      "text": "r/Leather e jigan ora bhalo bolte parbe",
      "votes": "1",
      "replies": []
    },
    {
      "text": "You can try to use a steamer and then apply coconut oil! Looking at the wrinkles nights take few turns! Mine was this wrinkled but steamer and coconut oil did the job!",
      "votes": "1",
      "replies": []
    }
  ],
  "id": 56
}