{
  "url": "https://www.reddit.com/r/bangladesh/comments/1p8ww3a/how_to_start_a_buisness_in_bangladesh_whilst/",
  "hash": "c8b7f89f2b4db846b285b99b914e8201",
  "scraped_at": "2025-12-08T19:42:56.258048",
  "title": "How to start a buisness in Bangladesh whilst working a job?",
  "description": "Been wondering for a while.",
  "votes": "2",
  "comments": [
    {
      "text": "Depends on the type of business. A restaurant business and a consultancy are two completely different things.",
      "votes": "1",
      "replies": []
    }
  ],
  "id": 57
}