{
  "url": "https://www.reddit.com/r/bangladesh/comments/1p8stnu/%E0%A6%86%E0%A6%AC%E0%A6%B2_%E0%A6%B8%E0%A6%B0%E0%A6%95%E0%A6%B0_%E0%A6%95%E0%A6%A8_%E0%A6%87%E0%A6%B8%E0%A6%B2%E0%A6%AE_%E0%A6%AC%E0%A6%B0%E0%A6%A7_%E0%A6%95%E0%A6%A5_%E0%A6%AC%E0%A6%B2_%E0%A6%A8%E0%A6%87/",
  "hash": "8e69c339d0fe45382242728c6a22a51e",
  "scraped_at": "2025-12-08T19:43:10.904154",
  "title": "আবুল সরকার কোনো ইসলাম বিরোধী কথা বলে নাই।",
  "description": "আবুল সরকার কোনো ইসলাম বিরোধী কথা বলে নাই। বরং সে ইসলামের গভীর তত্ত্ব কে মানিকগঞ্জের আঞ্চলিক ভাষায় বলেছে।\nইসলাম সমন্ধে যাদের লেখাপড়া নেই তাদের ব্রেইনওয়াশ চলছে। অন্যদিকে একটা গ্রূপ বাংলাদেশী ইসলাম কে একক ভাবে দখল করতে চাচ্ছে , অনেকটা ভারতীয় ব্রাম্মনবাদ এর মত। কেউ যদি ইব্ন আরবি , ইমাম গাজ্জালী এর লেখা পরে , তাহলে তারা বুঝতে পারবে আবুল সরকার কত তা ধার্মিক ও আধ্যাতিক। অথচ আমাদের তরুণদের পড়ানো হচ্ছে ইব্ন তাইমিয়া ,যে - এক্সট্রিমিস্ট তাইমিয়া সারা মুসলিম বিশ্বে নিষিদ্ধ\nসবাই কে ইব্ন আরবি ও তার ওয়াহেদ আল ওজুদ ফিলোসফি পড়াশোনার আহ্বাবান আর সারা বিশ্বের বাকি মুসলিম বিশ্ব কি করছে - কি ভাবছে সেই বিষয়ে পড়াশোনার ও গবেষণার আহ্বান জানাচ্ছি , এভাবেই এক্সট্রিমিসম হ্যান্ডেল করা যাবে ! শিক্ষা ছাড়া গতি নাই",
  "votes": "11",
  "comments": [
    {
      "text": "তারা একক ভাবে ইসলামের দখল নিতে চাচ্ছে -সেটার প্রমান এই বক্তব্য ও সাম্প্রতিক কর্মকান্ড। তারা বলতে চাচ্ছে তারা ''আলেম ' এবং ইসলাম বেখ্যার একক দায়িত্ব তাদের। অথচ আলেম আরবি শব্দ ' যার ইংরেজি scientist এবং বাংলা দাঁড়ায় বিজ্ঞানী। আজ থেকে ১০০ বছর আগেও সারাদেশে অক্ষরজ্ঞান সমৃদ্ধ মানুষ ছিল হাতে গোনা। পুরা একটা গ্রাম খুঁজলে ১ জন মানুষ পাওয়া যেত না যে পড়তে জানে লিখতে জানে। সেই জুগে হাদিস কুরআন যারা পড়ে সাধারণ মানুষ কে বুঝিয়ে দিত তাদের আলেম বলতো। সেই আলেম ছিল একটা ADJECTIVE , কিন্তু এখন এটাকে বাংলাদেশী ধর্ম ব্যবসায়ী মোল্লারা বানিয়ে ফেলেছে NOUN !! ধর্মের ব্যবসা খুব জমেছে। সবাই কে নিজে QURAN এর অনুবাদ পড়ার আহ্বান জানাচ্ছি",
      "votes": "1",
      "replies": []
    },
    {
      "text": "Wahdat-al-wujood* The non-duality of being. https://youtu.be/F_MIw4KG7Qk?si=rOSxx45phNK-mOme",
      "votes": "1",
      "replies": []
    },
    {
      "text": "হাতি ঘোড়া গেল তল, পিঁপড়া বলে কত আর জল। বয়স কম কিন্তু আবেগ বেশি। মহান আল্লাহ তায়ালা কে নিয়ে কি বলছে !! শুনি !! দুনিয়ার সবাই রে কি ব্রেইনওয়াশ HT মেম্বার মনে হয় !!! দেখি কত দিন টিকতে পারো ধর্ম ব্যবসা নিয়ে। দেখি আল্লাহ কাকে জেতায়",
      "votes": "1",
      "replies": [
        {
          "text": "হাতি ঘোড়া গেল তল, পিঁপড়া বলে কত আর জল। বয়স কম কিন্তু আবেগ বেশি। মহান আল্লাহ তায়ালা কে নিয়ে কি বলছে !! শুনি !! দুনিয়ার সবাই রে কি ব্রেইনওয়াশ HT মেম্বার মনে হয় !!! দেখি কত দিন টিকতে পারো ধর্ম ব্যবসা নিয়ে। দেখি আল্লাহ কাকে জেতায়",
          "votes": "1",
          "replies": []
        }
      ]
    },
    {
      "text": "HT member , finally",
      "votes": "1",
      "replies": [
        {
          "text": "HT member , finally",
          "votes": "1",
          "replies": [
            {
              "text": "Glad, you made a such a big discovery. Apply for Noble.",
              "votes": "1",
              "replies": []
            }
          ]
        }
      ]
    },
    {
      "text": "যে গানের কারণে আবুল সরকার জেলে ! https://www.youtube.com/watch?v=D_Lp7WnpJlk",
      "votes": "1",
      "replies": []
    },
    {
      "text": "how taliban born ,! who created them ! Brainwash HT members don't kno yet",
      "votes": "1",
      "replies": []
    },
    {
      "text": "",
      "votes": "1",
      "replies": []
    }
  ],
  "id": 58
}