{
  "url": "https://www.reddit.com/r/bangladesh/comments/1p8mn62/which_subjects_will_likely_be_in_demand_in/",
  "hash": "1ca4afe6d0348887e38cc84a4557ef9e",
  "scraped_at": "2025-12-08T19:44:01.889365",
  "title": "Which subjects will likely be in demand in Bangladesh and abroad in the near future?",
  "description": "I need guidance for my younger brother’s education. He has a science background but isn’t interested in engineering or pharmacy. We’re considering BBA, Law, English, Journalism, or specialized areas like Biomedical technologist or Medical Technology, or Physiotherapy. Could you suggest suitable fields based on current and future job trends?",
  "votes": "4",
  "comments": [
    {
      "text": "Dont even think about CSE",
      "votes": "1",
      "replies": []
    },
    {
      "text": "Well what is he interested in? Any of the subjects you mentioned will bring in a 'good' job depending on how passionate a person is in their field. Tell him to do a bit of research on these things on his own",
      "votes": "1",
      "replies": []
    }
  ],
  "id": 61
}