{
  "url": "https://www.reddit.com/r/bangladesh/comments/1p878cj/suggest_silent_mechanical_keyboard/",
  "hash": "e0e64dfea736f94997953aee89eaccff",
  "scraped_at": "2025-12-08T19:44:36.706485",
  "title": "Suggest Silent Mechanical Keyboard",
  "description": "I wanna buy a SILENT mechanical keyboard (75%). Main use-cases are coding and gaming. Budget is max 2.5k/3k. Any suggestions ?",
  "votes": "3",
  "comments": [
    {
      "text": "Your post has been automatically put into the moderation queue for review, due to not meeting one (or more) of the subreddit rules. You can message the moderators and share the link to your post (mandatory) if you do not receive a response within a day or two.\nRule(s): Your account should have at least 5 karma points in order to submit a post.\nI am a bot, and this action was performed automatically. Please contact the moderators of this subreddit if you have any questions or concerns.",
      "votes": "1",
      "replies": []
    },
    {
      "text": "Prolly not the mechanical keyboard yr dreaming on about…Logitech K380s Pebble Keys (maybe get the keyboard and mouse combo)",
      "votes": "1",
      "replies": []
    }
  ],
  "id": 63
}