{
  "url": "https://www.reddit.com/r/bangladesh/comments/1p7yibz/%E0%A6%B8%E0%A6%88%E0%A6%A6%E0%A6%95_%E0%A6%9A%E0%A6%A6_%E0%A6%A6%E0%A6%96_%E0%A6%AF%E0%A6%93%E0%A7%9F_%E0%A6%8F%E0%A6%AC_%E0%A6%B6%E0%A6%9C%E0%A6%B9%E0%A6%A8_%E0%A6%9A%E0%A6%A7%E0%A6%B0%E0%A6%B0_%E0%A6%B8%E0%A6%B0%E0%A6%AF_%E0%A6%A6%E0%A7%9C%E0%A7%9F_%E0%A6%A5%E0%A6%95_%E0%A6%AC%E0%A6%95%E0%A6%A4%E0%A6%AC%E0%A6%AF%E0%A6%97%E0%A6%B2_%E0%A6%95/",
  "hash": "b8cf3766e3e1f629e74886ef4c4c3578",
  "scraped_at": "2025-12-08T19:45:40.297531",
  "title": "সাঈদীকে চাঁদে দেখা যাওয়া এবং শাজাহান চৌধুরীর সূর্য দাড়িয়ে থাকা বক্তব্যগুলো কি ধর্ম অবমাননার মধ্যে পরে??",
  "description": "সুচিন্ত উত্তরের প্রত্যাশায়৷",
  "votes": "78",
  "comments": [
    {
      "text": "",
      "votes": "1",
      "replies": []
    },
    {
      "text": "মুখে দাড়ি আর মাথায় টুপি থাকলে আবার কিসের ধর্ম অবমাননা?",
      "votes": "20",
      "replies": [
        {
          "text": "Bitter truth!",
          "votes": "1",
          "replies": []
        }
      ]
    },
    {
      "text": "ধর্ম অবমাননার মধ্যে পরে না। কারণ উনারা ভুজুং ভাজুং যাই বলুক তাতে ধর্মান্ধদের অনুভূতিতে আঘাত লাগে না।",
      "votes": "26",
      "replies": [
        {
          "text": "ধর্মই সবচেয়ে সব রাজনীতি!",
          "votes": "1",
          "replies": []
        }
      ]
    },
    {
      "text": "মুসলমানরা ভণ্ডামি করলে সেটা জায়েজ 🐸",
      "votes": "16",
      "replies": [
        {
          "text": "মুসলমান হিন্দু বলতে কিছু নেই। সব ধর্মেই ধর্মকে নিয়ে খেলাধুলা করার মানুষ আছে।",
          "votes": "1",
          "replies": []
        }
      ]
    },
    {
      "text": "Do they even follow any religion? Their religion is corruption and their Gods are money and power. The shit they are doing in the name of Islam, they will be sent to hell first.",
      "votes": "8",
      "replies": [
        {
          "text": "লালসালু যুগে যুগে... !!",
          "votes": "1",
          "replies": []
        }
      ]
    },
    {
      "text": "HT members are now active here & they attacking ID",
      "votes": "3",
      "replies": [
        {
          "text": "HT means?",
          "votes": "1",
          "replies": [
            {
              "text": "Hezbut Tahrir",
              "votes": "1",
              "replies": []
            }
          ]
        }
      ]
    }
  ],
  "id": 66
}