{
  "url": "https://www.reddit.com/r/bangladesh/comments/1p7xtz9/where_to_learn_marma_language_like_duolingo_or/",
  "hash": "45b174a6ad433fc13df1ec9d71041fb1",
  "scraped_at": "2025-12-08T19:45:58.274020",
  "title": "Where to learn marma language like Duolingo? Or similar way",
  "description": "So i have made a friend at uni who speaks marma sometimes, and she is a native speaker. She speaks this, bengali and English all together.\nNow I wanted to learn it so that i can be a better communicator with her and be a good friend also\nAny site or resource or videos that you guys can suggest?",
  "votes": "4",
  "comments": [
    {
      "text": "Your post has been automatically put into the moderation queue for review, due to not meeting one (or more) of the subreddit rules. You can message the moderators and share the link to your post (mandatory) if you do not receive a response within a day or two.\nRule(s): Your account should have at least 5 karma points in order to submit a post.\nI am a bot, and this action was performed automatically. Please contact the moderators of this subreddit if you have any questions or concerns.",
      "votes": "1",
      "replies": []
    }
  ],
  "id": 67
}