{
  "url": "https://www.reddit.com/r/bangladesh/comments/1p7gahf/hi_redditors_im_conducting_a_survey_on_foreign/",
  "hash": "1fb1926d2cb1df531e0e68304dd86816",
  "scraped_at": "2025-12-08T19:46:14.813295",
  "title": "Hi redditors, I'm conducting a survey on foreign engagement on container handling in Ctg Port. You can just reply with 'Yes or No' and also can add the reasons or explanations to your answer. I will highlight these comments on my report. Thank you.",
  "description": null,
  "votes": "5",
  "comments": [
    {
      "text": "",
      "votes": "1",
      "replies": []
    },
    {
      "text": "Yes, obviously I support it! It should have been done even earlier.",
      "votes": "3",
      "replies": [
        {
          "text": "thanks for participation",
          "votes": "1",
          "replies": []
        }
      ]
    },
    {
      "text": "Yes I support. We need efficient operations in ports as the ports are economy’s bottleneck. The port productivity needs to be increased several folds.\nSome people don’t like it because:\n⁠They can not earn corruption money\n⁠Many operations will be automated and some people may lose jobs if they don’t lean the new technologies.\n⁠There is existing an inefficient overhead of people in the port who don’t add much value but still in the job. They can lose jobs.\nThey are putting their highest energy (Sorbo shokti) to undermine this deal.",
      "votes": "5",
      "replies": [
        {
          "text": "Thank you",
          "votes": "0",
          "replies": []
        }
      ]
    }
  ],
  "id": 68
}