{
  "url": "https://www.reddit.com/r/bangladesh/comments/1p7fra4/why_has_been_jamaat_so_strong_in_khulna_and/",
  "hash": "ab6f202e79f056409359971dbce61248",
  "scraped_at": "2025-12-08T19:46:33.416976",
  "title": "Why has been Jamaat so strong in Khulna and Sathkira constituencies in the past?",
  "description": "Can someone explain?",
  "votes": "2",
  "comments": [
    {
      "text": "Not necessarily Khulna, only Satkhira. Majority of Satkhira public specially those living in the border areas are originally from India. They were uprooted in 1947 & have deep grudge against India.",
      "votes": "7",
      "replies": [
        {
          "text": "Ok I see, but according to the data they did fairly well in Khulna as well",
          "votes": "1",
          "replies": [
            {
              "text": "I have lived in Khulna for 2 years. Khulna-1 & 2 is very much Awami League's seat. And as someone who is doing a phD on Economics, i have little faith on those 'Surveys' as data can be easily manufactured just like Sir Humphrey from Yes Minister has explained here - https://youtu.be/ahgjEjJkZks?si=i2IGN9af6-eEeRYM",
              "votes": "1",
              "replies": []
            }
          ]
        },
        {
          "text": "But this argument could be applied to any border region with some uprooted people, why especially that corner ?",
          "votes": "1",
          "replies": [
            {
              "text": "Prolly cuz it was easier to go there after crossing border",
              "votes": "1",
              "replies": []
            }
          ]
        }
      ]
    },
    {
      "text": "Khulnai sherokom strong chilona kokhonoi, Satkhira te yes but not in Khulna.",
      "votes": "4",
      "replies": [
        {
          "text": "Still jamaatis did better than fairly well even if they did not always get seats",
          "votes": "1",
          "replies": []
        }
      ]
    },
    {
      "text": "",
      "votes": "4",
      "replies": [
        {
          "text": "Why is it like that historically?\nGopalgonj has its reasons to be so, what happened in shatkhira?",
          "votes": "1",
          "replies": []
        }
      ]
    },
    {
      "text": "ওরা কুসংস্কারাচ্ছন্ন",
      "votes": "1",
      "replies": []
    }
  ],
  "id": 69
}