{
  "url": "https://www.reddit.com/r/bangladesh/comments/1p77631/where_can_i_get_similar_in_dhaka/",
  "hash": "e74b079294f12b00277537ec1d10b538",
  "scraped_at": "2025-12-08T19:46:50.962617",
  "title": "Where can i get similar in dhaka",
  "description": null,
  "votes": "2",
  "comments": [
    {
      "text": "ODC (opposite of Dhaka college) market Or New Market\nIt's actually super common everywhere.",
      "votes": "5",
      "replies": [
        {
          "text": "oidai to bhai, Dhakar kothay eita nai. Tenarir morer leather er dokaneo edi ache.",
          "votes": "2",
          "replies": []
        }
      ]
    },
    {
      "text": "Have a plan to visit himalayas?",
      "votes": "2",
      "replies": [
        {
          "text": "Visiting cold weather country and these store in chittagong and dont wanna take the 4hr trip since i live in dhaka ..",
          "votes": "1",
          "replies": []
        }
      ]
    },
    {
      "text": "Sara",
      "votes": "1",
      "replies": []
    }
  ],
  "id": 70
}