{
  "url": "https://www.reddit.com/r/bangladesh/comments/1p74g65/whats_one_small_change_you_think_could_improve/",
  "hash": "2f24f0ca461ff61064666d992960d466",
  "scraped_at": "2025-12-08T19:47:07.919858",
  "title": "What’s One Small Change You Think Could Improve Daily Life in Bangladesh?",
  "description": "If you want more options, I can give a few!",
  "votes": "3",
  "comments": [
    {
      "text": "Trash cans on sidewalks",
      "votes": "2",
      "replies": []
    },
    {
      "text": "Ok",
      "votes": "1",
      "replies": []
    },
    {
      "text": "Not being a snob.\nDoesnt matter if you are rich, poor, young, old. Everybody thinks they are better than someone.\nRich thinks, I am better because I have more money.\nPoor thinks, I am better because of my moral values\nYoung thinks, I am better than my previous generation.\nOld thinks, everybody is wrong besides me.",
      "votes": "1",
      "replies": []
    },
    {
      "text": "Bangladeshis don't really follow traffic regulations.I think if people (including traffic police) could maintain them,that would save a lot of time and reduce traffic jams and accidents.",
      "votes": "1",
      "replies": []
    },
    {
      "text": "3atrike based driving licence, after your 3rd strike you can't renew for 10 years",
      "votes": "1",
      "replies": []
    }
  ],
  "id": 71
}