{
  "url": "https://www.reddit.com/r/bangladesh/comments/1p6wz36/fdr/",
  "hash": "b3cbe658cf967d1a48c0b42272856092",
  "scraped_at": "2025-12-08T19:47:42.131160",
  "title": "FDR!",
  "description": "Recently karo ki 1 week er FDR diye visa/gs clear hoyeche Australiar? Amar source of fund strong as it is land sale. Karo hoye thakle janaben, thank you!",
  "votes": "5",
  "comments": [
    {
      "text": "Your post has been automatically put into the moderation queue for review, due to not meeting one (or more) of the subreddit rules. You can message the moderators and share the link to your post (mandatory) if you do not receive a response within a day or two.\nRule(s): Your account should have at least 5 karma points in order to submit a post.\nI am a bot, and this action was performed automatically. Please contact the moderators of this subreddit if you have any questions or concerns.",
      "votes": "1",
      "replies": []
    }
  ],
  "id": 73
}