{
  "url": "https://www.reddit.com/r/bangladesh/comments/1p6q07w/any_international_relationships_student_here/",
  "hash": "85b0f1884dc0d24abae865003fc69bd3",
  "scraped_at": "2025-12-08T19:47:58.136063",
  "title": "Any International Relationships student here?",
  "description": "Hsc 2026 batch here and recently I have been wondering about lot about what subject to apply for in uni. After a careful consideration of my likings and circumstances, I have decided upon Geography&Enviorment, Public Administration and International Relationships. Though the other subjects sounds good themselves i have a bigger interest in IR. Any IR students here who can tell me more about the subject?? What expect n stuff? Maybe simply your experience as an IR student??",
  "votes": "90635",
  "comments": [],
  "id": 74
}