{
  "url": "https://www.reddit.com/r/bangladesh/comments/1p63apq/bal_page_managed_from_india/",
  "hash": "aafec432304d3b6a6d607f9f1c0c92e5",
  "scraped_at": "2025-12-08T19:48:14.123791",
  "title": "BAL Page managed from India",
  "description": "What’s your opinion on it?",
  "votes": "28",
  "comments": [
    {
      "text": "",
      "votes": "1",
      "replies": []
    },
    {
      "text": "আওয়ামী লীগের টপ নেতারা সব তো ইন্ডিয়ায়। ওখান থেকে চালাচ্ছে।",
      "votes": "11",
      "replies": []
    },
    {
      "text": "Source: https://www.facebook.com/share/17q5Aeex8B/?mibextid=wwXIfr",
      "votes": "5",
      "replies": []
    },
    {
      "text": "আর দুইটা দল তো পুরাই পাকিস্তান থেকে চলে। যার মধ্যে একটার আবার সদর দপ্তর হচ্ছে পাকস্তানের লাহোরে।",
      "votes": "-1",
      "replies": []
    },
    {
      "text": "breaking news shit found in butt",
      "votes": "0",
      "replies": []
    },
    {
      "text": "ojana kisu nai. zia er mittu r dhire dhire dead ekt dol BAl re raw e uthaise onek rokto jhorai. nahole mowlana bashani, M A G Osamnir moto bektider dol kintu Bangladesh e tike nai.",
      "votes": "-2",
      "replies": []
    },
    {
      "text": "There is security issues operwting it from here.",
      "votes": "1",
      "replies": []
    },
    {
      "text": "It could be due to network settings and not location. Bangladesh don’t usually use dedicated ip and oftentimes various services get my location in india.",
      "votes": "1",
      "replies": []
    }
  ],
  "id": 75
}