{
  "url": "https://www.reddit.com/r/bangladesh/comments/1p5de82/how_has_life_in_your_city_or_village_changed_over/",
  "hash": "22bdd806cf14962fe4cf0f52414cdfca",
  "scraped_at": "2025-12-08T19:48:47.943470",
  "title": "How has life in your city or village changed over the past 10 years?",
  "description": "Whether it’s infrastructure, public transport, local businesses, or community life, Bangladesh has changed a lot recently. What differences do you see in your hometown?",
  "votes": "3",
  "comments": [
    {
      "text": "Your post has been automatically put into the moderation queue for review, due to not meeting one (or more) of the subreddit rules. You can message the moderators and share the link to your post (mandatory) if you do not receive a response within a day or two.\nRule(s): Your account should have at least 5 karma points in order to submit a post.\nI am a bot, and this action was performed automatically. Please contact the moderators of this subreddit if you have any questions or concerns.",
      "votes": "1",
      "replies": []
    }
  ],
  "id": 77
}