{
  "url": "https://www.reddit.com/r/bangladesh/comments/1p5aetr/bike_rental_in_chittagong_banshkhali/",
  "hash": "6448958fd9c1d0ba29d43a8b5eeccdd4",
  "scraped_at": "2025-12-08T19:49:22.987268",
  "title": "Bike rental in Chittagong Banshkhali",
  "description": "Are there any bike rentals in banshkhali Chittagong? Me and my friends are planning a tour this winter. And we wanted to rent some bikes there. But we don't know if there are any rentals over there. We are mostly wanting to rent TVS RTR 160 4V, SUZUKI FI ABS, YAMAHA R15. Will there be any rentals over there? If anyone knows please tell me. It will be really of help if anyone can tell if we can find any rentals over there. And if anyone knows how much will it cost for 10-12 hours.",
  "votes": "2",
  "comments": [
    {
      "text": "Your post has been automatically put into the moderation queue for review, due to not meeting one (or more) of the subreddit rules. You can message the moderators and share the link to your post (mandatory) if you do not receive a response within a day or two.\nRule(s): Your account should have at least 5 karma points in order to submit a post.\nI am a bot, and this action was performed automatically. Please contact the moderators of this subreddit if you have any questions or concerns.",
      "votes": "1",
      "replies": []
    }
  ],
  "id": 79
}