{
  "url": "https://www.reddit.com/r/bangladesh/comments/1p572vd/looking_for_the_best_place_to_buy_a_bean_bag_in/",
  "hash": "d7345d69b10f5b7114d89b7d67b241e8",
  "scraped_at": "2025-12-08T19:49:41.111339",
  "title": "Looking for the best place to buy a bean bag in Bangladesh",
  "description": "I’m planning to buy a bean bag and wanted to ask for suggestions. Which store offers the best quality and comfort? I came across Beanie and it looks decent, but I’d love to hear from anyone who’s actually used their products",
  "votes": "3",
  "comments": [],
  "id": 80
}