{
  "url": "https://www.reddit.com/r/bangladesh/comments/1p4w8r9/taking_my_partner_to_sylhet_from_uk/",
  "hash": "3cd0b1b5f5756e54388b5f6c67452bef",
  "scraped_at": "2025-12-08T19:50:14.079780",
  "title": "Taking my partner to Sylhet from UK",
  "description": "I'm thinking of taking my partner from the UK to Sylhet and we will stay in a nice hotel. We are not married. Is there things I need to consider before going? Could be obvious some could not. Just need an idea what to expect. Will want to try tourist things rather than visit family so maybe a tour guide that could arrange travel to see different parts. Is there a service for that?",
  "votes": "2",
  "comments": [],
  "id": 82
}