{
  "url": "https://www.reddit.com/r/bangladesh/comments/1p4n5zv/planning_a_remotework_trip_to_dhaka_where_to_stay/",
  "hash": "45f90fb0d23808ea3ed7ae0a9994ed0a",
  "scraped_at": "2025-12-08T19:50:45.094432",
  "title": "Planning a Remote-Work Trip to Dhaka. Where to Stay & Work + Remote Work Setup. Also Offering a Virtual Assistant Opportunity",
  "description": "Hey everyone!\nI’m planning a remote-work trip to Dhaka, Bangladesh soon and would love some local insight. I’ll be working online during my stay, so I’m looking for recommendations on:\n• Safe, comfortable areas to stay (preferably close to amenities, good internet, and easy transport) • Cafés, coworking spaces, or quiet spots that are reliable for remote work • Neighborhoods with affordable short-term apartments or Airbnbs\nI’ll be working full-time remotely, so stable WiFi is a big priority. Any advice on mobile data options or ISPs for temporary travelers is also super helpful!\nAdditionally, I’m open to hiring a Virtual Assistant, preferably someone based in Dhaka. Tasks would include scheduling, basic admin, online research, and communication support. If you or someone you know might be a good fit, feel free to reach out.\nThanks in advance! Any guidance from locals or frequent visitors would be much appreciated. 🙏🏽",
  "votes": "3",
  "comments": [
    {
      "text": "I visit Dhaka while working remotely once/twice a year. The most important thing is power and internet connection. Make sure you have a good wifi network as well as a backup 4g connection. A good IPS will save your day in case of serious power cut.",
      "votes": "1",
      "replies": []
    }
  ],
  "id": 84
}