{
  "url": "https://www.reddit.com/r/bangladesh/comments/1p4khmo/%E0%A6%B2%E0%A6%A5_%E0%A6%AE%E0%A6%B0_%E0%A6%AC%E0%A6%89%E0%A6%B2_%E0%A6%B6%E0%A6%B2%E0%A6%AA%E0%A6%95_%E0%A6%AA%E0%A6%A8%E0%A6%A4_%E0%A6%AB%E0%A6%B2_%E0%A6%A6%E0%A6%B2_%E0%A6%A4%E0%A6%B9%E0%A6%A6_%E0%A6%9C%E0%A6%A8%E0%A6%A4/",
  "hash": "47f7f673f267e6c41182bd83bbf5edbb",
  "scraped_at": "2025-12-08T19:51:01.099196",
  "title": "লাথি মেরে বাউল শিল্পীকে পানিতে ফেলে দিল তৌহিদী জনতা|",
  "description": "আচ্ছা এই তৌহিদী জনতা কে? সরকার কি এদের চোখে দেখে না। সরকার এদের থামাচ্ছে না কেন?\nhttps://www.facebook.com/share/v/1ANKrE4JYK/?mibextid=wwXIfr",
  "votes": "118",
  "comments": [
    {
      "text": "",
      "votes": "1",
      "replies": []
    },
    {
      "text": "I had seen a YouTube video of a guy who had told that \"Ami aro mob korbo!\" Not related to this event but it just shows that it's becoming really easy to take law in your own hands a bit too frequently now a days",
      "votes": "37",
      "replies": [
        {
          "text": "Ato dine bukhlam hasina kan mair er upore rakhto aigulare",
          "votes": "14",
          "replies": [
            {
              "text": "হাসিনা ছিল জামাত শিবিরের ফ্যাসিস্ট। এরকম ফ্যাসিস্ট ছাড়া দেশ ২ বছরেই এই অবস্থা। ১০ বছর পর কি হবে ভেবে দেখুন।",
              "votes": "11",
              "replies": []
            }
          ]
        },
        {
          "text": "because there is no law.",
          "votes": "2",
          "replies": []
        }
      ]
    },
    {
      "text": "This is Bangladesh. Sadly, this is.",
      "votes": "16",
      "replies": []
    },
    {
      "text": "Ei lathi ta porse bangladesher er upor, ei desher culture r ei desher shekor er upor",
      "votes": "14",
      "replies": []
    },
    {
      "text": "Eta thik hoy nai",
      "votes": "5",
      "replies": []
    },
    {
      "text": "Kire bhai amra India hoiya jaitesi dekhi",
      "votes": "17",
      "replies": [
        {
          "text": "Same same but different",
          "votes": "8",
          "replies": []
        }
      ]
    },
    {
      "text": "Bhai apni kon sorkar er kotha bolchen? ei Yunus sorkar nijei ei towhidi jonotar vhokto khali khomotar lovhe boke secular",
      "votes": "15",
      "replies": []
    },
    {
      "text": "Arab wannabes at it again, huh? Dude, if the mukti bahinis of 1971 saw this happening, they'd woe as for why did they sacrifice themselves for this ungreatful nation.",
      "votes": "4",
      "replies": []
    },
    {
      "text": "জঙ্গিরাই ইউনুসের ক্ষমতার ভিত্তি । ওদের কিছু করলে জামাত, শিবির , কনডোম পার্টি ইউনুসের শাউয়া মাউয়া ছিঁড়ে ফেলবে !",
      "votes": "12",
      "replies": []
    },
    {
      "text": "Why, just why the hell is Dr yunus turning a blind eye to this . Would he let his daughter live in a county like this? I just don't understand what's in it for him, he can criticise other political parties but not this",
      "votes": "5",
      "replies": []
    },
    {
      "text": "https://www.facebook.com/share/1Fo4BJv7p3/?mibextid=wwXIfr",
      "votes": "4",
      "replies": []
    },
    {
      "text": "আলহামদুলিল্লাহ ইসলামিক 😭🙏",
      "votes": "2",
      "replies": []
    },
    {
      "text": "He should have just offered them some cake.",
      "votes": "2",
      "replies": []
    },
    {
      "text": "",
      "votes": "2",
      "replies": []
    },
    {
      "text": "Age backstory jan Keno marse.",
      "votes": "-4",
      "replies": [
        {
          "text": "বলেন শুনি backstory",
          "votes": "2",
          "replies": []
        }
      ]
    }
  ],
  "id": 85
}