{
  "url": "https://www.reddit.com/r/bangladesh/comments/1p4fqj4/%E0%A6%8F%E0%A7%9F%E0%A6%B0%E0%A6%AB%E0%A6%B0%E0%A6%B8_%E0%A6%8F%E0%A6%B0_issb_%E0%A6%8F%E0%A6%B0_%E0%A6%AA%E0%A6%B0%E0%A6%AA%E0%A6%B0%E0%A6%B6%E0%A6%A8_%E0%A6%A8%E0%A7%9F%E0%A6%B0_%E0%A6%9C%E0%A6%A8%E0%A6%AF_%E0%A6%95%E0%A6%9B_%E0%A6%AC%E0%A6%87_%E0%A6%8F%E0%A6%B0_pdf/",
  "hash": "37f6c182b9b9df7b8efd0c4d9e5f076e",
  "scraped_at": "2025-12-08T19:51:54.235402",
  "title": "এয়ারফোর্স এর Issb এর প্রিপারেশন নেয়ার জন্য কিছু বই এর pdf লাগবে!কেউ কাইন্ডলী দিতে পারবেন",
  "description": "এই প্রকাশনির বই টী main প্রায়োরিটি",
  "votes": "4",
  "comments": [
    {
      "text": "paisen?",
      "votes": "2",
      "replies": [
        {
          "text": "Na bhai",
          "votes": "1",
          "replies": []
        }
      ]
    },
    {
      "text": "Your post has been automatically put into the moderation queue for review, due to not meeting one (or more) of the subreddit rules. You can message the moderators and share the link to your post (mandatory) if you do not receive a response within a day or two.\nRule(s): Your account should have at least 5 karma points in order to submit a post.\nI am a bot, and this action was performed automatically. Please contact the moderators of this subreddit if you have any questions or concerns.",
      "votes": "1",
      "replies": []
    },
    {
      "text": "রিটেন & প্রিলি মেডিকেল ভাইভা পাস করে থাকলে ফাইটার্স ISSB গাইড কিনুন। যাস্ট এই একটা বই ভালোভাবে শেষ করুন। আইকিউ টেস্টের স্পেশাল প্রিপারেশন এর জন্য Myacademy নামের একটা ওয়েবসাইটে online issb কোরস পাওয়া যায়। রিয়েল টেস্টের মত আইকিউ মক টেস্ট দেয়া যায় & ব্যাখ্যা সহ উত্তর থাকে। ফিউচার অফিসার কখনো পাইরেটেড পিডিএফ/ শর্টকাট/ সস্তা জিনিস খুজেনা। আল দ্যা বেস্ট",
      "votes": "1",
      "replies": []
    }
  ],
  "id": 88
}