{
  "url": "https://www.reddit.com/r/bangladesh/comments/1p4flxr/%E0%A6%95%E0%A6%9C_%E0%A6%B2%E0%A6%97%E0%A6%A4_%E0%A6%B9%E0%A6%AC%E0%A6%87_%E0%A6%B6%E0%A6%B0%E0%A6%AE%E0%A6%95_%E0%A6%95%E0%A6%B0%E0%A6%AE_%E0%A6%AA%E0%A6%B0%E0%A6%95%E0%A6%B6%E0%A6%B2_%E0%A6%95%E0%A6%9C_%E0%A6%B2%E0%A6%97%E0%A6%B2_%E0%A6%A6%E0%A6%B6_%E0%A6%8F%E0%A6%97%E0%A7%9F_%E0%A6%A6%E0%A6%AC%E0%A6%A4%E0%A7%9F_%E0%A6%9C%E0%A6%AA%E0%A6%A8/",
  "hash": "286da19fca29c1de14bc4d53f64dcd9d",
  "scraped_at": "2025-12-08T19:52:10.944105",
  "title": "কাজে লাগাতে হবেই> শ্রমিক , কর্ম , প্রকৌশল কাজে লাগালে , দেশ এগিয়ে দ্বিতীয় জাপান হওয়া সম্ভব ;",
  "description": "আপনাদের কি মতামত? জানতে চাই। আমরা এখনও জাপানের জন্য অপেক্ষা করি , কেন? ধালাই লোহা দিয়ে সব কিছুই সম্ভব । পার্টস , ইঞ্জিন , এমন কি আস্তা গাড়ি আপনি বানাতে পারেন । জুলহাস যেমন বানিয়েছে ক্রাফট , লোকাল স্টুডেন্ট রাও এগিয়ে আসতে পারে। কাউকে না কাউকে করতেই হবে।",
  "votes": "0",
  "comments": [
    {
      "text": "২য় জাপান হওয়ার ধান্দা বাদ দে ভাই, পারলে জাপান যা, না পারলে লিবিয়া থেকে ইতালি",
      "votes": "1",
      "replies": [
        {
          "text": "আমি বাংলাদেশ হতেই ভালোবাসি, দীতিয় জাপান বলাটা একটা নিছক কথার খেলা অথবা শ্রুতি মধুর ছোলাকলা, আমি বাংলাদেশ কে এগিয়ে যাবার ক্ষেত্রে মানুষকে মোটিভেট করতে চেয়েছি; আপনিও করতে পারেন মানুষের পাশে দাঁড়াতে । অ্যাপ, সাইট, ডেভেলপ, মেকানিকাল, প্রফেশনাল ইত্যাদি এই পৃথিবীর চিন্তা ভাবনা । আমরা কি আন্দোলন ই করব নাকি আমাদের কিছু করার নেই আর?",
          "votes": "0",
          "replies": []
        }
      ]
    },
    {
      "text": "There are lots of invisible forces at play. Wont be easy.",
      "votes": "1",
      "replies": [
        {
          "text": "True but we can try still",
          "votes": "1",
          "replies": []
        }
      ]
    }
  ],
  "id": 89
}