{
  "url": "https://www.reddit.com/r/bangladesh/comments/1pgcens/custom_made_bangladesh_football_teams_jersey/",
  "hash": "471425bc81a4170b6364ec35c62becbc",
  "scraped_at": "2025-12-08T19:27:29.168422",
  "title": "Custom made Bangladesh football team's jersey.",
  "description": "Salam everyone, I hope everyone's doing well. I was hoping to get good quality Bangladesh football team's home jersey for my family back overseas. I want to custom write names and jersey number on each and everyone of them. I do prefer quality very much and they have to be machine washable (i.e. even the names on the back of the jersey should be durable). If any one of you know a place where I can get them, please let me know. Thank you very much for your time.",
  "votes": "1",
  "comments": [],
  "id": 9
}