{
  "url": "https://www.reddit.com/r/bangladesh/comments/1p4ezud/is_there_any_photobooths_for_couples_in_dhaka/",
  "hash": "9a158301e50ce2518819d3c198142ef6",
  "scraped_at": "2025-12-08T19:52:26.531493",
  "title": "Is There Any Photobooths For Couples in Dhaka??",
  "description": "Title",
  "votes": "6",
  "comments": [
    {
      "text": "If you asking for photobooths which takes retro clips in polaroid strips, there is one at Mirpur 1 Sony Cinemahall 3rd Flr. Price is absurd though",
      "votes": "5",
      "replies": [
        {
          "text": "Let me know the price bruv",
          "votes": "1",
          "replies": [
            {
              "text": "If I recall properly 450/= for 5 polaroids in a strip.",
              "votes": "2",
              "replies": []
            }
          ]
        }
      ]
    },
    {
      "text": "Shimanto Shambhar. We paid 350 BDT for 10 photos.",
      "votes": "4",
      "replies": []
    },
    {
      "text": "Shimanto square top floor e . marvel land may be.",
      "votes": "2",
      "replies": []
    },
    {
      "text": "Shimanto, Sony in Mirpur and Unimart",
      "votes": "2",
      "replies": []
    }
  ],
  "id": 90
}