{
  "url": "https://www.reddit.com/r/bangladesh/comments/1p455sb/which_public_university_i_should_apply/",
  "hash": "5013a8d107da036980644b49fafc1723",
  "scraped_at": "2025-12-08T19:52:42.321791",
  "title": "Which public university i should apply",
  "description": "Ami ssc and hsc science theke exam disi, amr total gpa 7.34 which is not good, but kichu korar nai amr porasuna e emn, ekhon amr kon public university te admition noewa dorkar\nNB ami eto ajaira badaimmar moto ghursi kono preparation nei nai",
  "votes": "0",
  "comments": [
    {
      "text": "start preparing first. Give exam to the ones where u are eligible. Eligibility will be a big issue with this kind of cgpa. Look into the circulars of previous year admissions. You will get an idea.",
      "votes": "1",
      "replies": []
    }
  ],
  "id": 91
}