{
  "url": "https://www.reddit.com/r/bangladesh/comments/1p3fulj/where_can_i_get_this_made_sylhet/",
  "hash": "7afe3e292b3802c4b9016e418530d5c9",
  "scraped_at": "2025-12-08T19:54:03.857798",
  "title": "where can i get this made (sylhet)",
  "description": "my dad will be going bangladesh before my graduation and i really want this made, where can i get it made in sylhet or anywhere else in desh that can post it to sylhet.\nIMAGE SOURCE: www.tiktok.com",
  "votes": "2",
  "comments": [
    {
      "text": "",
      "votes": "1",
      "replies": []
    }
  ],
  "id": 95
}