{
  "url": "https://www.reddit.com/r/bangladesh/comments/1p3a0ok/bangladeshi_channels_in_canada/",
  "hash": "a72a7f0ba3af60d600ff096cc2f5d58e",
  "scraped_at": "2025-12-08T19:54:32.851015",
  "title": "Bangladeshi Channels in Canada",
  "description": "Can anybody here suggest some ip tv providers in Quebec, Canada to see Bangladeshi Channels? Please suggest if there is any other way to access them. Thanks!",
  "votes": "2",
  "comments": [
    {
      "text": "BTV streams on their website for free: https://www.btvlive.gov.bd/channel/BTV\nA few of them have a livestream on their website or YouTube channel:\nJamuna TV: https://www.youtube.com/@JamunaTVbd\nRTV: https://www.youtube.com/@RtvLiveBD\nSomoy TV: https://www.youtube.com/@SOMOYTVBulletin\nChannel24: https://www.youtube.com/@channel24digital\nEkushey TV: https://www.ekushey-tv.com/etvlive/\nEkattor TV: https://www.youtube.com/channel/UCtqvtAVmad5zywaziN6CbfA",
      "votes": "3",
      "replies": []
    }
  ],
  "id": 96
}