{
  "url": "https://www.reddit.com/r/bangladesh/comments/1p35y7d/where_can_i_find_a_nintendo_3ds_near_dhaka/",
  "hash": "99f35bb9e7f2533769931d8353fee893",
  "scraped_at": "2025-12-08T19:54:59.420994",
  "title": "Where can I find a Nintendo 3DS near Dhaka?",
  "description": "I really want to buy a 3DS. But I just couldn't find any online. I also checked some offline game shops, but they didn't have it either. Is there any way to get it? I mean even a used or refurbished one is fine.",
  "votes": "1",
  "comments": [
    {
      "text": "Your post has been automatically put into the moderation queue for review, due to not meeting one (or more) of the subreddit rules. You can message the moderators and share the link to your post (mandatory) if you do not receive a response within a day or two.\nRule(s): Your account should have at least 5 karma points in order to submit a post.\nI am a bot, and this action was performed automatically. Please contact the moderators of this subreddit if you have any questions or concerns.",
      "votes": "1",
      "replies": []
    }
  ],
  "id": 97
}