{
  "url": "https://www.reddit.com/r/bangladesh/comments/1p35dy2/what_are_some_stereotypes_about_khulna_and_its/",
  "hash": "7b1e713cd73ea917d5479d867fb036fc",
  "scraped_at": "2025-12-08T19:55:20.914987",
  "title": "What are some stereotypes about Khulna and its residents?",
  "description": "Hey, so in our uni we were assigned to prepare a presentation on a district of Bangladesh, talk about some of the stereotypes around it and debunk them. So we picked Khulna, but have been struggling to find any common stereotypes. So any help would be appreciated.",
  "votes": "2",
  "comments": [],
  "id": 98
}