{
  "url": "https://www.reddit.com/r/bangladesh/comments/1p34d4d/earthquake/",
  "hash": "6d2c9d2ba84e84f843d551f4a84b518d",
  "scraped_at": "2025-12-08T19:55:39.104000",
  "title": "Earthquake",
  "description": "Are there any chances of another earthquake happening like the one today? I have been hearing many people saying that something like a aftershock or a mainshock will happen. If another earthquak happens will it be a small or a big one? I have also seen many news accounts say that a 9 magnitude earthquake might happen.",
  "votes": "7",
  "comments": [
    {
      "text": "It's not possible to predict earthquakes with certainty.",
      "votes": "11",
      "replies": [
        {
          "text": "we do remember though onetime in science fair someone got prize in bd for that :xD They told a vibration sensor in phones can detect earthquake. Anyway it was their ignorance of not knowing about P-Waves :D\nIf someone finds a way to measure it they will get noble prize",
          "votes": "3",
          "replies": []
        }
      ]
    },
    {
      "text": "",
      "votes": "5",
      "replies": []
    },
    {
      "text": "Maybe or maybe not. Anything can happen.",
      "votes": "2",
      "replies": []
    },
    {
      "text": "dying before sitting for du exam gon be insane for me (this pressure is too much for me)",
      "votes": "2",
      "replies": []
    },
    {
      "text": "We don't have such tech to predict something like that. So far people can only issue warning once an earthquake has already started - USGS. The magnitude-9 one people always parrot is from studies done already a decade prior [1]. Currently we can only forecast which regions are risky and roughly how strong a possible earthquake would be. But that can be occur today, tomorrow or maybe 100 years later.",
      "votes": "1",
      "replies": []
    }
  ],
  "id": 99
}